Coordinates
version=1
nRows=367
nColumns=36
inDegrees=yes

Units are S.I. units (second, meters, Newtons, ...)
If the header above contains a line with 'inDegrees', this indicates whether rotational values are in degrees (yes) or radians (no).

endheader
time	pelvis_tilt	pelvis_list	pelvis_rotation	pelvis_tx	pelvis_ty	pelvis_tz	hip_flexion_r	hip_adduction_r	hip_rotation_r	knee_angle_r	knee_angle_r_beta	ankle_angle_r	subtalar_angle_r	mtp_angle_r	hip_flexion_l	hip_adduction_l	hip_rotation_l	knee_angle_l	knee_angle_l_beta	ankle_angle_l	subtalar_angle_l	mtp_angle_l	lumbar_extension	lumbar_bending	lumbar_rotation	arm_flex_r	arm_add_r	arm_rot_r	elbow_flex_r	pro_sup_r	arm_flex_l	arm_add_l	arm_rot_l	elbow_flex_l	pro_sup_l
      0.00000000	      6.35028402	      1.31279241	     -0.64870759	     -2.16221226	      1.06031205	     -0.23613953	     -6.34843498	     -0.43380584	     -0.80072121	      5.01140859	      0.08746558	      8.68576314	     -2.13511257	     -6.38736843	     -4.50775670	      2.05043910	      1.03784151	      6.68055485	      0.11659768	      9.29980478	     -4.79924733	     -6.38736843	    -12.06417835	     -1.46247367	      0.93485208	     -0.41627821	     -8.39320023	      5.35553473	     19.62815915	     84.73706948	     -1.11780317	     -8.63898676	      3.97745444	     19.96754736	     81.55585065
      0.01666670	      5.88118417	      0.32436723	     -0.91150870	     -2.15855281	      1.05865630	     -0.23645576	     -6.89129450	      0.95380913	      0.13798079	      2.89409001	      0.05051140	      8.98045666	     -2.73992210	     -6.56162153	     -5.35586158	      1.17938286	      2.24075990	      4.22174740	      0.07368339	      9.88983407	     -4.62164049	     -6.56162153	    -11.35378258	     -0.53946023	      1.54881913	     -0.50438985	     -8.44622174	      6.19098488	     18.48639787	     83.50815274	     -1.50864843	     -8.04475715	      4.84851778	     19.39551191	     80.01704500
      0.03333330	      4.68748919	      0.09517536	     -1.24338032	     -2.15494519	      1.05836308	     -0.23610297	     -6.09007720	      1.37189499	      0.13077591	      1.99937622	      0.03489570	      8.33329800	     -2.32933171	     -6.64841494	     -5.00485908	      0.96008750	      2.70870840	      2.30137065	      0.04016650	      8.83018294	     -4.48166573	     -6.64841494	     -9.67634991	     -0.16514560	      1.81695962	     -0.81065868	     -8.47936361	      7.06738046	     17.60550446	     83.21603349	     -1.67721022	     -7.72246526	      5.54003992	     18.85387234	     79.25203205
      0.05000000	      4.03776316	      0.03305537	     -1.06679659	     -2.15163538	      1.05643582	     -0.23583759	     -5.63265804	      1.57903857	     -0.38111649	      1.61305698	      0.02815316	      8.54178358	     -1.56905308	     -6.87006138	     -4.73971230	      0.88309412	      3.31972407	      1.42327748	      0.02484088	      8.77907666	     -4.19423007	     -6.87006138	     -8.67305173	      0.02157528	      1.46969551	     -1.08091566	     -8.33028713	      7.51287179	     17.36913449	     79.78124567	     -1.97987510	     -7.55884245	      5.65270016	     19.04839554	     76.03776662
      0.06666670	      3.51780276	     -0.00827723	     -1.22440742	     -2.14924828	      1.05444151	     -0.23529402	     -5.14012098	      1.75176849	     -0.17572187	      1.54930007	      0.02704039	      8.95559051	     -1.39871683	     -7.00235270	     -4.34680974	      0.85152094	      3.32800832	      1.19009416	      0.02077106	      9.17655637	     -3.62971922	     -7.00235270	     -7.86579806	      0.07963828	      1.61346454	     -1.29601970	     -8.16359914	      8.09302316	     16.94261452	     77.64539207	     -2.20108928	     -7.38248595	      5.71144655	     19.26272726	     73.95757517
      0.08333330	      2.74874498	      0.00121307	     -1.47661359	     -2.14811916	      1.05233259	     -0.23477747	     -4.29300597	      1.81905654	      0.12746127	      1.64702858	      0.02874607	      9.09400263	     -1.57816966	     -7.25363295	     -3.61247680	      0.86371692	      3.10811885	      1.12269799	      0.01959478	      9.26053941	     -3.21250842	     -7.25363295	     -6.67609319	      0.15419960	      1.28718464	     -1.00296718	     -8.16982999	     11.15288720	     15.80634547	     76.78599240	     -2.64846686	     -7.35496282	      6.82778233	     19.08590947	     71.52794994
      0.10000000	      2.32723358	      0.01801058	     -1.66607987	     -2.14769579	      1.05132013	     -0.23433380	     -3.82977859	      1.85891985	      0.46075973	      1.67848572	      0.02929510	      9.02393958	     -1.89354704	     -7.39181916	     -3.20949940	      0.86288404	      2.80589271	      1.12073529	      0.01956052	      9.37015502	     -2.69846596	     -7.39181916	     -6.09871626	      0.16930405	      1.26638670	     -1.01117586	     -8.07001418	     12.54512158	     15.53283456	     72.58749734	     -3.04665212	     -7.32986684	      7.37265383	     19.55413050	     68.20508926
      0.11666670	      1.82651324	      0.04428224	     -1.86700246	     -2.14631811	      1.05146754	     -0.23382369	     -3.26462606	      1.87343956	      0.63615618	      1.76716543	      0.03084286	      9.11724981	     -1.75686338	     -7.45546950	     -2.72062258	      0.86257744	      2.47453754	      1.13236349	      0.01976347	      9.34054688	     -2.37944259	     -7.45546950	     -5.40757784	      0.14418309	      1.40716741	     -1.15040754	     -7.98281546	     12.33208916	     15.41727259	     74.31450102	     -3.29912258	     -7.16798309	      6.62881293	     19.54472499	     68.98389590
      0.13333330	      1.36187765	      0.06063707	     -2.05270963	     -2.14413391	      1.05176900	     -0.23322045	     -2.76706855	      1.89895282	      0.95309935	      1.82273274	      0.03181269	      9.08262788	     -1.89222745	     -7.47362588	     -2.28195823	      0.84043520	      2.20544990	      1.13446347	      0.01980012	      9.35272055	     -2.08758281	     -7.47362588	     -4.75149049	      0.13527340	      1.48824762	     -1.25914562	     -7.91164576	     12.85158018	     15.39405772	     71.56730012	     -3.61969908	     -7.09851319	      6.69221514	     19.68177071	     67.09444859
      0.15000000	      1.02134801	      0.10317467	     -2.24376051	     -2.14271734	      1.05097960	     -0.23258590	     -2.40586996	      1.88927282	      1.23003806	      1.86802602	      0.03260320	      9.15785271	     -1.90179429	     -7.48226654	     -1.96917772	      0.83894794	      1.73564142	      1.13342362	      0.01978197	      9.53136695	     -1.45447902	     -7.48226654	     -4.30559622	      0.05364832	      1.66611880	     -1.47230467	     -7.90272734	     13.10114090	     15.73363371	     69.60507145	     -3.81162257	     -7.01248824	      6.43048902	     19.78766827	     65.77636900
      0.16666670	      0.62594016	      0.11425773	     -2.35419341	     -2.14293470	      1.04911125	     -0.23209290	     -1.98386686	      1.92024065	      1.39040028	      1.91883484	      0.03348999	      9.12282976	     -1.98799132	     -7.49661396	     -1.56127104	      0.81221384	      1.75703687	      1.16554597	      0.02034261	      9.50429115	     -1.48989703	     -7.49661396	     -3.73008399	      0.02509953	      1.60622401	     -1.42926450	     -7.91326956	     14.76653170	     15.73356828	     66.57723541	     -4.12488108	     -7.12258385	      7.14951099	     20.05615069	     64.09951353
      0.18333330	      0.11314122	      0.15325541	     -2.57530738	     -2.14406238	      1.04781533	     -0.23161872	     -1.39024608	      1.92032742	      1.65737232	      2.05270152	      0.03582640	      9.24179665	     -2.02882104	     -7.49795411	     -0.99216167	      0.81352160	      1.29167915	      1.24354584	      0.02170397	      9.73959773	     -0.96015018	     -7.49795411	     -2.98019828	      0.02239540	      1.71941168	     -1.38653543	     -7.98249363	     15.79986547	     15.54046231	     67.12022241	     -4.16986852	     -7.10599847	      7.64327039	     19.71067290	     64.44278812
      0.20000000	     -0.18955335	      0.18073274	     -2.75288589	     -2.14468834	      1.04822448	     -0.23120309	     -1.03246003	      1.92378466	      1.79520483	      2.18924171	      0.03820948	      9.29633033	     -1.94347543	     -7.49882506	     -0.65381977	      0.80998444	      1.13863570	      1.26528269	      0.02208335	      9.89952597	     -0.85729160	     -7.49882506	     -2.58614715	     -0.01095514	      1.63242170	     -1.30604923	     -7.98285774	     16.18980296	     15.78009231	     67.04187874	     -4.37663523	     -7.17932202	      7.90908395	     19.93765661	     64.54211726
      0.21666670	     -0.57431006	      0.21884810	     -2.88262327	     -2.14422519	      1.04953060	     -0.23088164	     -0.61500674	      1.92715965	      1.91781207	      2.32472693	      0.04057414	      9.44551209	     -1.94843194	     -7.49951559	     -0.23108328	      0.81287531	      0.92116938	      1.26442563	      0.02206839	      9.81790704	     -0.53721270	     -7.49951559	     -2.06685141	     -0.02048294	      1.74604371	     -1.26065624	     -8.01959422	     16.99923579	     15.64220056	     66.24128735	     -4.26879761	     -7.15888676	      8.16791118	     19.58274775	     64.08106124
      0.23333330	     -1.26603225	      0.28259660	     -2.83639589	     -2.14344040	      1.05030834	     -0.23076528	      0.09719168	      1.91058732	      1.65298505	      2.43344534	      0.04247163	      9.49372680	     -1.74028536	     -7.49987055	      0.54692506	      0.83890139	      1.13982452	      1.32757070	      0.02317048	      9.63760964	     -0.83840691	     -7.49987055	     -1.06944190	     -0.08004692	      1.85896787	     -1.53444725	     -7.87610892	     16.71538903	     15.65454511	     62.87025712	     -4.02222982	     -6.81102094	      6.72799429	     18.66937334	     61.65540557
      0.25000000	     -1.24688759	      0.27662480	     -3.08837294	     -2.14326034	      1.05086719	     -0.23030423	      0.09663140	      1.94509468	      1.97132033	      2.59363840	      0.04526753	      9.55674091	     -1.90804834	     -7.49995486	      0.45173551	      0.79346892	      0.50704860	      1.23764868	      0.02160104	      9.90827261	      0.05460226	     -7.49995486	     -1.14909924	     -0.03837828	      1.76556802	     -1.20586026	     -7.86495930	     16.23895440	     15.35789950	     68.27372376	     -4.29936737	     -7.04804539	      7.48303522	     19.13390786	     65.82750735
      0.26666670	     -1.46215333	      0.29595606	     -3.22483386	     -2.14295679	      1.05064887	     -0.23004354	      0.32637417	      1.95472205	      2.12868701	      2.69713559	      0.04707390	      9.64684411	     -1.90635192	     -7.49996446	      0.65143979	      0.77717536	      0.15239014	      1.23611409	      0.02157426	      9.97384127	      0.41909089	     -7.49996446	     -0.84375755	     -0.05975365	      1.92588616	     -1.23372592	     -7.84236841	     16.38922718	     15.34339640	     67.56889608	     -4.28283739	     -6.99330626	      7.35769564	     18.92750748	     65.30917672
      0.28333330	     -1.83221835	      0.33271311	     -3.27767984	     -2.14229811	      1.04997763	     -0.22985202	      0.73034859	      1.95409891	      2.19068203	      2.81393676	      0.04911246	      9.61379939	     -2.09312719	     -7.49997358	      1.00717389	      0.76825720	      0.06155590	      1.22863620	      0.02144375	      9.95225422	      0.45950236	     -7.49997358	     -0.28921232	     -0.07732495	      1.87247412	     -1.18083474	     -7.80740266	     17.08672114	     14.99050356	     67.25109985	     -4.37589369	     -7.00979739	      7.87566203	     18.62656159	     65.12824217
      0.30000000	     -2.05032078	      0.36132022	     -3.36676183	     -2.14203214	      1.04912003	     -0.22975974	      0.97654691	      1.94489780	      2.35757860	      2.91493843	      0.05087527	      9.64003376	     -2.22859211	     -7.49998297	      1.20433024	      0.76483350	     -0.15389813	      1.22978712	      0.02146383	      9.88740648	      0.56566318	     -7.49998297	      0.02871554	     -0.09991435	      1.96746406	     -1.20295161	     -7.83045351	     17.63945305	     14.93883854	     66.23609975	     -4.43970892	     -6.99481575	      8.09542598	     18.53260234	     64.36971830
      0.31666670	     -2.18054555	      0.38321845	     -3.40755366	     -2.14241855	      1.04810876	     -0.22982250	      1.15605612	      1.92849388	      2.27739143	      3.05739275	      0.05336157	      9.81754869	     -2.04037480	     -7.49998735	      1.32264074	      0.75792127	     -0.37037758	      1.24598458	      0.02174653	      9.87549585	      0.74496639	     -7.49998735	      0.22120163	     -0.13133060	      2.04493559	     -1.28951000	     -7.80325762	     17.69521800	     14.99572357	     65.36083739	     -4.49282060	     -6.95051043	      7.89977906	     18.51265414	     63.71611339
      0.33333330	     -2.45991160	      0.42160418	     -3.48595408	     -2.14289547	      1.04742358	     -0.22994381	      1.51944889	      1.90513030	      2.39731707	      3.22533508	      0.05629272	      9.84065935	     -2.13711529	     -7.49999042	      1.63409929	      0.75982421	     -0.67959253	      1.31081222	      0.02287799	      9.94725330	      0.98093653	     -7.49999042	      0.62703818	     -0.12766497	      2.05887046	     -1.24905309	     -7.81739427	     18.18843400	     14.72548616	     65.39411249	     -4.52568861	     -6.94638932	      8.40004911	     18.20400888	     63.79268277
      0.35000000	     -2.65624561	      0.45148420	     -3.49135751	     -2.14304471	      1.04719958	     -0.23014332	      1.79941903	      1.88488832	      2.39166438	      3.41216168	      0.05955346	      9.92550469	     -2.13565593	     -7.49999327	      1.86451483	      0.75956014	     -0.82895632	      1.37585827	      0.02401326	     10.00571892	      1.11821318	     -7.49999327	      0.87344672	     -0.14801983	      2.11614116	     -1.27844018	     -7.82176306	     18.47661743	     14.63027051	     65.20243948	     -4.54017864	     -6.95839038	      8.58297704	     18.17231579	     63.68732752
      0.36666670	     -2.82021615	      0.46542335	     -3.48937297	     -2.14259810	      1.04780411	     -0.23039543	      2.02613690	      1.87574219	      2.36202177	      3.59113374	      0.06267711	     10.03088191	     -2.10507441	     -7.49999612	      2.03908920	      0.74807638	     -0.97521095	      1.42235595	      0.02482479	     10.01578402	      1.25350556	     -7.49999612	      1.09192892	     -0.14755082	      2.18535103	     -1.33249347	     -7.87959794	     18.91528833	     14.63236353	     64.64899295	     -4.49460882	     -6.95117854	      8.91720395	     18.07536388	     63.22267063
      0.38333330	     -3.08309536	      0.52219898	     -3.76024107	     -2.14143528	      1.04804725	     -0.23017552	      2.35563854	      1.85242092	      2.71127638	      3.75347411	      0.06551048	      9.97055718	     -2.16207979	     -7.49999768	      2.28070892	      0.74951796	     -1.84962541	      1.48193279	      0.02586461	     10.29069360	      2.05813393	     -7.49999768	      1.47429837	     -0.20834594	      2.67138623	     -1.51649501	     -7.85482013	     18.82692219	     14.59985971	     63.36183147	     -4.53857170	     -6.82613545	      8.28627275	     18.22114055	     62.18347181
      0.40000000	     -3.22824979	      0.50156167	     -3.48793108	     -2.13988937	      1.04760164	     -0.23047502	      2.50030394	      1.87170646	      2.51165499	      3.88509502	      0.06780770	     10.13837511	     -2.23995484	     -7.49999833	      2.41642038	      0.73859079	     -1.11482874	      1.48788020	      0.02596841	     10.11970496	      1.43871757	     -7.49999833	      1.71962693	     -0.13328063	      2.19386518	     -1.40835488	     -7.91109886	     19.43836002	     14.38787943	     63.88859077	     -4.54882363	     -6.88248734	      9.14530510	     17.86042155	     62.63736638
      0.41666670	     -3.39862573	      0.53078953	     -3.53391077	     -2.13827221	      1.04712170	     -0.23016005	      2.69102416	      1.86777105	      2.64732069	      4.01772574	      0.07012254	     10.20212815	     -2.27986065	     -7.49999875	      2.54496529	      0.74177843	     -1.29280755	      1.48809939	      0.02597223	     10.23145087	      1.64285924	     -7.49999875	      2.01013569	     -0.14553195	      2.21420503	     -1.52195899	     -7.88515512	     19.46272872	     14.38025978	     63.69654484	     -4.63137587	     -6.81233436	      9.07714938	     17.77278373	     62.40627640
      0.43333330	     -3.63448291	      0.57009728	     -3.52099978	     -2.13724863	      1.04680294	     -0.23008780	      2.93429493	      1.84165457	      2.66707454	      4.12839867	      0.07205415	     10.27347641	     -2.28722580	     -7.49999911	      2.74148432	      0.76566089	     -1.28204868	      1.47348787	      0.02571721	     10.25879345	      1.69337862	     -7.49999911	      2.40575823	     -0.15149702	      2.26584048	     -1.64587879	     -7.90925674	     19.56875606	     14.19282662	     63.83376703	     -4.70562647	     -6.79918462	      9.23284775	     17.68518430	     62.40420270
      0.45000000	     -3.82239622	      0.59236740	     -3.51112994	     -2.13706209	      1.04672185	     -0.23004069	      3.10934183	      1.83596840	      2.70221931	      4.19540303	      0.07322360	     10.33189903	     -2.26245022	     -7.49999930	      2.88537027	      0.76525894	     -1.36683416	      1.45220348	      0.02534573	     10.31835354	      1.87773405	     -7.49999930	      2.73918637	     -0.15361825	      2.18252025	     -1.73824916	     -7.88114728	     19.60238324	     14.08916651	     63.70882567	     -4.83759021	     -6.76223472	      9.18427331	     17.58748425	     62.21388946
      0.46666670	     -3.92373346	      0.61711607	     -3.49857783	     -2.13745101	      1.04667359	     -0.23011536	      3.21995276	      1.80916083	      2.62415704	      4.28583458	      0.07480192	     10.57406229	     -1.94306777	     -7.49999942	      2.93346021	      0.78196334	     -1.34001981	      1.41278397	      0.02465773	     10.32125455	      1.86161221	     -7.49999942	      2.89860807	     -0.16005870	      2.15168015	     -1.81392867	     -7.88218070	     19.60161329	     14.09643655	     63.35902839	     -4.92364020	     -6.70829943	      8.97922718	     17.62500468	     61.92363542
      0.48333330	     -4.21612525	      0.64737040	     -3.48852784	     -2.13772460	      1.04621669	     -0.23012875	      3.54028452	      1.80259751	      2.76944558	      4.37492343	      0.07635682	     10.52938903	     -2.13874863	     -7.49999955	      3.20540079	      0.78129950	     -1.51199862	      1.43068742	      0.02497021	     10.41737121	      2.09864536	     -7.49999955	      3.35160368	     -0.16731372	      2.12364201	     -1.84138617	     -7.82372048	     19.87818527	     13.79966028	     63.29168697	     -5.02529969	     -6.66404558	      9.18352032	     17.39383764	     61.81078941
      0.50000000	     -4.40773352	      0.67548145	     -3.47248324	     -2.13781681	      1.04539130	     -0.23005132	      3.76982688	      1.78447843	      2.80505579	      4.47522945	      0.07810749	     10.60393397	     -2.09428373	     -7.49999973	      3.37586991	      0.79330595	     -1.46968179	      1.45568662	      0.02540652	     10.49055534	      2.13887836	     -7.49999973	      3.60668161	     -0.15693475	      2.07307871	     -1.86236740	     -7.88476604	     20.13605865	     13.78889864	     62.52516843	     -5.16327809	     -6.61049478	      9.01972042	     17.38697991	     61.27851077
      0.51666670	     -4.51484709	      0.68679727	     -3.47128338	     -2.13770666	      1.04450245	     -0.22980064	      3.90329058	      1.78982637	      2.89361422	      4.56942795	      0.07975156	     10.70108417	     -2.13736489	     -7.49999980	      3.46457044	      0.77979560	     -1.59605600	      1.49357237	      0.02606776	     10.60031528	      2.33779502	     -7.49999980	      3.78309080	     -0.18298251	      2.11997943	     -1.83355314	     -7.87870919	     20.66629238	     13.65340464	     62.66633161	     -5.23080597	     -6.70078862	      9.61019320	     17.38359414	     61.39688068
      0.53333330	     -4.72701416	      0.71653721	     -3.36010376	     -2.13766436	      1.04321355	     -0.22980387	      4.14332496	      1.76279869	      2.82440496	      4.63997231	      0.08098279	     10.82829473	     -2.08619494	     -7.49999983	      3.67619587	      0.80277003	     -1.18228242	      1.51746813	      0.02648482	     10.52008154	      1.87769196	     -7.49999983	      4.07852468	     -0.21531559	      2.04426495	     -1.87708022	     -7.81153699	     20.40125692	     13.71308225	     61.75651771	     -5.32609721	     -6.59297277	      8.81011276	     17.39301017	     60.70703564
      0.55000000	     -4.91661199	      0.76167604	     -3.44481245	     -2.13762721	      1.04210992	     -0.22959225	      4.38245091	      1.74286101	      2.92838520	      4.72850901	      0.08252805	     10.89997106	     -2.01388203	     -7.49999985	      3.87785761	      0.80917917	     -1.68993923	      1.58810643	      0.02771769	     10.81354518	      2.58262692	     -7.49999985	      4.36000206	     -0.24617841	      2.04130505	     -1.80904386	     -7.80891572	     20.90452135	     13.47438550	     61.88916895	     -5.45893736	     -6.63294090	      9.19472351	     17.26616118	     60.80942781
      0.56666670	     -5.08001406	      0.79275979	     -3.52795760	     -2.13756883	      1.04161508	     -0.22934188	      4.60311263	      1.72850313	      3.02357367	      4.83047975	      0.08430778	     11.01713541	     -1.89582736	     -7.49999986	      4.05175228	      0.81248730	     -2.02007589	      1.63303566	      0.02850185	     11.01550800	      3.04665957	     -7.49999986	      4.54785454	     -0.25411525	      2.20001000	     -1.86073251	     -7.83343539	     20.85994581	     13.56637107	     61.48856292	     -5.49159057	     -6.56029635	      8.77710188	     17.23994278	     60.51932257
      0.58333330	     -5.31170656	      0.81940708	     -3.46229516	     -2.13728173	      1.04119805	     -0.22896502	      4.86954456	      1.71769794	      3.02253341	      4.89573414	      0.08544668	     11.05365603	     -1.91645830	     -7.49999986	      4.30484384	      0.82709898	     -1.73720610	      1.65268191	      0.02884474	     10.93814952	      2.73893700	     -7.49999986	      4.85342588	     -0.26821765	      2.07252911	     -1.79521684	     -7.84859774	     21.32765815	     13.45910059	     62.16044549	     -5.55602996	     -6.67085045	      9.68874404	     17.09313261	     60.97643771
      0.60000000	     -5.39961107	      0.82973764	     -3.49828715	     -2.13645331	      1.04174701	     -0.22835653	      4.96934146	      1.72956549	      3.12802919	      4.92545081	      0.08596533	     11.08830844	     -1.95136049	     -7.49999987	      4.38688193	      0.81761968	     -1.70561806	      1.65613169	      0.02890495	     10.95219387	      2.73762405	     -7.49999987	      4.93221437	     -0.28568776	      2.13940183	     -1.81434160	     -7.85312536	     21.31246152	     13.58621464	     61.99118955	     -5.62276787	     -6.66603910	      9.47954179	     17.12719648	     60.80483989
      0.61666670	     -5.53010217	      0.84843591	     -3.43346626	     -2.13501546	      1.04222956	     -0.22805151	      5.10613945	      1.71189496	      2.89522998	      4.95974650	      0.08656391	     11.26425431	     -1.52029023	     -7.49999987	      4.51022036	      0.82757638	     -1.61776472	      1.63618404	      0.02855680	     11.00470207	      2.77922572	     -7.49999987	      5.11279800	     -0.30101906	      1.99868626	     -1.78526988	     -7.80219767	     21.30273911	     13.49531079	     61.74312229	     -5.69077368	     -6.64251151	      9.34750179	     17.09212396	     60.62408105
      0.63333330	     -5.68745855	      0.87604973	     -3.45508956	     -2.13332670	      1.04210232	     -0.22782738	      5.25790606	      1.71235843	      3.01698942	      4.95936408	      0.08655723	     11.26535964	     -1.59144098	     -7.49999987	      4.64241936	      0.82782343	     -1.75002603	      1.59963068	      0.02791882	     11.11588701	      3.08415278	     -7.49999987	      5.34926326	     -0.32226792	      1.99407589	     -1.86176903	     -7.77428489	     21.39275627	     13.46386634	     61.57763396	     -5.79041218	     -6.60923040	      9.17747970	     17.00764735	     60.48251414
      0.65000000	     -5.83485852	      0.88076513	     -3.43821304	     -2.13198295	      1.04184398	     -0.22779532	      5.35083223	      1.72749171	      3.08960143	      4.87452441	      0.08507650	     11.12463196	     -1.71452661	     -7.49999987	      4.74311443	      0.81727582	     -1.67076197	      1.53913358	      0.02686295	     11.14010795	      3.12210200	     -7.49999987	      5.60352944	     -0.31500238	      1.98389499	     -1.96942499	     -7.75776407	     21.40582949	     13.44211215	     61.35808070	     -5.92825999	     -6.58411074	      9.00815203	     17.01767259	     60.32144805
      0.66666670	     -6.00716587	      0.90939387	     -3.44297662	     -2.13165343	      1.04179887	     -0.22775192	      5.51078728	      1.71656727	      3.14443911	      4.88247799	      0.08521532	     11.26002675	     -1.63803365	     -7.49999987	      4.86787893	      0.82701970	     -1.67670773	      1.48183122	      0.02586283	     11.20943336	      3.25127398	     -7.49999987	      5.87954208	     -0.33128598	      1.88503206	     -2.01033753	     -7.73151048	     21.50412497	     13.37450552	     61.25894046	     -6.06061566	     -6.54727708	      8.96539854	     16.84523854	     60.23903184
      0.68333330	     -6.23268418	      0.93547524	     -3.50755478	     -2.13202097	      1.04191072	     -0.22761292	      5.73713742	      1.72686140	      3.42799068	      4.90440424	      0.08559800	     11.23675645	     -1.82058564	     -7.49999987	      5.06059239	      0.82215643	     -1.79398174	      1.45306741	      0.02536081	     11.32769971	      3.48344338	     -7.49999987	      6.24170669	     -0.31421101	      1.91161532	     -2.05242086	     -7.75314609	     21.77022569	     13.28254108	     61.73055809	     -6.14060392	     -6.57604412	      9.58403823	     16.65321976	     60.40688833
      0.70000000	     -6.29147681	      0.95653309	     -3.46702466	     -2.13235666	      1.04220801	     -0.22752002	      5.79328585	      1.70634335	      3.27736793	      4.96232299	      0.08660887	     11.45286581	     -1.42546018	     -7.49999987	      5.09371803	      0.84094422	     -1.62258700	      1.42524197	      0.02487516	     11.41086471	      3.49015760	     -7.49999987	      6.31982441	     -0.33683200	      1.85548786	     -2.05444606	     -7.74109681	     21.68048382	     13.35232166	     61.41741904	     -6.24496148	     -6.53590017	      9.23377054	     16.77264638	     60.16330651
      0.71666670	     -6.45176907	      0.97850321	     -3.44825245	     -2.13266056	      1.04218436	     -0.22720427	      5.97933217	      1.71520074	      3.36909866	      5.05838838	      0.08828553	     11.52864316	     -1.51615214	     -7.49999987	      5.26561005	      0.84205598	     -1.62118461	      1.42667682	      0.02490021	     11.53324293	      3.76907799	     -7.49999987	      6.54522111	     -0.36872310	      1.83065502	     -2.04276435	     -7.69657357	     21.74927505	     13.28192101	     61.32725201	     -6.29430030	     -6.53825096	      9.15619496	     16.71641519	     60.07069939
      0.73333330	     -6.60679925	      1.01594041	     -3.48390526	     -2.13325174	      1.04212986	     -0.22671284	      6.16471412	      1.71722761	      3.50544608	      5.14228728	      0.08974984	     11.54011872	     -1.60566711	     -7.49999987	      5.44736490	      0.84931223	     -1.75630994	      1.43455389	      0.02503769	     11.69577894	      4.15415974	     -7.49999987	      6.74133529	     -0.40240091	      1.85604400	     -2.01685934	     -7.67018921	     21.85060987	     13.24002298	     61.18600310	     -6.34107223	     -6.54473733	      9.03822297	     16.71952124	     59.97332729
      0.75000000	     -6.88128401	      1.04864702	     -3.39898918	     -2.13377681	      1.04120195	     -0.22644475	      6.48267042	      1.70837007	      3.37989339	      5.23823347	      0.09142442	     11.60910247	     -1.53863742	     -7.49999987	      5.76486684	      0.87245952	     -1.45583931	      1.41978245	      0.02477988	     11.58512330	      3.91899100	     -7.49999987	      7.11327887	     -0.43013834	      1.67241523	     -1.97613320	     -7.63510426	     22.17862440	     13.10180156	     61.42136544	     -6.40223871	     -6.60401745	      9.56421733	     16.50423197	     60.13766469
      0.76666670	     -7.02328879	      1.08580378	     -3.39547972	     -2.13361073	      1.03970426	     -0.22619758	      6.65348473	      1.69880140	      3.36429507	      5.30365429	      0.09256623	     11.64691272	     -1.55413142	     -7.49999987	      5.92702227	      0.89196885	     -1.49142251	      1.39596762	      0.02436423	     11.60620718	      4.08629065	     -7.49999987	      7.27628778	     -0.48019199	      1.59929576	     -1.97710402	     -7.59943456	     22.22356296	     13.11149694	     61.30793496	     -6.50332591	     -6.63060983	      9.45013108	     16.60007221	     60.03762282
      0.78333330	     -7.16264308	      1.10140066	     -3.40898409	     -2.13255512	      1.03753107	     -0.22597863	      6.80660154	      1.70891527	      3.36331145	      5.34356598	      0.09326282	     11.69266449	     -1.52523467	     -7.49999987	      6.05673933	      0.89073180	     -1.44964299	      1.35289787	      0.02361252	     11.56527227	      4.02811323	     -7.49999987	      7.47540922	     -0.50419451	      1.57523035	     -2.04162101	     -7.60824011	     22.43784318	     13.15364402	     61.64563514	     -6.58360401	     -6.70593281	      9.75344517	     16.67044461	     60.14379277
      0.80000000	     -7.30296536	      1.11088590	     -3.41504949	     -2.13159040	      1.03682043	     -0.22569757	      6.94364978	      1.72021059	      3.38166300	      5.36221739	      0.09358835	     11.74988278	     -1.50937755	     -7.49999987	      6.17246232	      0.88066850	     -1.47596868	      1.31097833	      0.02288089	     11.57875797	      4.13159969	     -7.49999987	      7.69310402	     -0.50908924	      1.48612682	     -2.13367979	     -7.61818906	     22.40292666	     13.24406380	     61.71633234	     -6.70498963	     -6.70620615	      9.68762604	     16.80298323	     60.08174184
      0.81666670	     -7.38221942	      1.12681398	     -3.39845590	     -2.13208819	      1.03673234	     -0.22543630	      7.02132523	      1.71267179	      3.33989623	      5.37144395	      0.09374938	     11.83956979	     -1.38769775	     -7.49999987	      6.21739467	      0.88667002	     -1.44566742	      1.25514889	      0.02190648	     11.58924300	      4.16664773	     -7.49999987	      7.79784517	     -0.54531617	      1.42021220	     -2.20831064	     -7.64046377	     22.41838246	     13.36083048	     61.64927975	     -6.76327617	     -6.71175219	      9.55173134	     16.98673280	     60.01447108
      0.83333330	     -7.47529328	      1.13685499	     -3.41687683	     -2.13366835	      1.03620433	     -0.22513176	      7.13881743	      1.72512805	      3.34350546	      5.38282522	      0.09394802	     11.90763317	     -1.23410552	     -7.49999987	      6.29075455	      0.87431477	     -1.59981569	      1.21662080	      0.02123404	     11.74874403	      4.47773696	     -7.49999987	      7.89241347	     -0.57355935	      1.44445548	     -2.28721675	     -7.65359480	     22.45489166	     13.48268495	     61.39803531	     -6.78721679	     -6.72310988	      9.26520963	     17.23255167	     59.90734932
      0.85000000	     -7.63130976	      1.16723195	     -3.40096333	     -2.13479829	      1.03543580	     -0.22485826	      7.33048712	      1.71647644	      3.36908286	      5.36350058	      0.09361074	     11.92446466	     -1.19707483	     -7.49999987	      6.44124252	      0.89204742	     -1.63585184	      1.16423989	      0.02031982	     11.78878095	      4.57383040	     -7.49999987	      8.06112679	     -0.61971874	      1.30765908	     -2.27915546	     -7.66099487	     22.53845281	     13.54939213	     61.21424297	     -6.85126925	     -6.73185770	      9.09011676	     17.36321808	     59.91442745
      0.86666670	     -7.78583785	      1.16707161	     -3.29367890	     -2.13498581	      1.03510359	     -0.22460051	      7.49327712	      1.73634267	      3.34796555	      5.28270584	      0.09220061	     11.90132590	     -1.27266505	     -7.49999987	      6.59406970	      0.88570390	     -1.50767923	      1.09604555	      0.01912960	     11.83027742	      4.60195994	     -7.49999987	      8.24240664	     -0.63957524	      1.14853565	     -2.34981667	     -7.68315959	     22.63602830	     13.71959815	     61.06892811	     -6.87514483	     -6.74772492	      8.89961016	     17.50744458	     59.91887416
      0.88333330	     -7.91506870	      1.18115969	     -3.28193225	     -2.13485529	      1.03530121	     -0.22438507	      7.63087377	      1.73024158	      3.16432989	      5.17414621	      0.09030589	     12.04609639	     -0.73712975	     -7.49999987	      6.70409331	      0.89731499	     -1.32547600	      1.00374931	      0.01751873	     11.74026920	      4.26476140	     -7.49999987	      8.36765655	     -0.65320244	      1.07380919	     -2.34452019	     -7.71894698	     22.78730054	     13.73374759	     61.02796292	     -7.00510354	     -6.79436821	      8.83109324	     17.80282625	     59.98891859
      0.90000000	     -8.10080679	      1.20831351	     -3.30505056	     -2.13511869	      1.03559938	     -0.22420167	      7.81396635	      1.74894234	      3.43697897	      5.03037740	      0.08779665	     11.89839050	     -0.98820451	     -7.49999987	      6.88141952	      0.89308957	     -1.58067136	      0.95281545	      0.01662977	     11.89579935	      4.69684025	     -7.49999987	      8.59853612	     -0.67928261	      1.08886236	     -2.33972183	     -7.81622487	     23.57085225	     13.76509134	     61.86619893	     -7.01708036	     -6.92852745	      9.75433809	     17.76720724	     60.57824844
      0.91666670	     -8.23204845	      1.20691006	     -3.29514982	     -2.13599436	      1.03616772	     -0.22420615	      7.96490946	      1.77406126	      3.49012682	      4.94659071	      0.08633429	     11.94327762	     -0.92999458	     -7.49999987	      6.99537176	      0.87047450	     -1.63749422	      0.91645015	      0.01599507	     11.94276266	      4.82841750	     -7.49999987	      8.73081546	     -0.67553284	      1.03873180	     -2.26236073	     -7.80872306	     23.52641548	     13.73751657	     61.83284039	     -7.05237418	     -6.92082027	      9.53881630	     17.86996426	     60.50975079
      0.93333330	     -8.30709253	      1.21073512	     -3.34717565	     -2.13691822	      1.03674581	     -0.22420326	      8.08123892	      1.79620842	      3.65074665	      4.92167677	      0.08589946	     11.94786628	     -0.98668053	     -7.49999987	      7.04291589	      0.85256070	     -1.68241948	      0.90563506	      0.01580631	     11.92138965	      4.79168705	     -7.49999987	      8.76791565	     -0.65633755	      1.08321292	     -2.14917362	     -7.85285834	     23.69194833	     13.74124468	     62.08623638	     -6.97762834	     -6.92982140	      9.71009827	     17.87433340	     60.64931054
      0.95000000	     -8.31310538	      1.20407674	     -3.37927946	     -2.13691903	      1.03662674	     -0.22418698	      8.14446245	      1.80834383	      3.55273472	      4.97675066	      0.08686069	     12.08169767	     -0.69734538	     -7.49999987	      7.02086106	      0.83367450	     -1.59478989	      0.90830622	      0.01585293	     11.86357792	      4.62976030	     -7.49999987	      8.73453061	     -0.63907701	      1.10685262	     -2.06417123	     -7.86549225	     23.66694261	     13.75716793	     61.87408643	     -6.93575206	     -6.89412061	      9.40409521	     17.95805041	     60.50556899
      0.96666670	     -8.37608682	      1.21758209	     -3.50333402	     -2.13577711	      1.03610062	     -0.22404216	      8.22402516	      1.83746132	      3.84062819	      4.95255425	      0.08643838	     11.94365905	     -0.92714137	     -7.49999987	      7.06046223	      0.81039028	     -1.87348903	      0.92002142	      0.01605740	     11.91006499	      4.84797702	     -7.49999987	      8.81629824	     -0.62181085	      1.08085582	     -2.00737297	     -7.89791723	     23.81940504	     13.83387957	     61.90845862	     -7.01481430	     -6.88431309	      9.38789128	     17.95101204	     60.57080275
      0.98333330	     -8.46230611	      1.23140333	     -3.52066245	     -2.13456899	      1.03567332	     -0.22419765	      8.32410900	      1.83363202	      3.80650890	      4.95984290	      0.08656559	     11.94783550	     -0.80672913	     -7.49999987	      7.12138467	      0.81120975	     -1.81068208	      0.90693804	      0.01582905	     11.94527417	      4.86289316	     -7.49999987	      8.98609915	     -0.60303908	      1.11731050	     -2.10322082	     -7.96861172	     23.93062802	     13.85369318	     61.87240173	     -7.13598494	     -6.84910463	      9.25563389	     18.09505144	     60.58189322
      1.00000000	     -8.52038261	      1.22062997	     -3.55039415	     -2.13427549	      1.03573321	     -0.22418474	      8.33598702	      1.86841579	      3.86873322	      4.86165844	      0.08485195	     11.81687477	     -0.83861867	     -7.49999987	      7.14705028	      0.77521853	     -1.85822799	      0.89913021	      0.01569278	     12.03745965	      5.01204911	     -7.49999987	      9.11567753	     -0.60749398	      1.20381394	     -2.26316013	     -7.94091539	     23.79698310	     13.88427713	     61.38393378	     -7.24847946	     -6.80696936	      8.68254918	     18.28097215	     60.25449499
      1.01666670	     -8.49334058	      1.23432109	     -3.61500232	     -2.13498525	      1.03597394	     -0.22413161	      8.31344793	      1.85964190	      3.89023439	      4.88581501	      0.08527356	     12.07220354	     -0.64041936	     -7.49999987	      7.08049328	      0.77313571	     -2.04782039	      0.88982366	      0.01553035	     12.10201697	      5.28158623	     -7.49999987	      9.11546441	     -0.58036986	      1.11881078	     -2.22581075	     -7.96210763	     23.80334748	     13.84095695	     61.29266392	     -7.28907062	     -6.74510048	      8.54088117	     18.16962692	     60.21340372
      1.03333330	     -8.50694567	      1.22323654	     -3.57020357	     -2.13589501	      1.03602289	     -0.22420150	      8.32832846	      1.85686350	      3.69340093	      4.89624038	      0.08545552	     12.21054258	     -0.35578599	     -7.49999987	      7.05695031	      0.76874801	     -1.72878977	      0.87206647	      0.01522043	     11.91951047	      4.82236122	     -7.49999987	      9.16199528	     -0.55306549	      0.99019535	     -2.20746612	     -7.96524839	     23.81724681	     13.78998966	     61.23779754	     -7.28712118	     -6.71469664	      8.47499113	     18.11025481	     60.20876480
      1.05000000	     -8.59087006	      1.24188937	     -3.64107972	     -2.13635345	      1.03599679	     -0.22410427	      8.43879145	      1.86189080	      4.00883821	      4.92549790	      0.08596616	     12.12799505	     -0.72015518	     -7.49999987	      7.11547473	      0.75692429	     -1.84901482	      0.89645574	      0.01564610	     11.97402811	      4.97464227	     -7.49999987	      9.29920401	     -0.53301641	      1.06211614	     -2.16707168	     -8.00613892	     24.21105382	     13.66688335	     62.03469374	     -7.17460402	     -6.78527434	      9.30065812	     17.82242645	     60.65647902
      1.06666670	     -8.53168698	      1.26317555	     -3.67456613	     -2.13612994	      1.03606891	     -0.22405843	      8.39950756	      1.82610827	      4.03659139	      4.97177255	      0.08677380	     12.12864241	     -0.67365677	     -7.49999987	      7.00316960	      0.76974900	     -1.86631235	      0.89958735	      0.01570076	     11.90823767	      4.96869891	     -7.49999987	      9.23011765	     -0.53564749	      1.11041223	     -2.13150433	     -8.05301681	     24.34651385	     13.61391553	     62.21848179	     -7.11087475	     -6.80575709	      9.55027389	     17.80682142	     60.77291553
      1.08333330	     -8.50410534	      1.22064819	     -3.69286452	     -2.13568000	      1.03585510	     -0.22391255	      8.37651658	      1.86362903	      4.10291632	      4.98140382	      0.08694190	     12.14468398	     -0.68598226	     -7.49999987	      6.94456033	      0.71407047	     -1.87838707	      0.94287960	      0.01645635	     11.83372707	      4.78564749	     -7.49999987	      9.19537806	     -0.46099892	      1.11321104	     -2.08020636	     -8.03253744	     24.09142597	     13.59108933	     62.05813429	     -7.08797640	     -6.73858841	      9.20884448	     17.76615188	     60.59502132
      1.10000000	     -8.43426950	      1.21379196	     -3.73531001	     -2.13515328	      1.03561988	     -0.22375188	      8.31560207	      1.86104153	      4.10186326	      5.00348701	      0.08732732	     12.19078046	     -0.54591310	     -7.49999987	      6.83569668	      0.69314171	     -2.00660267	      0.98513608	      0.01719387	     11.83753244	      4.85426032	     -7.49999987	      9.11746535	     -0.43808150	      1.14314934	     -2.03883874	     -8.04869757	     24.18848114	     13.57415279	     62.07837925	     -7.08831966	     -6.74417474	      9.18177929	     17.80917438	     60.64246573
      1.11666670	     -8.42073601	      1.18615435	     -3.74725260	     -2.13445416	      1.03542225	     -0.22368103	      8.27556568	      1.88459680	      4.06588760	      4.95377037	      0.08645960	     12.03834726	     -0.45904847	     -7.49999987	      6.79261909	      0.65109417	     -2.07000631	      1.03230980	      0.01801720	     11.83673196	      4.85373753	     -7.49999987	      9.11876203	     -0.40829603	      1.26631134	     -2.20673946	     -8.10338674	     24.02115957	     13.82313664	     61.69757546	     -7.18045989	     -6.73360205	      8.70890651	     18.11246179	     60.38904973
      1.13333330	     -8.29564947	      1.17694155	     -3.78735644	     -2.13371579	      1.03567066	     -0.22371038	      8.17995698	      1.89002753	      4.15116807	      5.02524797	      0.08770712	     12.18388291	     -0.41501666	     -7.49999987	      6.62987289	      0.63468807	     -1.96596568	      1.04489311	      0.01823683	     11.76296248	      4.56034460	     -7.49999987	      8.98366583	     -0.38250700	      1.17193987	     -2.07126305	     -8.04793867	     23.94763885	     13.66409567	     61.37673083	     -7.21549975	     -6.66051005	      8.40063283	     17.96634548	     60.23977612
      1.15000000	     -8.32469635	      1.13189873	     -3.67498296	     -2.13283096	      1.03605267	     -0.22404480	      8.20636621	      1.90682290	      3.83828613	      5.04240323	      0.08800654	     12.27852403	      0.02031295	     -7.49999987	      6.64957212	      0.59200345	     -1.75922027	      1.07943381	      0.01883967	     11.72265489	      4.31702263	     -7.49999987	      9.08505644	     -0.32533638	      1.04900254	     -2.10347678	     -8.03338676	     23.91454693	     13.54275335	     61.10553335	     -7.34963368	     -6.58511864	      8.04725306	     17.94312994	     60.12833865
      1.16666670	     -8.27653205	      1.14762462	     -3.84364390	     -2.13257401	      1.03648978	     -0.22393626	      8.17230138	      1.93100129	      4.30897949	      5.04611952	      0.08807140	     12.09456714	     -0.40412546	     -7.49999987	      6.55694497	      0.56967902	     -2.20733288	      1.08306276	      0.01890301	     11.80019895	      4.66597414	     -7.49999987	      9.04967500	     -0.32471140	      1.28821387	     -2.14868246	     -8.09713388	     24.29641601	     13.62060593	     61.64996438	     -7.43909635	     -6.68184917	      8.73853140	     17.91885946	     60.51417151
      1.18333330	     -8.29650446	      1.14200403	     -3.83202201	     -2.13309787	      1.03638164	     -0.22407844	      8.21936341	      1.93938753	      4.38961071	      5.09403568	      0.08890769	     12.08362401	     -0.44861293	     -7.49999987	      6.55035043	      0.56318743	     -2.14929077	      1.08818344	      0.01899238	     11.80165681	      4.52123095	     -7.49999987	      9.12721297	     -0.29307367	      1.34054987	     -2.22141614	     -8.10094022	     24.16123006	     13.57626074	     61.80539501	     -7.53663817	     -6.64739056	      8.72379825	     17.83276550	     60.51707794
      1.20000000	     -8.22356234	      1.13026513	     -3.82636961	     -2.13384342	      1.03618051	     -0.22416967	      8.17227872	      1.94568693	      4.31710695	      5.13171167	      0.08956526	     12.15942226	     -0.26272935	     -7.49999987	      6.45366116	      0.55503662	     -2.20182690	      1.08982936	      0.01902111	     11.80125567	      4.52623690	     -7.49999987	      9.02725998	     -0.27166946	      1.38543109	     -2.26108766	     -8.11619259	     24.00798417	     13.69750389	     61.54869959	     -7.62364759	     -6.60686328	      8.37819231	     17.90605429	     60.33910407
      1.21666670	     -8.24465592	      1.11009723	     -3.71744853	     -2.13363476	      1.03627727	     -0.22442295	      8.21188325	      1.95643418	      4.24322611	      5.15000309	      0.08988451	     12.08202155	     -0.27757336	     -7.49999987	      6.47992234	      0.55575925	     -1.81711749	      1.08863363	      0.01900024	     11.65353917	      4.01897735	     -7.49999987	      9.05976482	     -0.25525620	      1.31013870	     -2.24711643	     -8.06861588	     23.92503602	     13.55897202	     61.27354688	     -7.69334605	     -6.55887115	      8.12093664	     17.84621239	     60.19247720
      1.23333330	     -8.27890954	      1.11205746	     -3.72221808	     -2.13252123	      1.03686513	     -0.22451193	      8.26589413	      1.96307991	      4.26395236	      5.16727926	      0.09018604	     11.98099337	     -0.28200190	     -7.49999987	      6.53362835	      0.55026913	     -2.19054718	      1.12237342	      0.01958911	     11.85050390	      4.57801002	     -7.49999987	      9.14432912	     -0.25011393	      1.42194271	     -2.32641674	     -8.05737434	     23.92766047	     13.50654917	     61.18050902	     -7.75491390	     -6.53742735	      8.01464882	     17.77740894	     60.14512199
      1.25000000	     -8.31468829	      1.10586220	     -3.61445326	     -2.13171624	      1.03721734	     -0.22473928	      8.31288690	      1.95586704	      4.06809603	      5.19946256	      0.09074774	     12.05070254	     -0.11268284	     -7.49999987	      6.58152248	      0.56566441	     -2.02612838	      1.10768844	      0.01933281	     11.78257506	      4.44544156	     -7.49999987	      9.25397459	     -0.24205948	      1.26104386	     -2.33234271	     -8.03153494	     23.89665237	     13.40435440	     61.08728978	     -7.86275177	     -6.51914509	      7.97251411	     17.61149535	     60.11569631
      1.26666670	     -8.27212683	      1.12393205	     -3.68953179	     -2.13204924	      1.03724719	     -0.22480463	      8.27384711	      1.94605999	      4.22390279	      5.19591581	      0.09068584	     12.04923418	     -0.14372464	     -7.49999987	      6.51655332	      0.59247620	     -2.26756841	      1.07742828	      0.01880467	     11.82109550	      4.63100396	     -7.49999987	      9.24740032	     -0.23573776	      1.38739951	     -2.41495754	     -8.05587616	     23.93911227	     13.46328090	     61.04432157	     -7.94146968	     -6.49805340	      7.96100394	     17.61963021	     60.07817915
      1.28333330	     -8.23364804	      1.09820641	     -3.61232029	     -2.13328351	      1.03662391	     -0.22513482	      8.21422579	      1.94667853	      4.09069192	      5.13941899	      0.08969978	     12.11503630	      0.00646001	     -7.49999987	      6.45682894	      0.60650120	     -1.88610972	      1.03688229	      0.01809701	     11.70553570	      4.11920731	     -7.49999987	      9.21876504	     -0.19565489	      1.27504900	     -2.42051788	     -8.04363290	     23.78858735	     13.42512677	     60.88946023	     -8.00008048	     -6.46530025	      7.87174978	     17.62241883	     59.99243951
      1.30000000	     -8.29045117	      1.10916419	     -3.56916699	     -2.13421501	      1.03610894	     -0.22523495	      8.26423125	      1.93013055	      4.09886007	      5.08113911	      0.08868261	     12.11889895	      0.00258455	     -7.49999987	      6.50296155	      0.63104329	     -1.86484367	      1.01656012	      0.01774232	     11.83574121	      4.31317842	     -7.49999987	      9.32784073	     -0.20713037	      1.24377498	     -2.45298558	     -8.02358615	     23.73747751	     13.43563028	     60.79374955	     -8.00668845	     -6.47166779	      7.79413987	     17.63348187	     59.94143116
      1.31666670	     -8.32699567	      1.12812690	     -3.64523955	     -2.13415688	      1.03602890	     -0.22507186	      8.28716201	      1.93296980	      4.32459307	      5.01098687	      0.08745822	     12.10464589	     -0.16116165	     -7.49999987	      6.51753179	      0.64390829	     -2.05410406	      1.00177438	      0.01748426	     11.93281244	      4.52752762	     -7.49999987	      9.40612373	     -0.20578599	      1.22454883	     -2.46426072	     -8.00925457	     23.77711150	     13.42993388	     60.78222494	     -8.03202604	     -6.45238182	      7.84062932	     17.46468962	     59.95502192
      1.33333330	     -8.35638453	      1.12098295	     -3.62805484	     -2.13365155	      1.03596132	     -0.22509422	      8.30377658	      1.93276332	      4.18279339	      4.96728921	      0.08669555	     12.30384661	      0.13392213	     -7.49999987	      6.51992621	      0.64671088	     -2.07738330	      0.97948861	      0.01709530	     11.93658227	      4.53864276	     -7.49999987	      9.51018561	     -0.18090843	      1.15310062	     -2.47782802	     -7.99161043	     23.75178471	     13.34968946	     60.67495794	     -8.03803666	     -6.43309571	      7.84026236	     17.35290975	     59.90688131
      1.35000000	     -8.40440120	      1.13058071	     -3.66400833	     -2.13357307	      1.03557036	     -0.22524406	      8.31021914	      1.94212742	      4.48630682	      4.85909124	      0.08480714	     12.13927425	     -0.22936889	     -7.49999987	      6.53579483	      0.64876809	     -2.17161123	      0.96583580	      0.01685701	     12.01438381	      4.67323334	     -7.49999987	      9.63754080	     -0.17656503	      1.29203423	     -2.58706773	     -8.03966035	     24.01620345	     13.37191716	     61.44950122	     -7.95103213	     -6.57163814	      9.03308270	     17.22298820	     60.28610845
      1.36666670	     -8.40220586	      1.12994860	     -3.67025046	     -2.13436241	      1.03573943	     -0.22569868	      8.28434949	      1.93329665	      4.46324126	      4.80305047	      0.08382904	     12.22525811	     -0.09974007	     -7.49999987	      6.49653223	      0.65229625	     -2.23878866	      0.95417451	      0.01665349	     12.06321348	      4.79847298	     -7.49999987	      9.66416520	     -0.15765156	      1.25274211	     -2.58174790	     -8.03026402	     23.78538680	     13.38631469	     61.43220958	     -7.92962565	     -6.52763818	      8.93229811	     17.18048005	     60.12316062
      1.38333330	     -8.36637048	      1.13583717	     -3.64151638	     -2.13612323	      1.03642359	     -0.22631539	      8.25371668	      1.90641498	      4.38846831	      4.80708049	      0.08389938	     12.30098273	      0.05903283	     -7.49999987	      6.42969591	      0.67370323	     -2.17669067	      0.93767289	      0.01636548	     12.02874739	      4.71198896	     -7.49999987	      9.62717252	     -0.15988966	      1.21652092	     -2.50822523	     -7.99915438	     23.66596777	     13.33648595	     61.25244817	     -7.84964308	     -6.46520226	      8.76282499	     17.15180097	     59.98784981
      1.40000000	     -8.36460696	      1.10873160	     -3.64294203	     -2.13805212	      1.03635607	     -0.22688878	      8.31073278	      1.91140027	      4.25612564	      4.89805775	      0.08548723	     12.45310125	      0.46953129	     -7.49999987	      6.41437129	      0.65837461	     -2.07686649	      0.93716745	      0.01635666	     11.89194375	      4.34729707	     -7.49999987	      9.60220862	     -0.06815319	      1.14407480	     -2.45186334	     -8.02138199	     23.57210147	     13.42581963	     61.00074487	     -7.78623110	     -6.42100609	      8.53706414	     17.17556089	     59.88351792
      1.41666670	     -8.33225382	      1.13401378	     -3.63952425	     -2.13871466	      1.03614695	     -0.22702023	      8.32996684	      1.88497314	      4.46771471	      4.96377203	      0.08663417	     12.25740529	     -0.01878646	     -7.49999987	      6.39310381	      0.68980401	     -2.19263219	      0.97287954	      0.01697995	     11.80894852	      4.40395812	     -7.49999987	      9.50068728	     -0.11362247	      1.19016509	     -2.34941260	     -7.98450288	     23.65127355	     13.26192015	     60.92365483	     -7.60549503	     -6.42100907	      8.56203787	     17.03834341	     59.93106053
      1.43333330	     -8.32143672	      1.10818498	     -3.63363773	     -2.13769739	      1.03656615	     -0.22664369	      8.37546266	      1.90588912	      4.42987763	      5.04555677	      0.08806158	     12.12059637	     -0.09682897	     -7.49999987	      6.38791277	      0.65904531	     -2.47267869	      1.01392351	      0.01769630	     11.82876768	      4.69180999	     -7.49999987	      9.48033528	     -0.09172108	      1.17531681	     -2.29059955	     -7.93407237	     23.92943550	     13.25341332	     61.27893083	     -7.45054177	     -6.50505000	      9.26641549	     16.82994053	     60.24019644
      1.45000000	     -8.18805016	      1.10790338	     -3.54277390	     -2.13650228	      1.03762525	     -0.22648095	      8.28319058	      1.84564071	      4.12129525	      5.10403417	      0.08908220	     12.25676824	      0.33633199	     -7.49999987	      6.25667620	      0.70614527	     -2.11056050	      1.02783404	      0.01793909	     11.50367074	      3.98426570	     -7.49999987	      9.21807122	     -0.06538926	      1.06516938	     -2.21073288	     -7.98841683	     23.73971875	     13.21870999	     60.83617064	     -7.38928669	     -6.41444825	      8.80023671	     16.87010931	     59.98243459
      1.46666670	     -8.11565815	      1.11783866	     -3.71740478	     -2.13611511	      1.03761598	     -0.22604435	      8.25767344	      1.86062985	      4.43503299	      5.14112358	      0.08972953	     12.07224612	      0.09961551	     -7.49999987	      6.16162365	      0.69452258	     -2.66539649	      1.04318802	      0.01820707	     11.57529174	      4.39045894	     -7.49999987	      9.08812078	     -0.04135796	      1.24510164	     -2.22913568	     -8.01667935	     23.69952455	     13.33996118	     60.78423964	     -7.42601926	     -6.42101431	      8.77323428	     17.00513695	     59.97028710
      1.48333330	     -8.14347448	      1.11772171	     -3.72786136	     -2.13607809	      1.03732908	     -0.22604909	      8.32081454	      1.85908750	      4.37836742	      5.16295067	      0.09011049	     11.95331454	      0.12967360	     -7.49999987	      6.20952490	      0.68198465	     -3.06325476	      1.10938241	      0.01936238	     11.70138747	      4.93956212	     -7.49999987	      9.12041155	     -0.04090703	      1.31133225	     -2.29395532	     -8.00450836	     23.64066432	     13.39274273	     60.44215999	     -7.34821218	     -6.35948266	      8.47275243	     16.76342233	     59.80321448
      1.50000000	     -8.10214039	      1.10894168	     -3.72391147	     -2.13599750	      1.03701495	     -0.22622693	      8.31766239	      1.85476212	      4.32901928	      5.21518360	      0.09102212	     11.91394623	      0.16740596	     -7.49999987	      6.16062765	      0.68729387	     -2.89107814	      1.10437776	      0.01927503	     11.52562593	      4.53684995	     -7.49999987	      9.01621333	     -0.01884232	      1.27491514	     -2.25866386	     -7.99987101	     23.67261798	     13.34231489	     60.59138434	     -7.43792844	     -6.42706426	      8.82428245	     16.92442224	     59.95198167
      1.51666670	     -8.13599923	      1.10290497	     -3.70605522	     -2.13623193	      1.03675011	     -0.22643288	      8.38528148	      1.86200473	      4.33435138	      5.25408641	      0.09170111	     11.85312496	      0.14493151	     -7.49999987	      6.21530811	      0.68322243	     -2.84810227	      1.14696832	      0.02001837	     11.46249665	      4.32612620	     -7.49999987	      9.08474945	      0.00434138	      1.26754652	     -2.30301930	     -8.00203095	     23.67021059	     13.25936182	     61.28918141	     -7.37047913	     -6.51696379	      9.71690392	     16.73080822	     60.24938492
      1.53333330	     -8.11681785	      1.09635722	     -3.72644298	     -2.13682587	      1.03638647	     -0.22672112	      8.39897766	      1.86920224	      4.34187620	      5.30987962	      0.09267488	     11.77768431	      0.11083380	     -7.49999987	      6.21529644	      0.67677829	     -2.96774237	      1.19326257	      0.02082636	     11.44904655	      4.35316718	     -7.49999987	      9.03222058	      0.04230615	      1.28032679	     -2.34529115	     -8.01577032	     23.46086756	     13.32651434	     61.43323933	     -7.40404872	     -6.49127701	      9.76070632	     16.81161516	     60.14598460
      1.55000000	     -8.01341621	      1.10022043	     -3.73907399	     -2.13695942	      1.03654949	     -0.22703397	      8.35141157	      1.84518448	      4.16280969	      5.44269567	      0.09499296	     11.93230985	      0.45131234	     -7.49999987	      6.11974144	      0.68536621	     -3.04140551	      1.23360254	      0.02153043	     11.39378899	      4.33256678	     -7.49999987	      8.89164764	      0.03854014	      1.30321877	     -2.39487702	     -8.00820936	     23.17678889	     13.41894027	     61.07711073	     -7.43478059	     -6.45505736	      9.30457159	     16.92266800	     59.90039610
      1.56666670	     -7.94607142	      1.09395102	     -3.71802865	     -2.13607934	      1.03724638	     -0.22731726	      8.31899836	      1.83592010	      4.11288595	      5.53295476	      0.09656828	     11.91642905	      0.42185053	     -7.49999987	      6.06301891	      0.69434697	     -2.99117569	      1.27247495	      0.02220888	     11.24608444	      4.08062253	     -7.49999987	      8.80539743	      0.06583783	      1.25271921	     -2.41130816	     -8.02590226	     23.13555903	     13.44698721	     60.98216029	     -7.46999627	     -6.43081705	      9.19164512	     16.97679141	     59.84111300
      1.58333330	     -7.98213682	      1.09499601	     -3.67370381	     -2.13440256	      1.03816422	     -0.22732877	      8.38391915	      1.83136205	      4.22130840	      5.58998676	      0.09756367	     11.74178872	      0.13284621	     -7.49999987	      6.12839131	      0.69596799	     -2.98578562	      1.32372111	      0.02310329	     11.19320702	      4.05496554	     -7.49999987	      8.88460034	      0.08132051	      1.19866225	     -2.42754482	     -8.01917960	     23.25287831	     13.30973391	     61.25969988	     -7.44666568	     -6.43382902	      9.56578739	     16.80282941	     59.95379028
      1.60000000	     -7.87492734	      1.10130349	     -3.73776721	     -2.13286537	      1.03921962	     -0.22698275	      8.30602791	      1.81639278	      4.16360553	      5.66576638	      0.09888628	     11.83591222	      0.37687048	     -7.49999987	      6.02114592	      0.69946646	     -3.39084988	      1.34660802	      0.02350274	     11.28023961	      4.47671145	     -7.49999987	      8.74317524	      0.07743863	      1.38920616	     -2.52609129	     -8.03177428	     23.16475937	     13.37940290	     61.08841729	     -7.41614239	     -6.39920532	      9.27788907	     16.92053349	     59.79389501
      1.61666670	     -7.81745241	      1.08328509	     -3.62236520	     -2.13249056	      1.03928683	     -0.22686196	      8.22684493	      1.81268377	      4.04739790	      5.64219107	      0.09847481	     11.78788182	      0.36034700	     -7.49999987	      5.96227115	      0.71181284	     -2.98427191	      1.30815974	      0.02283169	     11.10369211	      4.00074825	     -7.49999987	      8.66736913	      0.08287747	      1.30443805	     -2.54582850	     -8.02842808	     23.11242132	     13.40486707	     61.01580801	     -7.38985754	     -6.38748373	      9.21233563	     16.90203952	     59.74596927
      1.63333330	     -7.86089722	      1.07546559	     -3.58924852	     -2.13304546	      1.03818576	     -0.22677792	      8.27664802	      1.82646288	      4.09707960	      5.64481980	      0.09852069	     11.69785267	      0.20289679	     -7.49999987	      6.02278855	      0.70828721	     -3.01872093	      1.30087746	      0.02270459	     11.13918687	      4.08523861	     -7.49999987	      8.77290944	      0.08750274	      1.34961298	     -2.57725707	     -7.97538085	     23.09711446	     13.22295950	     61.10567050	     -7.30592709	     -6.38001682	      9.36697778	     16.76866068	     59.83063243
      1.65000000	     -7.89148547	      1.06381661	     -3.48442439	     -2.13374803	      1.03781823	     -0.22684868	      8.31942789	      1.82620580	      3.93216128	      5.66779286	      0.09892165	     11.73159576	      0.29597305	     -7.49999987	      6.07335101	      0.71432194	     -2.83018163	      1.28351086	      0.02240149	     11.13811958	      3.97418433	     -7.49999987	      8.82806135	      0.06125358	      1.24117340	     -2.56984172	     -7.92783432	     23.08960019	     13.13758577	     61.39674346	     -7.20338138	     -6.41081842	      9.68399944	     16.56636087	     59.90746954
      1.66666670	     -7.87845231	      1.06058367	     -3.46537598	     -2.13427010	      1.03761115	     -0.22689236	      8.31731443	      1.83096502	      3.92435720	      5.69034711	      0.09931529	     11.72645678	      0.22436600	     -7.49999987	      6.07317888	      0.71770480	     -2.90961719	      1.27648923	      0.02227894	     11.22543508	      4.14340775	     -7.49999987	      8.84190684	      0.05994693	      1.30507840	     -2.60436787	     -7.93640616	     22.96701005	     13.14674317	     61.55545140	     -7.15570572	     -6.41979573	      9.77975147	     16.51865764	     59.87391843
      1.68333330	     -7.86567893	      1.04757629	     -3.44256270	     -2.13458690	      1.03687364	     -0.22702755	      8.32914080	      1.84660810	      4.01469358	      5.74109552	      0.10020102	     11.66875269	      0.01686565	     -7.49999987	      6.07335298	      0.71162574	     -2.92018026	      1.27505076	      0.02225383	     11.22340788	      4.13753179	     -7.49999987	      8.84526615	      0.05659887	      1.36607298	     -2.60863438	     -7.91174814	     22.88363810	     13.07777662	     61.73898232	     -7.10346148	     -6.43392142	      9.89633604	     16.51119117	     59.87267151
      1.70000000	     -7.77538661	      1.02963634	     -3.43968399	     -2.13424577	      1.03653586	     -0.22713286	      8.28455046	      1.85563752	      3.91084883	      5.85896683	      0.10225826	     11.78566947	      0.19695405	     -7.49999987	      5.99385350	      0.70006395	     -3.05385382	      1.29412781	      0.02258679	     11.20990169	      4.22951828	     -7.49999987	      8.72304495	      0.06711976	      1.42518674	     -2.64205091	     -7.92451330	     22.73789182	     13.16354837	     61.52681237	     -7.04719214	     -6.40984869	      9.57143923	     16.56947390	     59.75031117
      1.71666670	     -7.73531692	      1.00041280	     -3.36219651	     -2.13286293	      1.03685352	     -0.22711600	      8.28903311	      1.85728582	      3.72154645	      5.99504235	      0.10463323	     11.86929216	      0.37735722	     -7.49999987	      5.96800131	      0.68126304	     -3.09667960	      1.33025064	      0.02321725	     11.16950281	      4.28612499	     -7.49999987	      8.69831056	      0.09101557	      1.31187795	     -2.62462660	     -7.90705215	     22.65900404	     13.09530562	     61.25543864	     -7.01265926	     -6.36106890	      9.34408931	     16.45955251	     59.70369223
      1.73333330	     -7.77524309	      0.97613201	     -3.30205842	     -2.13122148	      1.03830285	     -0.22691366	      8.31605899	      1.88218078	      3.82097169	      6.00675894	      0.10483772	     11.70858781	      0.01564404	     -7.49999987	      6.00396808	      0.65375412	     -2.93340367	      1.35657490	      0.02367670	     10.93772484	      3.92944308	     -7.49999987	      8.79201645	      0.10479369	      1.25539512	     -2.62566127	     -7.89655952	     22.82155424	     12.92819428	     61.80312976	     -6.96527826	     -6.45276619	     10.09483001	     16.29775683	     60.12816607
      1.75000000	     -7.64617831	      0.97141072	     -3.33484401	     -2.13038659	      1.03972681	     -0.22687617	      8.17479108	      1.87545562	      3.85345599	      6.04202548	      0.10545324	     11.71905345	      0.06041923	     -7.49999987	      5.83422814	      0.64120770	     -3.14551702	      1.36294433	      0.02378787	     10.85940272	      4.00125566	     -7.49999987	      8.63734808	      0.09745721	      1.34745551	     -2.67190725	     -7.88936278	     22.56579047	     12.96524544	     61.67240818	     -6.91091198	     -6.42549781	      9.83929303	     16.26734141	     60.03182828
      1.76666670	     -7.58242322	      0.95393438	     -3.20560232	     -2.13001005	      1.03990059	     -0.22730462	      8.09132116	      1.85792212	      3.69254985	      6.06647530	      0.10587997	     11.76215226	      0.16111343	     -7.49999987	      5.75389020	      0.64451443	     -2.78263226	      1.37395885	      0.02398011	     10.64680166	      3.49148402	     -7.49999987	      8.55511601	      0.08866425	      1.22130678	     -2.64222733	     -7.86442692	     22.38036437	     12.86008941	     61.26340349	     -6.84948312	     -6.35621246	      9.47187728	     16.10959702	     59.84391617
      1.78333330	     -7.46465033	      0.92685347	     -3.16226129	     -2.12933889	      1.03925690	     -0.22751564	      7.96598476	      1.85425673	      3.44810159	      6.13296114	      0.10704036	     11.93506797	      0.56385264	     -7.49999987	      5.61138339	      0.62732556	     -2.75420008	      1.38623701	      0.02419440	     10.58507811	      3.40712642	     -7.49999987	      8.42526156	      0.09482614	      1.21157762	     -2.64094890	     -7.84070755	     22.28687087	     12.81727825	     60.99603651	     -6.82295065	     -6.34382592	      9.19517707	     16.14290935	     59.75707230
      1.80000000	     -7.46410623	      0.94134711	     -3.33209514	     -2.12881463	      1.03845688	     -0.22724191	      7.99708126	      1.87907257	      3.87229096	      6.21187180	      0.10841762	     11.80633083	      0.17582948	     -7.49999987	      5.60847180	      0.61453940	     -3.26716391	      1.42538845	      0.02487772	     10.77915266	      3.87084434	     -7.49999987	      8.41405193	      0.09018818	      1.40273999	     -2.64235709	     -7.83156533	     22.40006876	     12.82316190	     60.58935524	     -6.79477312	     -6.30131431	      8.98694911	     16.10266257	     59.79022177
      1.81666670	     -7.36774451	      0.94574954	     -3.27607856	     -2.12841586	      1.03819883	     -0.22706283	      7.90468526	      1.86141256	      3.78074522	      6.25601601	      0.10918808	     11.80708714	      0.15784986	     -7.49999987	      5.52078830	      0.63185831	     -3.26112258	      1.43297689	      0.02501016	     10.83996602	      3.99036516	     -7.49999987	      8.24960511	      0.05266009	      1.39990293	     -2.62067500	     -7.84616413	     22.41736508	     12.88674088	     60.65880748	     -6.75439489	     -6.33086696	      9.14280722	     16.11496113	     59.83646379
      1.83333330	     -7.51942626	      0.93721209	     -3.26360047	     -2.12761451	      1.03831011	     -0.22668503	      8.07192556	      1.88449334	      3.86525496	      6.30224522	      0.10999493	     11.75376382	      0.00833836	     -7.49999987	      5.69840120	      0.61514742	     -3.23395908	      1.46346471	      0.02554228	     10.85308603	      3.90443600	     -7.49999987	      8.46348811	      0.06414076	      1.41297082	     -2.61874235	     -7.81138864	     22.57269082	     12.66625661	     61.22740931	     -6.71189540	     -6.40790994	      9.98407571	     15.85367791	     60.13309270
      1.85000000	     -7.39237396	      0.91016438	     -3.18840453	     -2.12657910	      1.03898681	     -0.22651196	      7.91935436	      1.88161454	      3.64532100	      6.34773591	      0.11078889	     11.97925002	      0.32695090	     -7.49999987	      5.53827576	      0.61510311	     -2.84750845	      1.42088789	      0.02479917	     10.69955632	      3.36488065	     -7.49999987	      8.27355385	      0.04966719	      1.36603857	     -2.64395881	     -7.80018354	     22.42128917	     12.71958247	     61.04867958	     -6.68815615	     -6.38109940	      9.66693467	     15.85420740	     59.95407774
      1.86666670	     -7.39163940	      0.89900295	     -3.14354305	     -2.12539123	      1.03956463	     -0.22641487	      7.87541605	      1.89145528	      3.66995751	      6.36810521	      0.11114440	     11.98020493	      0.28769794	     -7.49999987	      5.50005634	      0.60937823	     -2.69886417	      1.39777142	      0.02439571	     10.64460610	      3.19133714	     -7.49999987	      8.29591291	      0.04118508	      1.34177806	     -2.70244168	     -7.74427247	     22.30480505	     12.60816606	     60.92514133	     -6.72393141	     -6.36478628	      9.54830114	     15.80889240	     59.85964043
      1.88333330	     -7.40245465	      0.90379439	     -3.28947509	     -2.12462879	      1.03956103	     -0.22622092	      7.85144054	      1.93010736	      4.04762850	      6.39736498	      0.11165508	     11.98564220	     -0.02438587	     -7.49999987	      5.46713656	      0.57764503	     -3.20911660	      1.43414694	      0.02503059	     10.85074847	      3.74771381	     -7.49999987	      8.38377598	      0.03347941	      1.48781228	     -2.80818589	     -7.74556650	     22.27459100	     12.61543447	     61.23896498	     -6.76134871	     -6.39677143	      9.90303914	     15.70345169	     59.95367331
      1.90000000	     -7.29161728	      0.89566965	     -3.29059847	     -2.12495065	      1.03911180	     -0.22642058	      7.71553560	      1.91922856	      3.94318938	      6.48220760	      0.11313587	     12.18412111	      0.22865237	     -7.49999987	      5.28836131	      0.58105626	     -3.11167860	      1.41892256	      0.02476487	     10.77802490	      3.48974349	     -7.49999987	      8.29393303	      0.01886111	      1.58966479	     -2.87031433	     -7.72889038	     22.12104490	     12.58494338	     60.97902483	     -6.78014936	     -6.36107563	      9.59089785	     15.81360504	     59.76066637
      1.91666670	     -7.30615922	      0.88455134	     -3.29062792	     -2.12571691	      1.03845410	     -0.22650773	      7.72013989	      1.94322334	      4.11023844	      6.54461562	      0.11422509	     12.11624950	     -0.08288584	     -7.49999987	      5.27683646	      0.55999225	     -3.26646447	      1.46986308	      0.02565395	     10.86743412	      3.68328282	     -7.49999987	      8.36981728	      0.02099133	      1.62247659	     -2.90606141	     -7.74067432	     22.15744039	     12.59332515	     61.30589246	     -6.72576861	     -6.37993538	     10.04431244	     15.62715675	     59.84110149
      1.93333330	     -7.25247287	      0.87403643	     -3.27501547	     -2.12559849	      1.03789519	     -0.22652260	      7.67576171	      1.94583393	      4.08059719	      6.62756006	      0.11567274	     12.20319909	     -0.04897577	     -7.49999987	      5.20148389	      0.55407723	     -3.30279842	      1.51831124	      0.02649953	     10.87669114	      3.59313257	     -7.49999987	      8.28148044	      0.01935607	      1.63061147	     -2.86204741	     -7.74967934	     22.05349591	     12.62678329	     61.24683277	     -6.67129296	     -6.37533639	      9.98102878	     15.63870379	     59.77130773
      1.95000000	     -7.15069237	      0.86139352	     -3.32074252	     -2.12431886	      1.03778719	     -0.22625707	      7.59391156	      1.95967091	      4.11951342	      6.74111103	      0.11765458	     12.21777457	     -0.09222878	     -7.49999987	      5.05495941	      0.53934967	     -3.38333157	      1.53846345	      0.02685125	     10.82856291	      3.48112462	     -7.49999987	      8.16427261	      0.01417570	      1.73851728	     -2.86176667	     -7.75176413	     22.02152288	     12.72753385	     61.12673711	     -6.65921726	     -6.37408774	      9.86372366	     15.72604490	     59.67813756
      1.96666670	     -7.10688444	      0.86228702	     -3.35882359	     -2.12321833	      1.03766073	     -0.22598017	      7.57526171	      1.95366123	      4.11664228	      6.86425346	      0.11980382	     12.27694277	     -0.04803583	     -7.49999987	      4.99468428	      0.53822639	     -3.51752238	      1.59447963	      0.02782892	     10.82966077	      3.42389643	     -7.49999987	      8.11553975	      0.02388277	      1.79418673	     -2.80016587	     -7.78129604	     21.98674305	     12.72035820	     60.99135241	     -6.59510843	     -6.36687252	      9.78230063	     15.73992487	     59.61487395
      1.98333330	     -7.11180613	      0.86285095	     -3.38128244	     -2.12295218	      1.03735780	     -0.22570643	      7.60773378	      1.95178567	      4.07410031	      6.98362793	      0.12188730	     12.32931275	      0.01346165	     -7.49999987	      5.00110912	      0.52974203	     -3.66953896	      1.67413187	      0.02921911	     10.91235274	      3.56661006	     -7.49999987	      8.11152077	      0.01591821	      1.84384778	     -2.76546793	     -7.80561700	     22.05165496	     12.78237755	     60.68394042	     -6.49865958	     -6.31264744	      9.43374449	     15.62221696	     59.50871531
      2.00000000	     -7.09476053	      0.86644952	     -3.37888404	     -2.12334939	      1.03736281	     -0.22552292	      7.61098250	      1.94007306	      4.03151690	      7.05843893	      0.12319300	     12.39298202	      0.06787069	     -7.49999987	      4.97021988	      0.54473746	     -3.36749899	      1.69035114	      0.02950219	     10.80680921	      3.01859053	     -7.49999987	      8.03702433	      0.01110079	      1.88648203	     -2.67626501	     -7.84894559	     22.12032373	     12.82568293	     60.72258013	     -6.48551447	     -6.35744192	      9.56001877	     15.80609797	     59.58270953
      2.01666670	     -7.10735099	      0.87456116	     -3.41276475	     -2.12369625	      1.03729343	     -0.22518263	      7.65537718	      1.94805647	      4.09912467	      7.11840208	      0.12423955	     12.42704210	      0.03398438	     -7.49999987	      4.98806004	      0.54070232	     -3.57126430	      1.74147795	      0.03039452	     10.95292928	      3.26901590	     -7.49999987	      7.97032750	     -0.02090791	      1.98893705	     -2.60294205	     -7.87841317	     22.32109874	     12.95920044	     60.85426208	     -6.36544136	     -6.40805445	      9.80516705	     15.78784715	     59.67849831
      2.03333330	     -7.13825109	      0.88054875	     -3.42133293	     -2.12319050	      1.03716594	     -0.22488061	      7.72805871	      1.94320912	      4.07846492	      7.19421979	      0.12556282	     12.53564609	      0.10207698	     -7.49999987	      5.01458198	      0.54576941	     -3.54946987	      1.76019206	      0.03072115	     11.03733387	      3.24958338	     -7.49999987	      7.93028051	     -0.02585513	      2.04845185	     -2.50992305	     -7.93488363	     22.42490779	     13.04427761	     60.88440574	     -6.29841189	     -6.42252634	      9.90526074	     15.82319266	     59.72218752
      2.05000000	     -7.15438570	      0.87532876	     -3.46171136	     -2.12093684	      1.03704142	     -0.22446646	      7.76319600	      1.95288123	      4.05129657	      7.25060801	      0.12654698	     12.74632791	      0.32841421	     -7.49999987	      4.99970947	      0.53155394	     -3.58332609	      1.76713161	      0.03084226	     11.05042012	      3.23459909	     -7.49999987	      7.85836345	     -0.03574774	      2.15550931	     -2.44689655	     -7.95961668	     22.46923951	     13.06929256	     60.85746488	     -6.24922112	     -6.46640271	      9.89543768	     15.94289585	     59.75006342
      2.06666670	     -7.33327268	      0.87213085	     -3.46064647	     -2.11717569	      1.03692788	     -0.22408850	      7.90501652	      1.98450454	      4.25582653	      7.21982648	      0.12600974	     12.73321175	     -0.02296810	     -7.49999987	      5.14838298	      0.50977696	     -3.57698061	      1.79565019	      0.03134001	     11.04760545	      3.26992930	     -7.49999987	      8.06242437	     -0.01223319	      2.19994481	     -2.47636266	     -8.02000892	     22.65854044	     13.03706437	     61.25456688	     -6.14882041	     -6.52555909	     10.44499944	     15.75134045	     60.02652087
      2.08333330	     -7.24184117	      0.87627983	     -3.55757442	     -2.11426735	      1.03726156	     -0.22370208	      7.81356586	      1.98156871	      4.27644840	      7.33800604	      0.12807237	     13.02280351	      0.19809581	     -7.49999987	      4.93489645	      0.51141863	     -3.48464558	      1.72565667	      0.03011839	     11.13517824	      3.14787278	     -7.49999987	      7.91425408	     -0.01983909	      2.29009136	     -2.49422220	     -8.02176377	     22.55811992	     13.03691716	     61.07420945	     -6.14332927	     -6.50764913	     10.17896065	     15.89673460	     59.91226990
      2.10000000	     -7.22405633	      0.87619096	     -3.65244543	     -2.11382310	      1.03754262	     -0.22325832	      7.76468434	      2.00357581	      4.45867034	      7.39495257	      0.12906627	     13.13695454	      0.05625753	     -7.49999987	      4.81543348	      0.49037654	     -3.62157070	      1.71361247	      0.02990818	     11.33243208	      3.45034936	     -7.49999987	      7.85985810	     -0.00796975	      2.41558241	     -2.57284445	     -8.04352509	     22.56716949	     13.02458695	     61.09594490	     -6.02744705	     -6.52330607	     10.18068635	     15.94900779	     59.91987909
      2.11666670	     -7.24376974	      0.87400785	     -3.67662975	     -2.11497620	      1.03720199	     -0.22276917	      7.78004971	      2.00705540	      4.32797864	      7.49750175	      0.13085609	     13.34317586	      0.29775501	     -7.49999987	      4.75780211	      0.47274541	     -3.61289511	      1.72582833	      0.03012139	     11.56929058	      3.76848043	     -7.49999987	      7.81378554	      0.00629198	      2.45997583	     -2.58387634	     -8.04470187	     22.61729173	     12.94478225	     61.02622027	     -5.83615233	     -6.54309885	     10.12334224	     16.02695705	     59.91686463
      2.13333330	     -7.39050704	      0.90971189	     -3.72558834	     -2.11527407	      1.03641727	     -0.22199278	      7.95111132	      2.00635530	      4.53160960	      7.63653751	      0.13328272	     13.41344162	     -0.04291405	     -7.49999987	      4.83707111	      0.49505200	     -3.25134622	      1.71271699	      0.02989255	     11.53901127	      3.35235811	     -7.49999987	      7.94314017	      0.00278756	      2.39931765	     -2.53385982	     -8.02753556	     22.78567312	     12.75672251	     61.53092835	     -5.58809590	     -6.61757821	     10.83430086	     15.76743769	     60.31319839
      2.15000000	     -7.31543344	      0.90181521	     -3.78356600	     -2.11369791	      1.03584953	     -0.22091573	      7.84661981	      2.01608333	      4.45383333	      7.71959563	      0.13473236	     13.53269896	      0.10178377	     -7.49999987	      4.65758565	      0.48974587	     -2.96701393	      1.66564669	      0.02907102	     11.54145438	      3.04439044	     -7.49999987	      7.71993807	      0.01731815	      2.48704263	     -2.57061551	     -8.03596045	     22.79326024	     12.77392440	     61.32314311	     -5.42237214	     -6.67333788	     10.56567292	     16.19435609	     60.19551573
      2.16666670	     -7.37541487	      0.92231004	     -3.92898253	     -2.11133922	      1.03496625	     -0.21932180	      7.90196963	      2.04072738	      4.59398418	      7.84608936	      0.13694009	     13.62962753	     -0.02656212	     -7.49999987	      4.62868844	      0.47802436	     -2.97883032	      1.63690370	      0.02856936	     11.61377705	      3.16142607	     -7.49999987	      7.66184378	     -0.01174292	      2.55530599	     -2.56890829	     -8.02863048	     22.84733915	     12.74534917	     61.19814457	     -5.24401200	     -6.73360299	     10.38945388	     16.38772884	     60.17178683
      2.18333330	     -7.37142046	      0.97244081	     -4.05419055	     -2.10896384	      1.03431751	     -0.21760803	      7.86779001	      2.02974424	      4.68323799	      7.95657584	      0.13886845	     13.89942379	      0.02791905	     -7.49999987	      4.54854522	      0.50373986	     -2.87429888	      1.65807044	      0.02893879	     11.72275717	      3.00547825	     -7.49999987	      7.56777872	     -0.05406041	      2.46103036	     -2.52091731	     -7.95110166	     22.92928754	     12.55733261	     61.11821161	     -5.00266924	     -6.81285238	     10.30420090	     16.35596669	     60.23273203
      2.20000000	     -7.41487242	      1.01314605	     -4.15541478	     -2.10634529	      1.03380136	     -0.21599878	      7.88652022	      2.03146784	      4.71837036	      8.10943531	      0.14153635	     14.18136123	      0.06034699	     -7.49999987	      4.52290138	      0.50568517	     -2.87472350	      1.70207452	      0.02970680	     11.88593093	      3.21433067	     -7.49999987	      7.53867292	     -0.09978301	      2.38461110	     -2.54050287	     -7.92179407	     23.02784420	     12.42202085	     61.23642693	     -4.71433243	     -6.92233043	     10.43930376	     16.23256639	     60.44464439
      2.21666670	     -7.38189346	      1.02792365	     -4.36205073	     -2.10333588	      1.03328994	     -0.21423365	      7.79177198	      2.07428968	      4.81445092	      8.22219522	      0.14350438	     14.42510281	      0.06397777	     -7.49999987	      4.38823131	      0.47454395	     -2.80009123	      1.75866880	      0.03069456	     11.95881205	      3.08278233	     -7.49999987	      7.45805693	     -0.10366772	      2.39366050	     -2.55817965	     -7.89240190	     23.09189095	     12.38065519	     61.25232991	     -4.54093129	     -7.02357901	     10.46772769	     16.28266239	     60.55832167
      2.23333330	     -7.33019997	      1.04299567	     -4.60457429	     -2.10035323	      1.03317804	     -0.21230439	      7.67163158	      2.11959739	      4.96304183	      8.35889276	      0.14589020	     14.64749742	      0.07535375	     -7.49999987	      4.20896845	      0.43674975	     -2.82799230	      1.83704682	      0.03206252	     12.03601811	      3.02377038	     -7.49999987	      7.39941142	     -0.09856115	      2.41110141	     -2.60366703	     -7.87056622	     23.01769474	     12.44529086	     61.18732155	     -4.46650714	     -7.09631950	     10.36231615	     16.34923105	     60.60343820
      2.25000000	     -7.24370809	      1.05176122	     -4.76781335	     -2.09732933	      1.03308480	     -0.21039085	      7.51067011	      2.16095862	      5.05573072	      8.52592183	      0.14880541	     15.04025843	      0.10404930	     -7.49999987	      4.00170730	      0.38286422	     -2.78140370	      1.97281355	      0.03443209	     12.15555780	      3.07003707	     -7.49999987	      7.33797760	     -0.10785625	      2.41079381	     -2.61324587	     -7.85616736	     22.92854662	     12.41416002	     61.19526702	     -4.37225168	     -7.16412816	     10.30127209	     16.24862802	     60.68443218
      2.26666670	     -7.18115991	      1.05915051	     -4.95576362	     -2.09356452	      1.03256954	     -0.20855844	      7.36324972	      2.20536321	      5.16072328	      8.68076560	      0.15150794	     15.35930707	      0.17643805	     -7.49999987	      3.83154932	      0.32444792	     -2.75343197	      2.16951110	      0.03786511	     12.25946333	      2.96264916	     -7.49999987	      7.32336881	     -0.09112093	      2.41027880	     -2.58614547	     -7.83268388	     22.80255337	     12.30060024	     61.22988649	     -4.41135293	     -7.23492747	     10.26484375	     16.29148139	     60.72572148
      2.28333330	     -7.07295194	      1.09391100	     -5.14844626	     -2.08960343	      1.03069097	     -0.20678550	      7.16747558	      2.24206787	      5.53740361	      8.84712411	      0.15441145	     15.46598898	     -0.28323846	     -7.49999987	      3.65455152	      0.29593446	     -2.67789205	      2.43093056	      0.04242774	     12.41146969	      2.79388628	     -7.49999987	      7.23060603	     -0.12189618	      2.51129741	     -2.65428354	     -7.84749046	     22.63604650	     12.35652789	     61.37498575	     -4.36149135	     -7.28374861	     10.17302750	     16.22489787	     60.82767574
      2.30000000	     -6.97977935	      1.14106348	     -5.34171100	     -2.08674284	      1.02774062	     -0.20507876	      7.04853957	      2.24781949	      5.67728041	      9.14767325	      0.15965702	     15.73237450	     -0.50960239	     -7.49999987	      3.58203945	      0.28352249	     -2.61336297	      2.81906148	      0.04920190	     12.59107883	      2.46992676	     -7.49999987	      7.13869153	     -0.14993327	      2.56508408	     -2.64319164	     -7.84370370	     22.50356483	     12.37495349	     61.56475331	     -4.26628719	     -7.30341027	     10.09438868	     16.12705506	     60.99701980
      2.31666670	     -6.89456649	      1.19866326	     -5.56832956	     -2.08484508	      1.02464396	     -0.20322980	      6.97104475	      2.25217967	      5.81605948	      9.51471096	      0.16606303	     16.00948045	     -0.45125979	     -7.49999987	      3.58766582	      0.27655358	     -2.50038059	      3.27587733	      0.05717485	     12.75129479	      2.11599185	     -7.49999987	      7.01860410	     -0.18076011	      2.73784911	     -2.62644862	     -7.87432555	     22.43036738	     12.42094619	     61.82479958	     -4.17366909	     -7.40631707	     10.16956734	     16.30211778	     61.18737864
      2.33333330	     -6.81763984	      1.26769000	     -5.76820197	     -2.08230027	      1.02307053	     -0.20131652	      6.93822504	      2.23982374	      5.89769813	      9.94316028	      0.17354088	     16.32772064	     -0.48282030	     -7.49999987	      3.70717698	      0.27121546	     -2.48677830	      3.88057780	      0.06772886	     13.08981965	      1.89561350	     -7.49999987	      6.83343980	     -0.22038386	      2.82790373	     -2.52760697	     -7.88145991	     22.36088535	     12.47051451	     62.07163375	     -4.09528455	     -7.48290531	     10.15523449	     16.45756599	     61.36563484
      2.35000000	     -6.71455744	      1.33041293	     -5.96818379	     -2.07811300	      1.02373874	     -0.19925073	      6.88543978	      2.24231544	      6.02626599	     10.38313544	      0.18121990	     16.64656093	     -0.57755137	     -7.49999987	      3.89427627	      0.25183604	     -2.46752640	      4.63633581	      0.08091933	     13.45715589	      1.69143756	     -7.49999987	      6.54692244	     -0.27068949	      2.92098458	     -2.33772555	     -7.91655170	     22.35291051	     12.47732207	     62.14277212	     -3.99643192	     -7.56780034	     10.14714706	     16.47499825	     61.41508518
      2.36666670	     -6.58393974	      1.40428918	     -6.17357286	     -2.07250024	      1.02377439	     -0.19713004	      6.81783143	      2.23656825	      6.15141096	     10.90177239	      0.19027182	     17.05752496	     -0.67627542	     -7.49999987	      4.13511644	      0.24371708	     -2.42397881	      5.55522979	      0.09695705	     13.90349313	      1.48141113	     -7.49999987	      6.22657987	     -0.30245415	      3.07281267	     -2.18207156	     -7.92700947	     22.35355051	     12.45296034	     62.21609409	     -3.96271203	     -7.63267367	     10.12212307	     16.50356217	     61.46166183
      2.38333330	     -6.42874429	      1.47740980	     -6.40796958	     -2.06641831	      1.02206858	     -0.19500534	      6.75816768	      2.23927689	      6.26317940	     11.56811552	      0.20190170	     17.56004167	     -0.75304943	     -7.49999987	      4.48026574	      0.22580362	     -2.37171192	      6.74952289	      0.11780140	     14.47991099	      1.25413236	     -7.49999987	      5.86780638	     -0.35224045	      3.27325991	     -2.04929158	     -7.95126141	     22.35807478	     12.39171139	     62.30665896	     -4.00831813	     -7.68074172	     10.07336993	     16.54816792	     61.51364285
      2.40000000	     -6.24306603	      1.55823596	     -6.64632293	     -2.06063223	      1.02069674	     -0.19307632	      6.66254064	      2.22919639	      6.36055031	     12.33865772	      0.21535020	     18.11330386	     -0.82090042	     -7.49999987	      4.94253272	      0.20510355	     -2.33962438	      8.26843152	      0.14431135	     15.07963512	      1.00034123	     -7.49999987	      5.50016215	     -0.40111658	      3.48846874	     -1.93026186	     -7.96146249	     22.36755862	     12.32620924	     62.39403522	     -4.14438076	     -7.72084800	     10.00814549	     16.59139853	     61.55590096
      2.41666670	     -6.01905659	      1.64961482	     -6.82908256	     -2.05517573	      1.02004398	     -0.19159380	      6.51274322	      2.19073088	      6.46595229	     13.20699754	      0.23050559	     18.74840054	     -0.90893904	     -7.49999987	      5.54572097	      0.17646742	     -2.36426179	     10.19634158	      0.17795973	     15.64547409	      0.68404372	     -7.49999987	      5.09354661	     -0.43674008	      3.70214378	     -1.82038735	     -7.95759841	     22.38035061	     12.26255785	     62.46982820	     -4.32934270	     -7.75579729	      9.93436145	     16.63640162	     61.58410150
      2.43333330	     -6.33537860	      1.73723649	     -6.89745649	     -2.04904128	      1.01879088	     -0.19055437	      6.99990246	      2.18131919	      6.25007973	     14.38036816	      0.25098477	     19.79393627	     -0.43304523	     -7.49999987	      6.99120557	      0.02504403	     -2.51022122	     12.77455207	      0.22295799	     16.52349245	      0.79149529	     -7.49999987	      5.42895331	     -0.38419798	      3.80592274	     -1.82500261	     -7.98403791	     22.40934586	     12.08859143	     62.84191203	     -4.93965034	     -7.75603307	      9.48270918	     17.07990226	     61.70425209
      2.45000000	     -5.93089797	      1.76031563	     -6.97002042	     -2.04238742	      1.01902410	     -0.18953902	      6.53475436	      2.18629556	      6.46490870	     15.27967986	      0.26668072	     20.49778453	     -0.53665846	     -7.49999987	      7.80936112	     -0.10928364	     -2.58367687	     15.65879562	      0.27329754	     16.79911146	      0.23937371	     -7.49999987	      4.85983850	     -0.37061392	      3.98769448	     -1.71922831	     -8.03605178	     22.40522432	     12.05251540	     62.91570322	     -5.19857432	     -7.75812053	      9.35521720	     17.10642253	     61.71064997
      2.46666670	     -6.08584214	      1.65984910	     -6.89621183	     -2.03634319	      1.01951620	     -0.18877206	      6.61736049	      2.32674675	      6.21693514	     16.14773983	      0.28183123	     21.37055796	      0.00003486	     -7.49999987	      9.47225280	     -0.45135148	     -2.60881565	     18.98665025	      0.33137956	     17.35295681	     -0.04067117	     -7.49999987	      5.03845419	     -0.13638506	      3.97800954	     -1.76561140	     -8.18868794	     22.35152050	     12.18476946	     63.18148725	     -5.86006845	     -7.68155195	      8.74677677	     17.60150888	     61.68938296
      2.48333330	     -5.78446562	      1.48486205	     -6.88263946	     -2.03210715	      1.02120973	     -0.18812153	      6.08085909	      2.51872851	      6.27605034	     16.69517752	      0.29138582	     21.86013668	      0.19074490	     -7.49999987	     10.64610571	     -0.77088579	     -2.57599362	     22.02307970	      0.38437525	     17.66132684	     -0.57531546	     -7.49999987	      4.45670404	      0.12742344	      4.21894156	     -1.64070921	     -8.35639227	     22.32337553	     12.23451239	     63.24606273	     -6.11832910	     -7.59805727	      8.55754988	     17.75146623	     61.66929878
      2.50000000	     -5.97104736	      1.29142912	     -6.75685266	     -2.02874130	      1.02212241	     -0.18797781	      6.01798727	      2.72065747	      5.87926833	     17.11851223	      0.29877440	     22.29982373	      0.98131335	     -7.49999987	     12.41826275	     -1.11032133	     -2.48372428	     24.77463164	      0.43239889	     18.14009259	     -0.78033184	     -7.49999987	      4.37667914	      0.47166406	      4.26954317	     -1.58158402	     -8.61855786	     22.19963124	     12.70835728	     63.37416225	     -6.66809480	     -7.50582044	      7.98029525	     18.32895161	     61.61226040
      2.51666670	     -5.85206627	      1.04660302	     -6.63399376	     -2.02582167	      1.02252481	     -0.18827032	      5.55195420	      2.96190483	      5.65958078	     17.33666649	      0.30258191	     22.31388703	      1.32773538	     -7.49999987	     13.88891300	     -1.37389040	     -2.31270040	     26.95817398	      0.47050890	     18.55374760	     -1.11272747	     -7.49999987	      3.67419713	      0.85637090	      4.59946645	     -1.32558040	     -8.94832395	     22.14883594	     13.20623153	     63.35222782	     -6.83045106	     -7.43801628	      7.87329276	     18.74406173	     61.59393772
      2.53333330	     -5.95930034	      0.82499150	     -6.26319508	     -2.02284856	      1.02084118	     -0.18933538	      5.29719456	      3.11351874	      4.73387793	     17.47694615	      0.30503025	     22.47933206	      2.51422199	     -7.49999987	     15.77445383	     -1.53092855	     -2.03281765	     28.75136940	      0.50180606	     19.12832141	     -1.06781723	     -7.49999987	      3.13014381	      1.27549578	      4.60622492	     -0.94949071	     -9.22069447	     21.64619307	     13.74071612	     63.16539516	     -7.03350331	     -7.32119271	      7.31328869	     19.28793664	     61.54403714
      2.55000000	     -6.23050059	      0.63035937	     -5.91399670	     -2.01975965	      1.01872060	     -0.19044208	      5.18094893	      3.30644372	      4.00849898	     17.48853414	      0.30523250	     22.39422882	      3.26005726	     -7.49999987	     17.95752431	     -1.64640880	     -1.94078613	     30.04316426	      0.52435213	     19.77201871	     -0.74868232	     -7.49999987	      2.61641870	      1.71706146	      4.72085467	     -0.60472805	     -9.58399012	     21.16778692	     14.48507092	     63.05275056	     -7.13718138	     -7.26460535	      7.01910645	     19.92339076	     61.59835029
      2.56666670	     -6.61121257	      0.40275778	     -5.39945712	     -2.01574443	      1.01743495	     -0.19146507	      5.13086906	      3.49807274	      2.83404260	     17.39166286	      0.30354178	     22.37618662	      4.33990814	     -7.49999987	     20.31808676	     -1.63779328	     -1.57010904	     30.75362639	      0.53675204	     20.40872442	     -0.43943923	     -7.49999987	      2.11836010	      2.25475120	      4.74955343	     -0.50693415	    -10.10988564	     20.50292157	     15.85683459	     62.89924137	     -7.42234930	     -7.25501068	      6.68445313	     21.21741288	     61.59198751
      2.58333330	     -6.99971975	      0.43413026	     -4.83956702	     -2.00998619	      1.01817436	     -0.19169563	      5.10127075	      3.42775396	      1.47590785	     17.31969292	      0.30228567	     22.53294350	      5.37345190	     -7.49999987	     22.53975287	     -1.30628798	     -1.35046904	     30.61572994	      0.53434529	     20.79061621	      0.16316612	     -7.49999987	      1.72319124	      2.48607273	      4.41698913	      0.13794752	    -10.34283702	     20.79232638	     16.08318845	     63.01429929	     -7.22403553	     -7.26674489	      7.49461179	     20.66688444	     62.04016000
      2.60000000	     -7.25129515	      0.42079807	     -4.34811588	     -2.00258239	      1.01940607	     -0.19144195	      4.75847377	      3.44782096	      0.41947411	     17.01596985	      0.29698470	     22.32512201	      5.78095980	     -7.49999987	     24.42220732	     -0.97339342	     -1.10761773	     29.85135197	      0.52100438	     20.97839543	      0.71631886	     -7.49999987	      1.25876205	      2.73992912	      4.34843098	      0.54776942	    -10.68087189	     20.71176438	     16.65226005	     62.98127107	     -7.27182376	     -7.27373156	      7.60430995	     20.90327662	     62.08917238
      2.61666670	     -7.57705803	      0.47711774	     -3.78439651	     -1.99492312	      1.02005826	     -0.19112196	      4.43184206	      3.32470854	     -1.09851243	     16.73363703	      0.29205706	     22.33794354	      6.94998596	     -7.49999987	     26.26288419	     -0.53417663	     -0.79001556	     28.62681762	      0.49963222	     21.10890918	      1.53526403	     -7.49999987	      0.83927480	      2.97344117	      3.86239444	      0.98581349	    -10.98450003	     20.52973340	     17.28724207	     62.94549495	     -7.49159602	     -7.27816542	      7.79911406	     20.83456566	     62.18170491
      2.63333330	     -7.86789627	      0.59939166	     -3.30759155	     -1.98807290	      1.02085348	     -0.19072062	      3.96027513	      3.12973349	     -2.51179466	     16.38963820	      0.28605315	     22.48683090	      8.19885621	     -7.49999987	     27.85487412	     -0.06216506	     -0.54741899	     26.83081679	      0.46828609	     20.95566206	      2.12044937	     -7.49999987	      0.51723180	      3.09892625	      3.53906058	      1.48279678	    -11.26309393	     20.28547421	     17.81826852	     62.95334427	     -7.71807785	     -7.26316689	      7.97999032	     20.67830946	     62.27851588
      2.65000000	     -8.15850092	      0.69372727	     -3.01627588	     -1.98184060	      1.02021136	     -0.19054328	      3.37221489	      3.05368615	     -3.17605350	     15.92387755	      0.27792409	     22.15653358	      8.49170379	     -7.49999987	     29.25547398	      0.27967051	     -0.39159982	     24.73201976	      0.43165518	     20.62485390	      2.74842247	     -7.49999987	      0.20334418	      3.28415810	      3.67356916	      2.01453892	    -11.51735204	     20.18056869	     17.87751167	     62.95549991	     -7.89420433	     -7.20132822	      8.00186478	     20.42674238	     62.29038273
      2.66666670	     -8.23023217	      1.04053984	     -2.63364108	     -1.97440743	      1.01934761	     -0.19099807	      2.42676787	      2.60608747	     -4.37717173	     15.35862275	      0.26805854	     22.06531237	      9.59563297	     -7.49999987	     30.09983707	      0.93521997	     -0.14858761	     22.41758845	      0.39126073	     19.79473856	      2.91368387	     -7.49999987	     -0.13199575	      2.96008181	      3.36570690	      2.51529455	    -11.61145516	     19.28864323	     18.51191581	     62.88042501	     -8.26419400	     -7.12743268	      7.69097773	     19.98425549	     62.08537219
      2.68333330	     -8.21973169	      1.29164153	     -2.51750252	     -1.96581668	      1.01829662	     -0.19159835	      1.44064621	      2.29067107	     -4.78510757	     14.89880512	      0.26003320	     21.76326009	     10.00693346	     -7.49999987	     30.69370804	      1.35547188	     -0.02296404	     20.53843223	      0.35846327	     18.95815208	      3.02128505	     -7.49999987	     -0.42856776	      2.81558809	      3.43276858	      3.04746858	    -11.78023911	     18.70255642	     18.75262759	     62.83237766	     -8.58121885	     -6.99702923	      7.32598018	     19.47711686	     61.85238103
      2.70000000	     -7.79901956	      1.58088000	     -2.51580883	     -1.95632738	      1.01840331	     -0.19201879	      0.00967798	      1.86609996	     -5.19692897	     14.50665669	      0.25318892	     21.58448166	     10.57306764	     -7.49999987	     30.65742426	      1.80459655	      0.32304264	     18.98988475	      0.33143601	     17.85518908	      2.57827221	     -7.49999987	     -1.24210710	      2.50958472	      3.65809246	      3.59442641	    -12.00889507	     18.61611042	     19.11324502	     63.21254752	     -8.99553730	     -6.99179036	      7.32060308	     19.26966166	     61.76434989
      2.71666670	     -7.49270873	      1.85369531	     -2.68293752	     -1.94619566	      1.01796259	     -0.19205551	     -1.29598894	      1.46621557	     -5.20824466	     14.22011985	      0.24818791	     21.17578469	     10.82287046	     -7.49999987	     30.68522243	      2.11792859	      0.48030104	     17.88266464	      0.31211138	     16.87118709	      2.17597839	     -7.49999987	     -1.75403940	      2.22152152	      3.93831604	      4.10889572	    -12.16563046	     18.43132222	     19.24637239	     63.35910157	     -9.43894996	     -6.88725368	      7.04756567	     18.83273216	     61.48533585
      2.73333330	     -7.18270077	      2.16702111	     -2.89741716	     -1.93553988	      1.01615852	     -0.19195219	     -2.61374990	      1.01946928	     -5.10380795	     14.03290551	      0.24492040	     20.63551809	     10.93675161	     -7.49999987	     30.70100767	      2.42983283	      0.55787843	     17.10023143	      0.29845534	     16.04887688	      1.71357184	     -7.49999987	     -2.25592259	      1.83783342	      4.21720260	      4.58134436	    -12.30279526	     18.43876315	     19.36070850	     63.57538441	     -9.94702397	     -6.80511245	      6.76127454	     18.46786101	     61.28143168
      2.75000000	     -7.03432124	      2.53329264	     -3.18110583	     -1.92452633	      1.01377859	     -0.19185212	     -3.74287868	      0.53924304	     -4.74900709	     13.92198982	      0.24298456	     19.85447899	     10.68877979	     -7.49999987	     30.90622696	      2.70974510	      0.37949409	     16.58169357	      0.28940515	     15.48311596	      1.42916347	     -7.49999987	     -2.48790203	      1.35533474	      4.50226439	      5.04095280	    -12.27765530	     18.10783900	     19.21184774	     63.57405665	    -10.37228294	     -6.68172036	      6.39764609	     17.58724805	     61.08264001
      2.76666670	     -6.73593093	      3.01107312	     -3.36888321	     -1.91312491	      1.01187145	     -0.19214933	     -5.09499675	     -0.10460823	     -4.64717752	     13.79000401	      0.24068097	     19.00596397	     10.69584668	     -7.49999987	     30.95650350	      3.20664215	      0.46496965	     16.23412560	      0.28333894	     14.74400602	      0.50875315	     -7.49999987	     -2.89029002	      0.70763086	      4.56731952	      5.30154547	    -12.37388184	     18.18666986	     19.60161113	     63.88380998	    -11.12842444	     -6.69903304	      6.13315011	     17.46821047	     60.96816389
      2.78333330	     -6.76226617	      3.44520728	     -3.61305442	     -1.90157986	      1.01004750	     -0.19249369	     -6.10939209	     -0.70391755	     -4.44336968	     13.77468806	      0.24041366	     17.95380795	     10.72538058	     -7.49999987	     31.54552985	      3.55905365	      0.10620260	     16.45310869	      0.28716092	     14.43666933	      0.08885373	     -7.49999987	     -2.82573045	      0.11333845	      4.71207482	      5.43640677	    -12.40449599	     18.15456958	     19.88280512	     63.87817665	    -11.94371800	     -6.72133305	      6.07659145	     17.23402981	     60.94211166
      2.80000000	     -6.25189022	      3.99166751	     -3.86630478	     -1.88994216	      1.00942582	     -0.19289712	     -7.75899715	     -1.42181046	     -3.90549611	     13.70658681	      0.23922507	     16.39311230	      9.94485088	     -7.49999987	     31.47300489	      4.14018050	      0.08306952	     16.62370438	      0.29013838	     13.54442349	     -1.16637082	     -7.49999987	     -3.38282705	     -0.66516122	      4.72258819	      5.76298388	    -12.33883090	     18.04514413	     19.96888932	     63.90386492	    -12.43273947	     -6.66217140	      5.64541012	     16.47257733	     60.80121575
      2.81666670	     -6.21527731	      4.43731399	     -4.08778532	     -1.87756844	      1.00750445	     -0.19330763	     -8.81356122	     -2.06211200	     -3.72151939	     13.86594837	      0.24200645	     15.16747081	      9.86556704	     -7.49999987	     32.08301795	      4.53114404	     -0.29140696	     17.42080332	      0.30405038	     13.25044030	     -1.73942880	     -7.49999987	     -3.39877883	     -1.30435649	      4.84008389	      5.78628457	    -12.30723692	     18.00765771	     20.19635107	     63.90048132	    -13.08014209	     -6.80245766	      5.53543249	     16.30115098	     60.76480807
      2.83333330	     -5.56130238	      4.97178607	     -4.24865445	     -1.86485686	      1.00603730	     -0.19362152	    -10.48737823	     -2.74338553	     -3.06472363	     13.95236985	      0.24351479	     13.52397870	      8.53808773	     -7.49999987	     31.83050733	      5.18882576	     -0.09019234	     17.94817931	      0.31325482	     12.26858294	     -3.35041256	     -7.49999987	     -4.13945661	     -2.14380983	      4.76258801	      6.06553997	    -12.17487334	     17.86356120	     20.22526459	     63.97863791	    -13.28405532	     -6.85850032	      4.99697567	     15.65374518	     60.64899453
      2.85000000	     -5.18134759	      5.47530633	     -4.41138742	     -1.85227351	      1.00319042	     -0.19385150	    -11.69179525	     -3.41004568	     -2.68168099	     14.22289043	      0.24823627	     12.20791499	      7.66533206	     -7.49999987	     31.91797266	      5.73742241	     -0.03374950	     18.81086317	      0.32831150	     11.60443165	     -4.51842493	     -7.49999987	     -4.61948128	     -2.92866345	      4.67024057	      6.25670468	    -12.01073002	     17.81358211	     20.35202157	     64.12795518	    -13.53256655	     -7.05659111	      4.58213887	     15.40081294	     60.64042928
      2.86666670	     -4.78886683	      5.95488419	     -4.60207663	     -1.83946758	      1.00103190	     -0.19419870	    -12.74960397	     -4.05210655	     -2.35398102	     14.54476726	      0.25385408	     10.80049063	      6.75763715	     -7.49999987	     31.89794397	      6.25738941	      0.12045745	     19.77347456	      0.34511224	     10.92457913	     -5.72719635	     -7.49999987	     -5.16842241	     -3.71115120	      4.54245731	      6.51878930	    -11.83059640	     17.83192118	     20.47479765	     64.34164375	    -13.69682630	     -7.30966091	      4.25469769	     15.23043768	     60.71274706
      2.88333330	     -4.32426848	      6.43776470	     -4.81779635	     -1.82500714	      1.00053403	     -0.19484790	    -13.74599609	     -4.70063858	     -2.00754795	     14.89324770	      0.25993621	      9.23053116	      5.73925146	     -7.49999987	     31.62559189	      6.82103516	      0.38088869	     20.78653995	      0.36279356	     10.13536658	     -6.97629677	     -7.49999987	     -5.82051108	     -4.48319177	      4.38729377	      6.77510900	    -11.63833465	     17.88043048	     20.59636155	     64.60960910	    -13.80169619	     -7.56491803	      3.92239014	     15.15254197	     60.83775359
      2.90000000	     -3.74676241	      6.89676022	     -5.07964398	     -1.80845557	      1.00033689	     -0.19595490	    -14.71939241	     -5.35954215	     -1.63785020	     15.35828665	      0.26805267	      7.73517406	      4.70910587	     -7.49999987	     31.04870809	      7.41686325	      0.65940355	     21.85643701	      0.38146679	      9.27158040	     -8.19687552	     -7.49999987	     -6.58157895	     -5.23881537	      3.72819151	      7.32822071	    -11.35289720	     17.89528104	     20.34090051	     67.96095791	    -14.38201196	     -7.46489670	      0.40680836	     15.66903225	     63.31423539
      2.91666670	     -3.24898869	      7.42368241	     -5.41617215	     -1.79047715	      1.00131634	     -0.19750188	    -15.43276015	     -6.13779326	     -1.25089772	     16.00806316	      0.27939341	      6.32758179	      3.71192121	     -7.49999987	     30.32005894	      8.08106436	      0.80015531	     22.72948280	      0.39670431	      8.33039761	     -9.27229509	     -7.49999987	     -7.14440187	     -6.04256215	      3.67580809	      7.23049327	    -11.20067481	     17.75831009	     20.48660696	     68.03000932	    -14.48815992	     -7.66815257	      0.38214936	     15.45238736	     63.51504818
      2.93333330	     -2.64323439	      7.77670402	     -5.71365995	     -1.77227214	      1.00248232	     -0.19944427	    -16.07678110	     -6.76921512	     -0.95940975	     16.93391338	      0.29555254	      4.88043048	      2.69032066	     -7.49999987	     29.34909474	      8.67220120	      1.02882378	     23.50273921	      0.41020018	      7.32307124	    -10.47493154	     -7.49999987	     -7.83963923	     -6.62641675	      3.82059042	      6.77457764	    -11.19034615	     16.90827982	     20.93003065	     68.02685378	    -14.43388834	     -7.77768752	      0.13647069	     15.15960775	     63.97278208
      2.95000000	     -2.10158440	      8.16884947	     -6.07807028	     -1.75334898	      1.00194337	     -0.20089910	    -16.48278505	     -7.47354852	     -0.70632489	     18.17063420	      0.31713739	      3.30298251	      1.70851949	     -7.49999987	     28.31052251	      9.26491343	      1.08597276	     24.08571082	      0.42037496	      6.52434842	    -11.59410502	     -7.49999987	     -8.33475279	     -7.28474225	      3.91032978	      6.24144726	    -11.10705319	     16.26356502	     21.35599093	     68.14629763	    -14.48754370	     -7.88469262	     -0.26511917	     14.85039852	     64.38039526
      2.96666670	     -1.54871122	      8.61106312	     -6.51232564	     -1.73333427	      1.00144992	     -0.20182041	    -16.90019785	     -8.22533932	     -0.40376642	     19.46462112	      0.33972173	      1.41983073	      0.56879288	     -7.49999987	     27.15001444	      9.90634629	      1.12589844	     24.59823221	      0.42932014	      6.09254593	    -12.65558130	     -7.49999987	     -8.73865958	     -7.98326763	      3.79221195	      5.84686364	    -10.92626602	     14.71770016	     21.40158198	     72.71906913	    -14.84631782	     -7.83247484	     -3.40731471	     15.02384016	     68.84141392
      2.98333330	     -1.12722096	      9.19193625	     -7.01258900	     -1.71278422	      1.00174083	     -0.20248795	    -17.12535908	     -9.14310817	     -0.19681680	     20.88670545	      0.36454178	     -0.65689380	     -0.25385358	     -7.49999987	     25.99783722	     10.63698642	      1.02657227	     25.03596275	      0.43695998	      5.99649089	    -13.55944240	     -7.49999987	     -8.73496063	     -8.83242614	      4.13839808	      5.02845761	    -10.82335067	     14.31448879	     21.57699053	     72.29961860	    -14.80299744	     -8.11252277	     -3.10388828	     14.55490719	     68.63694646
      3.00000000	     -0.56804398	      9.70036684	     -7.34677800	     -1.69324456	      1.00254431	     -0.20319351	    -17.25330499	     -9.92694249	     -0.05586939	     22.62391233	      0.39486176	     -3.09644989	     -1.34875551	     -7.49999987	     24.51403583	     11.36810362	      1.03126913	     25.31855938	      0.44189222	      6.04637671	    -14.32132603	     -7.49999987	     -8.83829589	     -9.61206606	      4.19411895	      4.11854633	    -10.67389891	     13.84136892	     21.87322537	     72.34843044	    -14.90418686	     -8.43166114	     -3.32015581	     14.49875188	     68.71052847
      3.01666670	      0.17138982	      9.91295946	     -7.43350018	     -1.67574573	      1.00417236	     -0.20431458	    -16.91237539	    -10.37339955	     -0.04593456	     25.18435715	      0.43954995	     -5.69738013	     -2.75194547	     -7.49999987	     22.62430513	     11.86100728	      1.09889158	     25.36235409	      0.44265658	      6.14043410	    -14.76260387	     -7.49999987	     -9.26604754	    -10.07293023	      3.98157564	      3.26220544	    -10.50699621	     13.54880341	     21.94119459	     72.51552760	    -14.80949835	     -8.70352073	     -3.60941970	     14.55742706	     68.91152328
      3.03333330	      1.15348712	      9.65012569	     -7.29666307	     -1.65982086	      1.00592057	     -0.20618779	    -15.98511094	    -10.34464522	     -0.12062069	     28.81649685	      0.50294275	     -8.67210633	     -4.61983956	     -7.49999987	     20.20127265	     11.95073716	      1.38884672	     25.00511233	      0.43642154	      6.08275223	    -15.14423434	     -7.49999987	    -10.17583635	     -9.99563427	      3.45335794	      2.55214355	    -10.47892742	     13.48482813	     22.03410582	     72.55359998	    -14.55233696	     -8.91822848	     -3.83956371	     14.83570196	     69.02109969
      3.05000000	      2.10512765	      9.17482048	     -7.04775808	     -1.64392577	      1.00708920	     -0.20867327	    -14.21615661	    -10.20859339	     -0.46025193	     33.57744715	      0.58603701	    -11.76088209	     -6.65056640	     -7.49999987	     17.62173845	     11.80864592	      1.68989396	     24.20372449	      0.42243468	      6.13713781	    -15.18878891	     -7.49999987	    -11.23039057	     -9.68921284	      2.86366030	      1.83631703	    -10.52189068	     13.46315945	     22.25098132	     72.44618335	    -14.06050420	     -9.12183036	     -3.95137847	     15.29880227	     69.02094084
      3.06666670	      3.16355250	      8.33294185	     -7.05004137	     -1.62806227	      1.00792994	     -0.21135435	    -12.04765383	     -9.81304970	     -0.46813111	     38.91265673	      0.67915398	    -14.78955752	     -9.00485227	     -7.49999987	     14.84029010	     11.23575414	      1.79887201	     23.07115336	      0.40266759	      6.23365183	    -15.12895487	     -7.49999987	    -12.54641286	     -8.94083573	      2.45723545	      1.35683982	    -10.70883207	     13.49213420	     22.43285770	     72.42544478	    -13.32951871	     -9.16617624	     -3.99595236	     15.74870468	     69.14981169
      3.08333330	      4.01012116	      7.50196979	     -7.06972999	     -1.61288937	      1.01024156	     -0.21427137	     -9.46327877	     -9.47219988	     -0.56143327	     44.28705306	      0.77295489	    -16.79155156	    -10.93992293	     -7.49999987	     12.25807115	     10.62941717	      1.69833577	     21.70729918	      0.37886384	      6.47779593	    -14.83131480	     -7.49999987	    -13.65655678	     -8.18473260	      2.14363996	      0.86425446	    -10.96258526	     13.58144052	     22.65035836	     72.40013410	    -12.50050632	     -9.23382144	     -3.97823664	     16.49926928	     69.27496821
      3.10000000	      4.69660844	      6.56267914	     -7.11271668	     -1.59837104	      1.01243276	     -0.21699925	     -6.61996574	     -8.90779153	     -0.41360184	     49.11810564	      0.85727267	    -17.72425721	    -12.58425661	     -7.49999987	      9.82483888	      9.87582314	      1.40309214	     20.23886793	      0.35323488	      6.64220601	    -14.20281884	     -7.49999987	    -14.62386953	     -7.23646469	      1.98081087	      0.34089134	    -11.28502195	     13.73428741	     22.82526669	     72.43551595	    -11.61276528	     -9.27611034	     -3.87566193	     17.45651043	     69.49906840
      3.11666670	      5.29879878	      5.61134142	     -7.09760387	     -1.58314663	      1.01631833	     -0.21888304	     -3.48702649	     -8.20151343	     -0.18739527	     53.54502047	      0.93453691	    -17.28853401	    -14.18948340	     -7.49999987	      7.42754988	      9.09599426	      0.98700551	     18.61291430	      0.32485664	      6.83199013	    -13.34015308	     -7.49999987	    -15.56641847	     -6.26843307	      1.82883161	     -0.16954164	    -11.61822858	     13.87405301	     22.89966799	     72.48170000	    -10.57231969	     -9.37115918	     -3.69206365	     18.51461813	     69.79670746
      3.13333330	      5.62905301	      4.53257693	     -6.74217593	     -1.56633829	      1.02099437	     -0.22018097	     -0.12167081	     -7.15153673	     -0.14436760	     56.87711459	      0.99269292	    -15.49134359	    -15.45658513	     -7.49999987	      5.27247984	      8.20180231	      1.03396617	     17.00233180	      0.29674667	      7.00015161	    -12.53103700	     -7.49999987	    -16.22235631	     -4.99106255	      1.27819159	     -0.73924940	    -11.87789243	     13.90444852	     23.03669044	     72.38005043	     -9.55688075	     -9.49005472	     -3.60999517	     19.56455183	     69.83748956
      3.15000000	      6.19758705	      3.56111823	     -6.81152818	     -1.54969569	      1.02561622	     -0.22049696	      3.03722732	     -6.02524913	      0.43912604	     59.09661522	      1.03143051	    -12.42170399	    -16.24705763	     -7.49999987	      2.74834745	      7.30647381	      0.17531978	     15.10084288	      0.26355943	      7.63450741	    -10.56532489	     -7.49999987	    -17.17778799	     -4.09766665	      1.67414716	     -1.37437331	    -12.01622138	     13.80816179	     22.68184097	     72.64580354	     -8.03777349	     -9.84258130	     -2.59755530	     20.80557522	     71.20791936
      3.16666670	      6.43919389	      2.68254753	     -6.63276931	     -1.53453016	      1.02989185	     -0.22196209	      6.27447886	     -4.88321608	      0.78192277	     60.10999433	      1.04911731	     -8.78831207	    -16.47631493	     -7.49999987	      0.54325626	      6.59739890	      0.11004187	     13.18891276	      0.23018995	      7.80970034	     -9.60843592	     -7.49999987	    -17.62128990	     -3.08068838	      1.51601519	     -2.01121633	    -12.23369621	     13.62658204	     22.45846142	     72.61902095	     -6.66380971	    -10.15476751	     -2.31720469	     21.94816974	     71.59524610
      3.18333330	      6.62241519	      1.87591116	     -6.25887834	     -1.52143067	      1.03445041	     -0.22366463	      9.15462817	     -3.75103985	      0.81397609	     59.89846298	      1.04542540	     -5.36451149	    -16.45283321	     -7.49999987	     -1.59562009	      5.93537686	      0.20272303	     11.32531240	      0.19766399	      8.06871536	     -8.54112395	     -7.49999987	    -17.98873464	     -2.13908593	      1.33236171	     -2.62389783	    -12.22957360	     13.32042077	     22.07884616	     72.57708789	     -5.11525805	    -10.51758705	     -1.82036950	     23.12298867	     72.09737386
      3.20000000	      6.74056745	      1.22427062	     -5.84156674	     -1.50869360	      1.03929444	     -0.22496288	     11.56728902	     -2.76010733	      0.73096772	     58.48190288	      1.02070176	     -2.59297078	    -16.10667813	     -7.49999987	     -3.62227813	      5.43036954	      0.46213797	      9.58566563	      0.16730143	      8.35388683	     -7.68290687	     -7.49999987	    -18.26830252	     -1.31832459	      1.10872329	     -3.19157314	    -12.13047389	     12.94683086	     21.48841851	     72.53714006	     -3.54334888	    -10.95076297	     -1.20336700	     24.16748564	     72.62292869
      3.21666670	      6.88807682	      0.70431633	     -5.40109383	     -1.49520943	      1.04350650	     -0.22564670	     13.33686277	     -1.89315954	      0.63119548	     55.98431678	      0.97711066	     -0.30621166	    -15.49973381	     -7.49999987	     -5.58683794	      5.02106283	      0.58472796	      8.07092647	      0.14086424	      8.64578846	     -6.72833797	     -7.49999987	    -18.56772053	     -0.65788012	      1.27857484	     -4.03960328	    -11.77410638	     11.08866171	     20.96924589	     72.42130492	     -1.60181572	    -11.72177693	      1.45100534	     25.01715162	     74.55937864
      3.23333330	      6.53793062	      0.59339511	     -5.08002805	     -1.48116707	      1.04566918	     -0.22563303	     15.24418266	     -1.29220232	      0.87899400	     52.76053296	      0.92084502	      0.96751107	    -15.41696095	     -7.49999987	     -6.82781932	      4.99716243	      0.90755051	      6.84774685	      0.11951573	      8.72043604	     -6.49614925	     -7.49999987	    -18.21334506	     -0.50894583	      0.74700319	     -4.60306738	    -11.45543202	     11.11261552	     20.60192008	     72.44839167	     -0.11171419	    -12.19603272	      1.39884228	     25.62306905	     74.60697935
      3.25000000	      6.69944273	      0.03478700	     -4.38861726	     -1.46648220	      1.04675315	     -0.22584595	     15.90857892	     -0.51338803	      0.39818821	     48.51036486	      0.84666559	      2.95685661	    -13.41727715	     -7.49999987	     -8.54936892	      4.48086817	      1.17132100	      5.73525676	      0.10009911	      8.81899289	     -5.76043646	     -7.49999987	    -18.50855491	      0.31876966	      1.90974563	     -6.14283513	    -10.99943162	      8.30174443	     19.90507574	     72.57269978	      2.73353541	    -12.68490611	      4.99586452	     26.12987567	     76.30350984
      3.26666670	      6.34998732	     -0.13837126	     -3.90902988	     -1.45094990	      1.04489713	     -0.22482359	     17.08095628	      0.10242553	      0.41205172	     43.97222644	      0.76746013	      3.82626919	    -12.17825841	     -7.49999987	     -9.53610140	      4.32408683	      1.39738068	      4.74920796	      0.08288932	      8.86564206	     -5.44182961	     -7.49999987	    -18.17073769	      0.62237400	      1.69780901	     -7.03299234	    -10.59068716	      8.18236740	     19.29343803	     72.63458032	      4.41283079	    -13.05335928	      5.16138775	     27.14159785	     76.36403459
      3.28333330	      6.17235630	     -0.24800175	     -3.45635709	     -1.43459121	      1.04158794	     -0.22378268	     18.02319440	      0.66734393	      0.52938508	     39.10829103	      0.68256844	      4.68227953	    -10.51647587	     -7.49999987	    -10.66171260	      4.21959432	      1.51193272	      3.80006911	      0.06632372	      9.10220491	     -5.02796556	     -7.49999987	    -18.16170218	      0.76335640	      1.70765209	     -8.08052884	    -10.06493901	      7.66438393	     18.54556834	     72.68734156	      6.19166110	    -13.53444920	      6.09250774	     28.57687601	     76.66761142
      3.30000000	      5.56542762	     -0.32948766	     -3.14174239	     -1.41704261	      1.03666655	     -0.22331288	     19.36042261	      1.23669584	      0.82687726	     34.07860879	      0.59478393	      5.03222812	     -9.15941858	     -7.49999987	    -11.36216820	      4.11206665	      1.54065704	      2.89633740	      0.05055062	      9.33119956	     -4.84418561	     -7.49999987	    -17.45956440	      0.89330012	      1.55782003	     -9.24497754	     -9.61222599	      7.48616241	     18.03808460	     72.72025337	      7.67324403	    -13.96279640	      6.47648600	     29.76249245	     76.79988258
      3.31666670	      5.14766320	      0.01074417	     -2.97821621	     -1.40006514	      1.03233864	     -0.22325177	     20.46779697	      1.39028968	      1.71883109	     29.47460145	      0.51442884	      5.61055103	     -8.21128912	     -7.49999987	    -12.09330106	      4.43859899	      1.62483212	      2.31764424	      0.04045052	      9.83239472	     -4.87773033	     -7.49999987	    -16.99687579	      0.44658586	      1.12595266	    -10.11978398	     -9.10130570	      7.46046386	     17.56431924	     72.78449577	      9.18911367	    -14.52818154	      6.54682762	     30.54107216	     76.90551067
      3.33333330	      4.72834630	     -0.69465145	     -2.54441939	     -1.38309939	      1.02939892	     -0.22443844	     20.89002672	      2.17028871	      1.32992989	     24.59197184	      0.42921088	      6.44921739	     -5.57279403	     -7.49999987	    -12.87458376	      3.63341593	      1.60287696	      1.94127462	      0.03388163	     11.20322288	     -4.47032918	     -7.49999987	    -16.42880638	      1.38032499	      2.04113866	    -11.73663261	     -8.85718995	      7.02716824	     16.65016154	     72.87629518	     10.61642655	    -14.44360654	      7.75875907	     32.75220355	     77.25632283
      3.35000000	      5.00266643	     -0.77527891	     -2.31023128	     -1.36714294	      1.02866154	     -0.22398409	     20.71272997	      2.34317730	      1.42223526	     20.59807295	      0.35950419	      7.97652588	     -2.98342318	     -7.49999987	    -14.33700277	      3.52119849	      1.22425513	      1.69944299	      0.02966088	     13.00097488	     -3.25799978	     -7.49999987	    -16.73141438	      1.45479164	      3.42188236	    -13.77242376	     -8.17492476	      4.10574542	     17.40281263	     72.89125561	     12.87533549	    -15.22290525	     13.02951041	     34.40137095	     77.64440419
      3.36666670	      4.67376271	     -0.93280227	     -2.02223688	     -1.34912451	      1.02885985	     -0.22277004	     21.04083603	      2.64598490	      1.72706482	     16.95938691	      0.29599714	      8.64010048	     -1.86567687	     -7.49999987	    -15.15603525	      3.30854785	      1.46117539	      1.72771008	      0.03015423	     14.38586011	     -3.44605520	     -7.49999987	    -16.12484670	      1.67255248	      3.88867838	    -14.90027444	     -7.74302772	      3.87799749	     16.64522730	     73.13144345	     14.20270674	    -15.04585683	     13.32212834	     35.07161114	     77.65821876
      3.38333330	      4.87338974	     -1.14613146	     -1.73597475	     -1.32955953	      1.02929251	     -0.22181931	     20.76158687	      2.97490526	      1.75364823	     13.86619988	      0.24201084	      9.43520826	     -0.48915645	     -7.49999987	    -16.64046974	      3.03898149	      1.32382209	      1.77892192	      0.03104804	     15.77560581	     -2.88463404	     -7.49999987	    -16.16066938	      1.94410783	      5.42899463	    -17.05709789	     -6.96484582	      0.69562765	     17.70995210	     74.04121771	     16.43629821	    -15.00211140	     17.50688378	     35.27037338	     75.92194886
      3.40000000	      4.72123317	     -1.24211984	     -1.50520313	     -1.31040198	      1.02810847	     -0.22158614	     20.90362595	      3.29978118	      2.10654457	     11.44081483	      0.19967989	      9.83230957	     -0.04673166	     -7.49999987	    -17.71590191	      2.88511201	      1.47956962	      1.95827352	      0.03417832	     16.53939594	     -3.08442022	     -7.49999987	    -15.66725856	      2.10938570	      5.41775021	    -17.75467171	     -6.55736026	      0.74629254	     16.95541675	     74.21285843	     17.07391888	    -14.90854576	     17.45765677	     35.57539302	     75.91956650
      3.41666670	      4.92362170	     -1.69960211	     -1.07427421	     -1.29254119	      1.02609458	     -0.22232407	     20.62523419	      3.89742013	      1.69807992	      9.58965469	      0.16737105	      9.61114900	      0.29479459	     -7.49999987	    -19.12232287	      2.31170333	      1.45546409	      2.20688975	      0.03851749	     17.41158844	     -2.93738178	     -7.49999987	    -15.69251182	      2.71651558	      5.48861143	    -18.39306983	     -6.35491149	      1.07005658	     16.41569699	     74.17915605	     17.44354731	    -14.92014220	     18.12804853	     37.01834135	     73.30705065
      3.43333330	      4.93036721	     -1.98337072	     -0.76112261	     -1.27485849	      1.02359331	     -0.22292918	     20.74451468	      4.38054824	      1.44704594	      8.92545441	      0.15577857	      9.06240874	      0.03828696	     -7.49999987	    -20.16742759	      1.91494962	      1.25505614	      2.68310298	      0.04682898	     17.84179118	     -2.92801859	     -7.49999987	    -15.48191165	      3.11176175	      5.69265007	    -18.86170237	     -6.18709726	      1.39734584	     16.02626144	     73.98380831	     17.92321354	    -14.74363897	     18.84960121	     37.69543486	     71.48299602
      3.45000000	      5.08047299	     -2.36424360	     -0.45031033	     -1.25606238	      1.02092179	     -0.22355647	     20.72901527	      4.93047611	      0.96246495	      9.31731832	      0.16261788	      7.98056178	     -0.68200961	     -7.49999987	    -21.15617195	      1.39455736	      0.89380127	      3.66777657	      0.06401478	     17.96395364	     -3.21851336	     -7.49999987	    -15.47868967	      3.62187310	      6.60668157	    -19.82476734	     -5.89555999	      0.02739908	     16.79401490	     73.91307746	     18.94972351	    -14.30892060	     21.10258179	     37.73193642	     68.15983061
      3.46666670	      5.03348048	     -2.64120945	     -0.15364635	     -1.23598532	      1.01882185	     -0.22384987	     20.98109577	      5.34443862	      0.44066943	     10.70078662	      0.18676396	      6.38781466	     -1.83733215	     -7.49999987	    -21.65731808	      0.93341158	      0.38627653	      5.31245913	      0.09271990	     17.55541105	     -3.70084295	     -7.49999987	    -15.24504225	      4.01486367	      6.76672738	    -19.94716648	     -5.93511856	      0.11587543	     16.83162334	     73.87191556	     18.96331505	    -13.96550849	     21.09863875	     38.23302217	     67.93320520
      3.48333330	      4.97310404	     -2.82058967	      0.15817448	     -1.21492088	      1.01715418	     -0.22377256	     21.25406527	      5.65027867	      0.22827470	     12.66578789	      0.22105970	      4.47890844	     -3.44122003	     -7.49999987	    -21.89915928	      0.51282490	     -0.24304708	      7.55184652	      0.13180459	     16.51683801	     -4.43498644	     -7.49999987	    -14.97728978	      4.30936304	      6.78590823	    -19.81635497	     -6.08132384	      0.19103651	     16.93705824	     73.72194585	     18.78623739	    -13.66796485	     21.02534072	     38.59633076	     67.54222854
      3.50000000	      4.85699872	     -2.96938926	      0.52819251	     -1.19356636	      1.01503937	     -0.22354049	     21.51266572	      5.87996018	      0.04478839	     14.75736084	      0.25756454	      2.91649986	     -4.71217108	     -7.49999987	    -21.82356057	      0.05010223	     -0.83549473	     10.28747836	      0.17955037	     14.75346915	     -5.27561024	     -7.49999987	    -14.62842735	      4.60437870	      6.75382485	    -19.71007336	     -6.24741915	      0.27703920	     17.11450640	     73.54808763	     18.42876592	    -13.38560818	     20.96044770	     38.84907670	     67.19439439
      3.51666670	      4.88730526	     -3.15167000	      0.91564172	     -1.17210963	      1.01217994	     -0.22306716	     21.47679502	      6.10986487	     -0.23776483	     16.75283227	      0.29239208	      2.28246068	     -5.15585700	     -7.49999987	    -21.64302811	     -0.55807086	     -1.82114606	     13.40873567	      0.23402659	     12.36129496	     -5.49045023	     -7.49999987	    -14.47762229	      4.98440281	      6.71922830	    -19.74743478	     -6.39055691	      0.31312865	     17.40068197	     73.45585346	     18.04129749	    -13.15387099	     21.01723449	     38.95710865	     67.08874713
      3.53333330	      4.54363089	     -3.35878983	      1.26405502	     -1.14948768	      1.01002615	     -0.22249937	     21.62903599	      6.46536839	      0.17919283	     18.55444276	      0.32383612	      1.46176892	     -6.74372888	     -7.49999987	    -20.76730082	     -1.17840723	     -2.18743221	     16.88198178	      0.29464617	      8.32909621	     -7.21347259	     -7.49999987	    -13.80866822	      5.35640328	      6.68034973	    -19.82526008	     -6.48008471	      0.60178989	     17.21005399	     73.33509365	     17.40826903	    -12.94358753	     21.07249480	     38.93720079	     66.78654260
      3.55000000	      4.65653202	     -3.76778586	      1.64937212	     -1.12543061	      1.01107444	     -0.22241656	     21.03623918	      6.98620448	      0.24122640	     20.19820378	      0.35252516	      1.76998596	     -7.34155647	     -7.49999987	    -20.01937356	     -2.21268503	     -3.08242795	     20.87296826	      0.36430202	      4.06835635	     -7.32425392	     -7.49999987	    -13.66235678	      5.94914542	      6.68020921	    -19.97129747	     -6.58272490	      0.74076172	     17.13592629	     73.27497075	     16.76256306	    -12.70735281	     21.19891252	     38.76136305	     66.68176975
      3.56666670	      4.51234255	     -4.12355126	      2.08595012	     -1.10051074	      1.01389290	     -0.22305893	     20.44762257	      7.43272233	      0.39147451	     21.59521046	      0.37690753	      2.16493183	     -8.11042295	     -7.49999987	    -18.49811057	     -3.13529840	     -3.04895182	     25.44668421	      0.44412842	     -1.88158093	     -9.10851702	     -7.49999987	    -13.00527758	      6.54803193	      6.44410872	    -19.64556531	     -6.72408594	      1.66470867	     15.96857401	     72.89716200	     16.01295619	    -12.38278012	     21.48003759	     37.64297655	     66.08313939
      3.58333330	      4.68008453	     -4.69257870	      2.40731201	     -1.07584525	      1.01680415	     -0.22333981	     19.12625189	      8.15197319	      0.47171760	     22.38426125	      0.39067906	      3.15685529	     -8.40683560	     -7.49999987	    -16.88490822	     -4.40211121	     -3.38742795	     30.50735908	      0.53245386	     -7.00523256	     -9.03289166	     -7.49999987	    -12.85490051	      7.37672851	      6.52705281	    -19.98239476	     -7.04621733	      1.74898142	     16.80190513	     72.37052130	     14.72887714	    -12.22297859	     21.64099151	     37.68948380	     65.78085253
      3.60000000	      5.12709131	     -4.90930131	      2.92735141	     -1.05421221	      1.02002880	     -0.22329721	     17.19268616	      8.40918400	      0.19950488	     22.38732970	      0.39073261	      3.68521895	     -8.52867999	     -7.49999987	    -15.05974061	     -5.09250103	     -2.49427454	     35.71131131	      0.62327996	    -11.70098355	    -10.52998950	     -7.49999987	    -12.89298478	      7.73273050	      6.57218145	    -18.96101350	     -7.11512562	      2.43125214	     14.97470781	     72.12721608	     14.45447762	    -11.58419111	     22.25933253	     35.23256081	     65.44362169
      3.61666670	      5.48893662	     -5.06570295	      3.16018982	     -1.03417881	      1.02390837	     -0.22244384	     15.06283223	      8.69365090	      0.15540918	     21.69953077	      0.37872826	      4.29880025	     -8.56444753	     -7.49999987	    -12.88790396	     -5.64373641	     -1.92112047	     40.72220371	      0.71073653	    -13.88793190	    -10.80884311	     -7.49999987	    -13.22527322	      8.02271438	      6.80097465	    -18.45975868	     -7.41024118	      2.51339613	     15.52475666	     71.79057183	     13.42296593	    -11.37391326	     22.57729126	     34.71074705	     65.25624809
      3.63333330	      5.83294419	     -4.88771367	      3.43726384	     -1.01368137	      1.02805939	     -0.22149260	     12.78458173	      8.61294328	     -0.00289591	     20.54119046	      0.35851141	      4.80378361	     -8.43634854	     -7.49999987	    -10.38491662	     -5.70605136	     -0.97273492	     45.45393382	      0.79332080	    -14.24494170	    -11.41188480	     -7.49999987	    -13.60986314	      7.88067608	      6.83128242	    -17.43691181	     -7.64488974	      2.59508839	     15.63791090	     71.55967476	     12.65944214	    -11.20663051	     22.96589405	     33.54773039	     65.12266736
      3.65000000	      5.79146863	     -4.38521816	      3.68112006	     -0.99118024	      1.03000097	     -0.22028618	     10.89849465	      8.13615155	     -0.50287169	     19.35813218	      0.33786314	      5.50712838	     -7.62560377	     -7.49999987	     -7.32898780	     -5.33276613	      0.04544745	     49.82526962	      0.86961501	    -12.91715858	    -11.65329191	     -7.49999987	    -13.26078954	      7.29645105	      6.74100275	    -15.69851611	     -7.66251353	      3.52328591	     14.03252158	     71.09020025	     12.64926128	    -10.79456209	     24.59386641	     29.82037457	     64.66860481
      3.66666670	      5.93449785	     -3.90081522	      3.76492354	     -0.96840298	      1.02965899	     -0.21868006	      8.80556840	      7.76756060	     -0.77372443	     18.18931390	      0.31746342	      6.42637575	     -6.90859260	     -7.49999987	     -4.48043820	     -4.93692884	      0.82288883	     53.77796552	      0.93860256	    -10.25008327	    -12.00524632	     -7.49999987	    -13.42457470	      6.75336610	      6.59253271	    -14.41131059	     -7.96894596	      3.82542401	     14.34797015	     70.56350266	     11.78582331	    -10.88526219	     25.30119315	     28.47761595	     64.25983021
      3.68333330	      6.01744002	     -3.33946524	      3.76268992	     -0.94695926	      1.02898569	     -0.21671941	      6.74742808	      7.32841950	     -0.96256050	     16.97139427	      0.29620671	      7.31274492	     -6.12002421	     -7.49999987	     -1.47605004	     -4.41981466	      1.53436742	     57.30788767	      1.00021133	     -6.74833154	    -12.38608891	     -7.49999987	    -13.54890155	      6.09582542	      6.46528954	    -13.13384986	     -8.30894102	      3.97980732	     15.03560271	     70.21304470	     10.72929639	    -11.08146795	     25.69165570	     27.67103534	     63.99324087
      3.70000000	      6.05299334	     -2.65220605	      3.65688380	     -0.92603825	      1.03056276	     -0.21465949	      4.66364920	      6.73433708	     -1.14208004	     15.59240984	      0.27213889	      8.38783675	     -5.04728036	     -7.49999987	      1.69975055	     -3.76359886	      2.10072236	     60.15290062	      1.04986617	     -2.89584064	    -12.67484156	     -7.49999987	    -13.64994778	      5.26748365	      6.19451500	    -11.65035486	     -8.65865472	      4.15658900	     15.77559522	     69.93313984	      9.55229083	    -11.35778056	     26.00790958	     26.85667865	     63.73106523
      3.71666670	      6.11074327	     -1.87805389	      3.45576836	     -0.90456928	      1.03448595	     -0.21282316	      2.44031483	      6.02082701	     -1.39183357	     13.91243123	      0.24281773	      9.38446763	     -3.64179441	     -7.49999987	      4.84836405	     -3.05308909	      2.42152944	     61.91053595	      1.08054269	      0.71708285	    -12.93486018	     -7.49999987	    -13.73824321	      4.34016909	      5.79378645	    -10.03765742	     -9.02233995	      4.45177045	     16.57848603	     69.66561975	      8.19368659	    -11.67192539	     26.17271126	     26.12914432	     63.34526934
      3.73333330	      6.28652545	     -1.12983496	      3.19658643	     -0.88359515	      1.04036977	     -0.21143022	      0.02950365	      5.33069536	     -1.62678187	     11.99423782	      0.20933894	     10.18086132	     -2.13485173	     -7.49999987	      7.68956926	     -2.43071605	      2.50322077	     62.39474882	      1.08899380	      3.68251355	    -13.14280475	     -7.49999987	    -13.91346375	      3.42541121	      5.23364739	     -8.34580581	     -9.44219303	      4.92375967	     17.61894063	     69.34791889	      6.60569947	    -11.99903052	     26.02180690	     25.65608174	     62.71221547
      3.75000000	      6.51275226	     -0.41425556	      2.74617125	     -0.86476700	      1.04688223	     -0.21007671	     -2.41118891	      4.68091373	     -1.60867685	     10.00556630	      0.17463008	     10.63000135	     -0.90647347	     -7.49999987	     10.07653271	     -1.91409590	      2.19679002	     61.45147343	      1.07253054	      5.76009371	    -13.33811318	     -7.49999987	    -14.13341848	      2.52921380	      4.72704808	     -6.62691159	     -9.87101166	      5.39497904	     18.84043912	     69.03573940	      4.88998573	    -12.24924197	     25.65758314	     25.25772487	     62.01415779
      3.76666670	      6.77854074	      0.14569511	      2.32030489	     -0.84865233	      1.05219287	     -0.20892709	     -4.84175278	      4.18248531	     -1.62264767	      8.06078607	      0.14068726	     10.77650065	      0.25267203	     -7.49999987	     12.02027722	     -1.52246285	      1.82792057	     59.16998920	      1.03271113	      7.18845461	    -13.64830985	     -7.49999987	    -14.43793337	      1.91096290	      1.56963771	     -2.56605702	    -10.59540712	     12.53541970	     17.93867294	     64.82115903	      0.48744152	    -12.83673784	     20.92146312	     28.08340684	     55.77635489
      3.78333330	      7.05215533	      0.58521547	      1.79690661	     -0.83422782	      1.05577052	     -0.20807561	     -7.17901729	      3.79020188	     -1.33137139	      6.32181196	      0.11033643	     10.87454813	      1.04682544	     -7.49999987	     13.48969744	     -1.18506115	      1.31441544	     55.53864164	      0.96933216	      8.07282520	    -13.69020711	     -7.49999987	    -14.77706360	      1.36184600	      1.55416300	     -1.00868965	    -11.04572094	     12.88139729	     19.47813835	     64.36313019	     -0.78088836	    -12.65810009	     20.83274041	     27.22323598	     55.56703302
      3.80000000	      6.78742703	      0.73762273	      1.28176756	     -0.81889044	      1.05745141	     -0.20764004	     -8.78780551	      3.65885570	     -0.92425614	      4.86026899	      0.08482770	     10.89797695	      1.58342246	     -7.49999987	     15.12956174	     -1.01449790	      0.90640001	     50.90064394	      0.88838383	      8.41956691	    -13.51964725	     -7.49999987	    -14.44234466	      1.12950676	      1.92820756	      0.52226037	    -11.43922657	     12.85748340	     20.35310562	     64.23785012	     -2.00461015	    -12.40154590	     20.89703698	     26.52539405	     55.47155681
      3.81666670	      7.29784885	      1.09411639	      0.75313356	     -0.80121545	      1.05877432	     -0.20709597	    -11.09686160	      3.29874697	     -0.67438898	      3.59056124	      0.06266712	     11.27259320	      2.09423850	     -7.49999987	     15.48627057	     -0.59245323	      0.44749270	     45.47786636	      0.79373850	      8.06523322	    -13.25034601	     -7.49999987	    -15.30944744	      0.71184893	      1.21180666	      2.66745712	    -12.12399509	     15.83343829	     22.60953032	     61.60672399	     -3.93094280	    -12.02586650	     18.05766468	     26.57822914	     53.32873586
      3.83333330	      7.49036995	      1.24289572	      0.27288150	     -0.78064219	      1.05806409	     -0.20635922	    -12.85311019	      3.12424926	     -0.58378293	      2.64711155	      0.04620081	     11.70997867	      2.30899021	     -7.49999987	     16.00024063	     -0.30472379	      0.23480869	     40.00398329	      0.69820122	      7.57734719	    -12.74727012	     -7.49999987	    -15.55479879	      0.56190627	      1.42371286	      4.50924942	    -12.39862903	     16.14117331	     23.46727195	     61.22742537	     -5.13485655	    -11.78679506	     18.03906062	     25.78877211	     53.12767294
      3.85000000	      7.29903696	      1.34463152	     -0.09572022	     -0.75851435	      1.05501129	     -0.20531647	    -14.05882499	      2.98636405	     -0.60431134	      1.95821584	      0.03417731	     12.21484674	      2.44740287	     -7.49999987	     16.78417670	     -0.05396399	      0.13182261	     34.69790721	      0.60559272	      7.39636326	    -11.94005762	     -7.49999987	    -15.34774499	      0.47167939	      1.73164236	      5.98517104	    -12.68090912	     16.28514866	     24.49442086	     61.07405374	     -6.38955962	    -11.58404603	     17.98392430	     25.21169205	     52.97252214
      3.86666670	      7.90648792	      1.52694685	     -0.39279905	     -0.73748087	      1.05212459	     -0.20431100	    -16.00084650	      2.74001975	     -0.97640926	      1.50250730	      0.02622370	     13.24328827	      2.85848519	     -7.49999987	     16.50675958	      0.33763394	      0.26431541	     29.41671530	      0.51341854	      7.60171643	    -10.96532366	     -7.49999987	    -16.15238540	      0.34335170	      0.31700734	      8.96638645	    -13.10007806	     21.57677752	     25.04133105	     57.21690922	     -9.05025912	    -11.11339354	     14.63813062	     26.25351990	     50.51055821
      3.88333330	      7.83810689	      1.73521623	     -0.62386930	     -0.71843973	      1.04892036	     -0.20366333	    -17.10153543	      2.46444147	     -1.23709580	      1.24546926	      0.02173754	     14.18170368	      2.84782436	     -7.49999987	     16.78588043	      0.72082478	      0.41282809	     24.18832967	      0.42216599	      7.74049756	     -9.86231911	     -7.49999987	    -16.05891298	      0.17865973	      0.52447413	     10.31166310	    -13.26154168	     21.57656848	     25.89554883	     57.14220202	    -10.16067166	    -10.86151113	     14.74599990	     25.48358728	     50.45012843
      3.90000000	      8.07404756	      1.92371742	     -0.91971420	     -0.70192473	      1.04575160	     -0.20362043	    -18.44457646	      2.16194216	     -1.58632355	      1.07742532	      0.01880462	     15.20540111	      3.34649095	     -7.49999987	     16.58332010	      1.03191471	      0.38644761	     19.12574819	      0.33380728	      8.04852455	     -8.25124409	     -7.49999987	    -16.44711635	      0.03581403	      0.61438498	     11.65029137	    -13.55870512	     21.98159499	     27.23649909	     57.16870526	    -11.25656977	    -10.59865263	     14.50482477	     25.07488670	     50.29301721
      3.91666670	      7.91407466	      2.05684917	     -1.25543643	     -0.68592610	      1.04064991	     -0.20385318	    -19.36836519	      1.91309353	     -1.77418551	      1.00611618	      0.01756004	     15.97204778	      3.81845232	     -7.49999987	     16.78731173	      1.28698752	      0.37519094	     14.78164121	      0.25798831	      8.40845832	     -6.68268093	     -7.49999987	    -16.34153439	     -0.06268998	      0.66061233	     12.97837232	    -13.81758091	     22.69914723	     28.35529040	     57.36649133	    -12.47128138	    -10.35219679	     13.92148907	     25.02021364	     50.14310894
      3.93333330	      7.08272587	      1.90243956	     -1.50228382	     -0.66903297	      1.03407742	     -0.20428393	    -19.64093087	      1.99859931	     -1.59795839	      1.11277089	      0.01942152	     16.47595195	      3.98543191	     -7.49999987	     17.89910754	      1.34507434	      1.08627339	     11.82876017	      0.20645081	      8.98739050	     -5.94221398	     -7.49999987	    -15.34830874	      0.24866761	      1.14206829	     13.92717280	    -14.13839974	     22.60967747	     29.05274012	     57.42345959	    -13.43904885	    -10.12010387	     13.90434160	     25.11516452	     50.25560124
      3.95000000	      7.15801060	      2.41535249	     -2.14042836	     -0.64923615	      1.02981369	     -0.20383598	    -20.96947463	      1.28651813	     -1.26245489	      1.35381899	      0.02362860	     16.81680240	      4.23899841	     -7.49999987	     17.84229618	      1.96524541	      0.88525179	      9.65694366	      0.16854546	      9.24758248	     -4.70599979	     -7.49999987	    -15.47213454	     -0.42181355	     -0.26393596	     16.54349118	    -13.68817090	     26.09246414	     28.78356178	     59.11529767	    -15.47347503	     -9.45420034	     10.24580493	     25.51106139	     50.48714932
      3.96666670	      6.76322699	      2.78810536	     -2.60919271	     -0.62386349	      1.02718092	     -0.20456961	    -21.79575699	      0.72731439	     -0.92330460	      1.89516616	      0.03307689	     17.03105473	      4.19507456	     -7.49999987	     18.35951885	      2.58023751	      1.23982711	      8.88244257	      0.15502787	      9.41179013	     -4.42185270	     -7.49999987	    -14.87009624	     -0.86596147	     -0.09215558	     17.29796311	    -13.71952185	     25.94630269	     29.24014857	     59.15106108	    -16.67380111	     -9.12135065	     10.11424777	     25.08926911	     50.59783002
      3.98333330	      6.57381795	      3.21594122	     -3.02456283	     -0.59580663	      1.02810819	     -0.20599784	    -22.77283384	      0.05909418	     -0.68770298	      2.70019606	      0.04712731	     16.90941972	      3.91429728	     -7.49999987	     18.56257061	      3.38395239	      1.53264606	      9.17010220	      0.16004848	      9.27567789	     -4.55979608	     -7.49999987	    -14.40541745	     -1.40796797	     -0.53184059	     18.07419404	    -13.54388332	     25.97870662	     29.24529177	     60.90777417	    -18.82694507	     -7.99079708	      6.41488579	     25.02135560	     53.01269865
      4.00000000	      6.39506306	      3.60563361	     -3.41906375	     -0.57008908	      1.02767963	     -0.20710019	    -23.57673461	     -0.63294786	     -0.63316251	      3.83946157	      0.06701125	     16.54889158	      3.69483838	     -7.49999987	     18.68069775	      4.18878933	      1.55706944	     10.30766964	      0.17990277	      8.74007900	     -4.76789557	     -7.49999987	    -13.76041172	     -1.98601178	     -0.16829465	     18.00355172	    -13.86670168	     25.78608443	     29.53833741	     60.89436348	    -20.49230157	     -7.33128582	      6.40124634	     24.46157272	     52.99618948
      4.01666670	      6.40616718	      4.04683641	     -3.73699300	     -0.54757012	      1.02500271	     -0.20750339	    -24.38586200	     -1.38170387	     -0.41361037	      5.22091634	      0.09112218	     15.74516848	      2.81405165	     -7.49999987	     18.49431773	      5.12890037	      1.91388386	     11.89354112	      0.20758145	      7.22421916	     -6.10489458	     -7.49999987	    -13.46057822	     -2.56065327	      0.14404401	     17.74636983	    -14.05991997	     25.22867704	     29.89257745	     60.96810590	    -21.71849435	     -6.58914107	      5.67025302	     23.20765335	     52.79983944
      4.03333330	      6.29722539	      4.39833455	     -4.04425977	     -0.52492480	      1.02141206	     -0.20719799	    -24.75729159	     -2.09111814	     -0.53881996	      7.05043457	      0.12305330	     15.03172640	      2.49355930	     -7.49999987	     18.47919546	      5.83202367	      1.68580942	     14.02838542	      0.24484151	      6.16051779	     -6.35399775	     -7.49999987	    -12.94610991	     -3.07363206	      0.55353235	     17.48482458	    -14.22615103	     25.13896093	     29.97169581	     61.00457537	    -22.82263986	     -6.31212743	      5.59110325	     22.88663920	     52.80246689
      4.05000000	      6.23315242	      4.88207592	     -4.46102092	     -0.50101526	      1.02017839	     -0.20678251	    -24.90132439	     -2.96373239	     -0.10683289	      9.18106436	      0.16023980	     13.94775599	      1.09753266	     -7.49999987	     18.19649861	      6.68122331	      2.03812447	     15.82274243	      0.27615895	      4.08177438	     -8.25573771	     -7.49999987	    -12.46106951	     -3.81527235	      1.02833488	     17.04860444	    -14.20708661	     24.81914536	     29.69792307	     61.27267114	    -23.26139408	     -6.04921390	      4.97023119	     21.83713207	     52.78082339
      4.06666670	      5.95531756	      5.14218840	     -4.79090068	     -0.47750387	      1.02283454	     -0.20690699	    -24.57633687	     -3.58518491	      0.16415921	     11.57892619	      0.20209039	     12.46854916	     -0.19272603	     -7.49999987	     18.12760308	      7.19068231	      2.14161326	     17.56484719	      0.30656442	      2.74910815	     -9.19778463	     -7.49999987	    -11.75212349	     -4.19314062	      1.54867152	     16.34926915	    -14.04851418	     23.56244286	     29.22058542	     62.97407390	    -22.99908163	     -5.77786028	      3.44457844	     20.31883874	     53.61492512
      4.08333330	      5.67703549	      5.46320706	     -5.19590804	     -0.45433359	      1.02776047	     -0.20734887	    -23.91061339	     -4.30310019	      0.37157047	     14.43481875	      0.25193511	     10.51396292	     -1.33050715	     -7.49999987	     17.81464444	      7.70596186	      2.23481915	     18.75782629	      0.32738583	      1.64221275	    -10.10635246	     -7.49999987	    -11.07838005	     -4.66168532	      2.27309852	     15.21747770	    -13.79140608	     21.23984503	     28.80463500	     68.23446687	    -22.58073318	     -5.91551609	      2.09116444	     19.89141210	     57.70437206
      4.10000000	      5.45480889	      5.67033213	     -5.58226659	     -0.42990298	      1.03183301	     -0.20815031	    -22.74539800	     -4.93275903	      0.57575388	     18.09095547	      0.31574674	      7.53177660	     -2.64812924	     -7.49999987	     17.20113256	      8.07920990	      2.26623827	     19.59876722	      0.34206302	      1.06634924	    -10.69256858	     -7.49999987	    -10.39611957	     -4.95519484	      2.92778871	     14.09693063	    -13.66361481	     20.73779062	     28.19745480	     68.10383446	    -21.82632419	     -6.13213761	      2.08452010	     19.22106414	     58.04498733
      4.11666670	      5.54452630	      5.83013348	     -5.79157318	     -0.40367353	      1.03332413	     -0.20901840	    -21.08574924	     -5.54659737	      0.49842265	     22.84653969	      0.39874734	      3.42100661	     -4.19857769	     -7.49999987	     15.93000760	      8.47438164	      2.48659635	     20.03740149	      0.34971863	      0.68268807	    -11.21758455	     -7.49999987	    -10.12987612	     -5.22676237	      2.98644676	     12.97277217	    -13.53434367	     20.72189302	     27.92718303	     68.00315092	    -21.61343687	     -6.27808724	      1.76620490	     19.58220225	     58.11105284
      4.13333330	      5.55986599	      5.70341794	     -6.03848562	     -0.37802353	      1.03342874	     -0.20950200	    -18.30268758	     -5.92673806	      0.71456412	     28.82052740	      0.50301310	     -1.35087236	     -6.28769676	     -7.49999987	     14.51256985	      8.48491674	      2.42956054	     20.19849632	      0.35253026	      0.76748412	    -11.35344311	     -7.49999987	     -9.70037158	     -5.08073690	      3.17683642	     11.95042384	    -13.27428133	     20.16710559	     26.77533784	     68.44871414	    -21.03536040	     -6.05039968	      1.05444532	     18.50348593	     58.53663071
      4.15000000	      5.89858850	      5.50985157	     -6.37613563	     -0.35504385	      1.03507088	     -0.20966020	    -15.14183761	     -6.32038896	      0.97212236	     35.41670655	      0.61813814	     -5.50211076	     -8.24337451	     -7.49999987	     12.39711887	      8.43397689	      2.28108948	     19.56424315	      0.34146046	      1.05355777	    -11.10692283	     -7.49999987	     -9.85394895	     -5.01414853	      3.51436915	     10.68912393	    -13.23724255	     19.71849835	     26.38718816	     68.68576761	    -20.72213012	     -5.97811900	      0.52449104	     18.64074326	     58.91250453
      4.16666670	      6.13653819	      5.18911775	     -6.87601078	     -0.33427735	      1.03907858	     -0.20969521	    -11.66584992	     -6.54885384	      1.38808475	     41.65328772	      0.72698701	     -8.11901993	     -9.88936016	     -7.49999987	     10.23975423	      8.18184982	      1.85404235	     18.41296600	      0.32136688	      1.49438465	    -10.55237436	     -7.49999987	    -10.00110677	     -4.74601848	      4.08931996	      9.48549879	    -13.23548824	     19.21862186	     25.77696796	     68.99881649	    -20.10364784	     -5.89488257	     -0.06598747	     18.84049181	     59.38772027
      4.18333330	      6.46693621	      4.73608655	     -7.25861050	     -0.31441276	      1.04309729	     -0.20934273	     -8.46766116	     -6.54919043	      1.59243192	     46.91016927	      0.81873691	     -9.28722648	    -10.84593868	     -7.49999987	      7.92134418	      7.84498599	      1.60419656	     16.98793047	      0.29649532	      1.72213364	    -10.13994292	     -7.49999987	    -10.43180259	     -4.31620514	      4.28305590	      8.50464157	    -13.22126742	     19.13283599	     25.39334995	     69.03345565	    -19.25549157	     -6.02294164	     -0.31113732	     19.54674364	     59.59193341
      4.20000000	      6.45800898	      4.00929808	     -7.42672813	     -0.29504893	      1.04341358	     -0.20842692	     -4.98088537	     -6.03105559	      1.75915134	     51.14832692	      0.89270671	     -9.81268837	    -11.50320047	     -7.49999987	      5.97034522	      7.14156342	      1.23753627	     15.60810240	      0.27241278	      2.22202376	     -9.28242585	     -7.49999987	    -10.46452369	     -3.45408697	      4.75037046	      7.52880902	    -13.04584611	     18.45475645	     24.14626140	     69.87805636	    -17.39889831	     -6.30507951	     -0.57282880	     19.39479118	     61.13685409
      4.21666670	      6.71644942	      3.23010217	     -7.14011821	     -0.27693437	      1.04232805	     -0.20807420	     -1.74228041	     -5.35287415	      1.56104232	     54.52145172	      0.95157885	     -9.33879681	    -12.14246438	     -7.49999987	      3.73003458	      6.47284998	      1.44660885	     14.20545295	      0.24793193	      2.46414207	     -8.87639832	     -7.49999987	    -11.05097079	     -2.60992595	      4.14007968	      6.81332675	    -13.00448762	     18.49020151	     23.97141560	     69.89578212	    -15.77067456	     -6.67062723	     -0.61928784	     20.34547030	     61.32839420
      4.23333330	      6.80937743	      2.52934095	     -6.95242356	     -0.25891402	      1.04280675	     -0.20767017	      1.77917347	     -4.65157741	      1.52112819	     56.93892081	      0.99377164	     -8.01645862	    -12.81876435	     -7.49999987	      1.69944281	      5.77511434	      1.14894881	     12.87983850	      0.22479559	      3.00401755	     -8.07966163	     -7.49999987	    -11.40691968	     -1.74209129	      3.95565143	      6.15220572	    -12.67741476	     17.79130819	     22.64800049	     71.65807597	    -13.41954344	     -7.32028680	      0.40597410	     19.95366554	     64.88932572
      4.25000000	      7.00255665	      1.76279981	     -6.56695841	     -0.23862409	      1.04530586	     -0.20706509	      4.88269083	     -3.82484225	      1.22871581	     58.11059550	      1.01422122	     -5.74946610	    -13.13747552	     -7.49999987	     -0.49075087	      5.04652874	      1.27221407	     11.56976925	      0.20193057	      3.55587010	     -7.69619535	     -7.49999987	    -12.02401202	     -0.92549716	      3.37230377	      5.34704248	    -12.60797357	     17.64032831	     22.35467358	     71.89656722	    -11.58981633	     -7.80520905	      0.25169804	     20.83923890	     65.42289390
      4.26666670	      6.93645490	      1.15308664	     -6.22132546	     -0.21556798	      1.04754746	     -0.20590915	      7.78960384	     -3.01189367	      1.02175702	     58.07743655	      1.01364249	     -3.77257291	    -13.93173048	     -7.49999987	     -2.40779279	      4.45641792	      1.56846511	     10.35683196	      0.18076082	      4.21543517	     -7.49156660	     -7.49999987	    -12.20861097	     -0.27364244	      2.39924777	      4.49780630	    -12.46788755	     17.65849920	     22.17021339	     71.90230937	    -10.10675049	     -8.30044979	      0.18717781	     21.53826722	     65.53619690
      4.28333330	      7.09268511	      0.52660702	     -5.65340273	     -0.19225265	      1.04901449	     -0.20554174	      9.78622841	     -2.31781118	      0.37176414	     56.83136872	      0.99189450	     -0.42229011	    -13.16124244	     -7.49999987	     -4.51143244	      3.84628218	      1.75156848	      9.36603418	      0.16346813	      5.33024758	     -6.76986564	     -7.49999987	    -12.49050546	      0.41006723	      1.66486916	      3.41853522	    -12.37541020	     17.26597086	     21.33406906	     72.19048899	     -8.45005025	     -8.91351861	      0.42753011	     22.13923530	     66.46222630
      4.30000000	      6.97291291	      0.05376192	     -5.10741809	     -0.16998434	      1.04948154	     -0.20542489	     11.61615376	     -1.63707832	     -0.03871684	     54.56831353	      0.95239674	      2.45920189	    -12.74805408	     -7.49999987	     -6.27224105	      3.38937976	      2.10743478	      8.47643105	      0.14794163	      6.29104730	     -6.29549563	     -7.49999987	    -12.37945416	      0.94371083	      0.96915769	      2.03490736	    -12.31420751	     16.90211298	     20.67649728	     72.38509345	     -7.01153838	     -9.51869506	      0.60260151	     22.94522014	     67.16825785
      4.31666670	      6.65307329	     -0.06287277	     -4.75172600	     -0.14819549	      1.04931740	     -0.20435772	     13.41163206	     -1.11767579	      0.05603406	     51.46294824	      0.89819789	      4.54526903	    -13.04143281	     -7.49999987	     -7.74862665	      3.30256548	      2.33823261	      7.60277229	      0.13269341	      6.80885712	     -6.13638232	     -7.49999987	    -11.98732107	      1.00436977	      0.11337014	      0.67126370	    -12.16668442	     16.87193668	     20.18227216	     72.42197491	     -5.79986762	    -10.24257172	      0.53489747	     23.57460627	     67.31380588
      4.33333330	      6.54995049	     -0.43803673	     -3.91133257	     -0.12638998	      1.04916809	     -0.20371520	     14.54286401	     -0.65014051	     -0.68774465	     47.37356528	      0.82682469	      7.17367003	    -11.34358405	     -7.49999987	     -9.37626450	      2.89331023	      2.76423694	      6.82628716	      0.11914119	      7.68934780	     -5.30150169	     -7.49999987	    -11.95634098	      1.53690141	      1.41706184	     -2.59109610	    -11.99151914	     10.88096707	     20.75178840	     74.18693745	     -3.00819943	    -10.96890213	      2.58148164	     23.96835986	     73.10029630
      4.35000000	      6.34332836	     -0.56918598	     -3.24257202	     -0.10498335	      1.04757615	     -0.20215362	     15.70977800	     -0.27936470	     -0.98436924	     42.81198386	      0.74721008	      8.41337166	    -10.35666993	     -7.49999987	    -10.83966776	      2.69784553	      2.91523082	      6.00893526	      0.10487570	      8.24309645	     -4.75898728	     -7.49999987	    -11.75950477	      1.70964115	      0.85102028	     -4.25353637	    -11.91540364	     10.43823879	     20.44227362	     74.47358576	     -1.80552136	    -11.72205436	      2.68707652	     25.60707450	     73.38448928
      4.36666670	      5.87914218	     -0.71866274	     -2.60410868	     -0.08389549	      1.04401914	     -0.20032098	     17.06916809	      0.10702796	     -1.25589681	     38.04971420	      0.66409279	      8.85821642	     -9.47828926	     -7.49999987	    -12.02202069	      2.44035333	      3.09854159	      5.15587132	      0.08998693	      8.74287565	     -4.53536461	     -7.49999987	    -11.17177994	      1.90598296	      0.37368141	     -5.90638597	    -11.78749299	     10.28824506	     19.89278417	     74.52426232	     -0.46439309	    -12.32842019	      2.66636306	     26.77936045	     73.46826874
      4.38333330	      5.52859690	     -0.92811704	     -1.98919332	     -0.06378725	      1.03916631	     -0.19860957	     18.16629088	      0.48285514	     -1.57594347	     33.05923543	      0.57699251	      9.13312813	     -8.17397080	     -7.49999987	    -13.34629876	      2.08897684	      3.15641421	      4.29883192	      0.07502877	      9.38372327	     -4.21618755	     -7.49999987	    -10.74637169	      2.17666617	      0.09198089	     -7.61852815	    -11.65513295	      9.93120067	     19.47869272	     74.54963001	      0.93959663	    -12.94986322	      2.81972119	     28.30924624	     73.63747907
      4.40000000	      5.48342084	     -1.12623430	     -1.42978413	     -0.04553403	      1.03415212	     -0.19712410	     18.78639865	      0.77356685	     -1.89626496	     27.93624826	      0.48757951	      9.66915841	     -6.33663719	     -7.49999987	    -15.10074752	      1.72089620	      3.00145934	      3.41538237	      0.05960967	     10.28279374	     -3.64532615	     -7.49999987	    -10.88634397	      2.36116003	      1.91152689	    -11.52152318	    -10.92243184	      3.63211052	     22.06608814	     73.95946262	      3.72296118	    -13.82378906	      6.44055905	     30.09898888	     74.23846517
      4.41666670	      5.13502922	     -1.29098090	     -0.71653847	     -0.02871400	      1.03005419	     -0.19628035	     19.55618695	      0.92820906	     -2.38389797	     22.69104576	      0.39603346	     10.12264041	     -4.28956963	     -7.49999987	    -16.48357763	      1.33200326	      3.17972677	      2.76142449	      0.04819595	     11.33491328	     -3.20489476	     -7.49999987	    -10.43482782	      2.53346221	      1.76294390	    -13.29255004	    -10.67063773	      3.40840928	     21.99430736	     74.19893388	      5.35712174	    -14.44455064	      6.98944057	     31.85085374	     74.33899831
      4.43333330	      4.78470800	     -1.36471647	      0.06745441	     -0.01154562	      1.02559429	     -0.19587632	     20.25479024	      0.92619061	     -2.75500907	     17.66601922	      0.30833020	     10.73409838	     -2.07489483	     -7.49999987	    -17.70010144	      0.99906283	      3.45170087	      2.34061109	      0.04085137	     12.29923152	     -2.78839991	     -7.49999987	    -10.24970385	      2.66742243	      1.94450105	    -15.55018870	    -10.26614063	      1.92073265	     22.94089898	     74.19080767	      7.22231436	    -15.24199862	      8.81048103	     34.01730642	     74.34261435
      4.45000000	      4.37543597	     -1.35858583	      0.77255705	      0.00740492	      1.02012300	     -0.19527955	     21.00594734	      0.79985364	     -3.00231591	     13.16396097	      0.22975446	     11.49826361	     -0.19667064	     -7.49999987	    -18.69684276	      0.74425006	      3.79536624	      2.25091322	      0.03928585	     13.15852209	     -2.74111361	     -7.49999987	     -9.83608964	      2.68028053	      3.24465223	    -18.32754880	     -9.24597980	     -1.58529675	     24.06855009	     74.27430886	     10.35546192	    -15.62852696	     12.88816595	     34.46548768	     73.39027420
      4.46666670	      3.74609263	     -1.38604717	      1.41965981	      0.02860682	      1.01526674	     -0.19418362	     21.93093411	      0.66976777	     -3.09107974	      9.50279169	      0.16585500	     12.24666724	      1.28366814	     -7.49999987	    -19.29493362	      0.42757260	      4.18403291	      2.58924175	      0.04519079	     14.00593936	     -2.84832194	     -7.49999987	     -9.10005946	      2.75521840	      3.11691421	    -19.83924298	     -8.77973628	     -1.53194458	     23.39202925	     74.45694443	     11.92478839	    -15.82613522	     13.01350203	     35.58273259	     73.33462856
      4.48333330	      3.20427971	     -1.49697347	      1.94508621	      0.05122040	      1.01282330	     -0.19295573	     22.71884593	      0.61900869	     -3.28325066	      7.08564985	      0.12366792	     12.90624059	      2.55733760	     -7.49999987	    -19.83603779	      0.01299199	      4.57764420	      3.27722774	      0.05719841	     14.85673934	     -3.19515743	     -7.49999987	     -8.49206476	      2.98503905	      3.04529002	    -21.54837871	     -8.25608171	     -1.47801169	     22.70205733	     74.58959690	     13.24716028	    -16.04687578	     13.32624928	     36.79595421	     73.28898270
      4.50000000	      2.92012146	     -1.66919997	      2.32902152	      0.07419003	      1.01275799	     -0.19213664	     23.19469855	      0.68283644	     -3.82075987	      6.26044217	      0.10926533	     13.30890493	      3.82765975	     -7.49999987	    -20.50714233	     -0.46622330	      4.87251233	      4.22457437	      0.07373273	     15.21013649	     -3.92478511	     -7.49999987	     -8.10032064	      3.37683972	      3.91230415	    -23.92967253	     -7.17579833	     -3.26086286	     22.26576617	     75.56688083	     15.44494589	    -16.44920228	     17.75415031	     37.18178903	     69.29480826
      4.51666670	      2.62440460	     -1.96837068	      2.74363287	      0.09750127	      1.01261709	     -0.19146780	     23.54550688	      0.94646275	     -4.21187307	      6.93269026	      0.12099827	     12.35861141	      3.58956947	     -7.49999987	    -20.92590530	     -1.11510968	      5.14114145	      5.64664742	      0.09855259	     15.17339429	     -4.74786969	     -7.49999987	     -7.59014820	      3.94112007	      3.28648260	    -24.96550853	     -6.71828317	     -2.21459348	     20.12344131	     75.14065635	     15.79001841	    -16.62635527	     17.39258633	     38.27021006	     68.38594152
      4.53333330	      2.56148604	     -2.37933797	      3.10569945	      0.12142702	      1.01000922	     -0.19002340	     23.57730685	      1.44142327	     -4.48007450	      8.79819957	      0.15355755	     10.46613190	      2.65341489	     -7.49999987	    -21.40785484	     -1.89070260	      5.14346798	      7.49421479	      0.13079872	     14.23695104	     -5.54742056	     -7.49999987	     -7.30323435	      4.65091530	      2.85469384	    -26.06587201	     -6.28155461	     -1.68181197	     18.65370678	     75.32513619	     16.03116821	    -16.62657085	     17.25368667	     38.92626415	     68.03007102
      4.55000000	      2.62357014	     -2.87970764	      3.45731000	      0.14568845	      1.00475470	     -0.18796533	     23.48711687	      2.08699159	     -4.54775587	     11.25431278	      0.19642481	      8.16572008	      1.53638493	     -7.49999987	    -21.76615212	     -2.75000547	      5.00507841	      9.83079884	      0.17157981	     12.50244434	     -6.30943436	     -7.49999987	     -7.17770754	      5.45055523	      2.42135932	    -26.89571640	     -6.06731646	     -1.24120124	     17.53514017	     75.09110270	     15.93515996	    -16.54463239	     16.95299381	     39.61273965	     67.54989669
      4.56666670	      2.64655430	     -3.31440811	      3.66900199	      0.17032793	      0.99999838	     -0.18574652	     23.49840744	      2.67731329	     -4.61600281	     14.05376763	      0.24528452	      6.63150509	      1.10802557	     -7.49999987	    -21.78272530	     -3.52868695	      4.30254503	     12.59152804	      0.21976362	     10.28904893	     -6.38017684	     -7.49999987	     -6.90273351	      6.10211562	      2.16419701	    -27.49728404	     -5.92585819	     -1.09207577	     17.38476686	     75.02473255	     15.66955287	    -16.34912929	     16.93776785	     39.92072457	     67.42878619
      4.58333330	      2.80290635	     -3.86878305	      3.50559767	      0.19630696	      0.99949190	     -0.18333793	     23.19202339	      3.67111811	     -3.58744971	     16.56812992	      0.28916842	      4.70251952	     -0.92652151	     -7.49999987	    -21.56704803	     -4.25897130	      3.69685373	     15.80183084	      0.27579398	      6.46127208	     -7.82978361	     -7.49999987	     -6.80228775	      6.79460283	      2.40799399	    -27.39286649	     -5.99347826	     -0.54212026	     16.35305550	     74.99803372	     15.01576079	    -16.06059605	     16.73466743	     40.56598683	     67.02982253
      4.60000000	      3.18025579	     -4.28534837	      3.30252743	      0.22410650	      1.00266213	     -0.18076337	     22.39415836	      4.51509768	     -3.00090108	     18.78323708	      0.32782933	      3.79549595	     -2.08126826	     -7.49999987	    -20.93238644	     -4.95298366	      2.76102795	     19.86784782	      0.34675936	      1.97212467	     -8.29939354	     -7.49999987	     -6.94022951	      7.24870748	      1.85384835	    -26.27185365	     -6.60254004	      1.92615853	     15.11959691	     74.34207969	     13.37576698	    -16.17638634	     15.65819703	     41.65619688	     65.09826776
      4.61666670	      3.90407827	     -4.67677244	      2.97488303	      0.25184520	      1.00696394	     -0.17804237	     20.82656217	      5.39839039	     -2.48074357	     20.28438170	      0.35402925	      3.47056871	     -2.98070945	     -7.49999987	    -20.01453373	     -5.64155219	      1.78547011	     24.79320361	      0.43272304	     -3.53030085	     -8.74574299	     -7.49999987	     -7.56813610	      7.69171012	      2.46290830	    -25.97673751	     -6.95830023	      2.24685871	     15.91701315	     73.60078681	     12.34051649	    -15.81635962	     15.62668847	     42.04471107	     64.61856372
      4.63333330	      4.57209668	     -4.96866147	      2.65025711	      0.27796835	      1.01009992	     -0.17508983	     18.84830824	      6.18326566	     -2.03525691	     20.83472065	      0.36363447	      3.65182995	     -3.52989760	     -7.49999987	    -18.43382278	     -6.26154679	      1.11807984	     30.40778353	      0.53071594	     -9.09874113	     -9.04028092	     -7.49999987	     -8.11862731	      7.97407076	      3.07601981	    -25.33827728	     -7.30972006	      2.55415627	     16.47619391	     73.03912787	     11.26601170	    -15.52120587	     15.80098649	     42.05890646	     64.26568819
      4.65000000	      5.05108112	     -4.99186086	      2.45581308	      0.30266770	      1.01202392	     -0.17242756	     16.75906016	      6.60802630	     -1.75893738	     20.68102179	      0.36095192	      4.20358842	     -3.91713719	     -7.49999987	    -16.24324104	     -6.57899802	      1.03232586	     36.22569800	      0.63225770	    -13.53431821	     -9.28185238	     -7.49999987	     -8.44719296	      7.90846251	      3.60900917	    -24.24269882	     -7.52545735	      3.80006779	     16.22194277	     72.10657731	     10.37270215	    -15.29852439	     16.69781927	     41.49130961	     63.49004720
      4.66666670	      5.46518562	     -4.95459074	      2.31253506	      0.32689068	      1.01450860	     -0.17028132	     14.54143971	      6.91308766	     -1.58304411	     20.02667828	      0.34953147	      4.88741815	     -4.14567262	     -7.49999987	    -13.90891279	     -6.72162432	      1.22868482	     41.70504679	      0.72789038	    -15.92155205	     -9.56702601	     -7.49999987	     -8.94989113	      7.83566554	      4.15644698	    -23.57025816	     -7.84136554	      3.85061833	     17.31317623	     71.69015806	      9.31855770	    -15.17492116	     17.01107840	     41.44840769	     63.33331452
      4.68333330	      5.82025071	     -4.65927718	      2.44143299	      0.35109929	      1.01605441	     -0.16854194	     12.33352967	      6.85441465	     -1.61011071	     19.20002526	      0.33510366	      5.62829513	     -4.40084101	     -7.49999987	    -11.55169252	     -6.50251239	      1.84716127	     46.50813861	      0.81172015	    -16.31490055	    -10.16779933	     -7.49999987	     -9.37022217	      7.50638112	      4.40802363	    -22.76051856	     -7.97535204	      3.94221007	     18.05613474	     71.31588494	      8.41086931	    -15.11220439	     17.56700426	     41.06934762	     63.22679492
      4.70000000	      6.06917399	     -4.23147338	      2.68459781	      0.37454668	      1.01777031	     -0.16658638	     10.22938191	      6.61494566	     -1.73625800	     18.35844009	      0.32041523	      6.57506244	     -4.52225228	     -7.49999987	     -9.20329460	     -6.05568900	      2.54305779	     50.54786209	      0.88222662	    -14.61755499	    -10.96165427	     -7.49999987	     -9.66265986	      7.03710162	      4.44207678	    -21.72807333	     -8.09745458	      4.07179596	     18.55098879	     70.95535336	      7.55656955	    -15.16582776	     18.41188717	     40.38420965	     63.15942187
      4.71666670	      6.15559248	     -3.59044938	      2.81658619	      0.39750553	      1.01915489	     -0.16438524	      8.28163181	      6.13356546	     -1.80330782	     17.58459852	      0.30690914	      7.80928142	     -4.30389142	     -7.49999987	     -6.68647195	     -5.28526367	      3.09424323	     53.85056874	      0.93986973	    -11.25638124	    -12.04819770	     -7.49999987	     -9.73076291	      6.30807372	      4.72199005	    -20.36959750	     -8.20849141	      4.78807050	     18.49255646	     70.23148501	      7.05811845	    -15.36582165	     20.40406460	     39.22930722	     62.78697334
      4.73333330	      6.30218228	     -2.82271522	      2.76659021	      0.42120790	      1.02270136	     -0.16257530	      6.18774477	      5.52507498	     -1.68521802	     16.75203155	      0.29237811	      9.00089532	     -4.19468048	     -7.49999987	     -4.07092692	     -4.33759380	      3.41732479	     56.42220566	      0.98475326	     -6.98619027	    -13.39772687	     -7.49999987	    -10.06347017	      5.41823522	      4.93228288	    -18.96796802	     -8.60822475	      4.70337061	     19.64782520	     69.97821515	      6.03150371	    -15.46016831	     20.77159288	     38.81462039	     62.67715372
      4.75000000	      6.47955134	     -1.96574612	      2.71057331	      0.44626329	      1.02737859	     -0.16164111	      3.85321538	      4.74494228	     -1.88950707	     15.57888399	      0.27190282	     10.26940846	     -3.28606065	     -7.49999987	     -1.12638538	     -3.38588882	      3.59548081	     58.39057200	      1.01910773	     -2.53886132	    -14.10001755	     -7.49999987	    -10.35166096	      4.43673145	      4.74894726	    -17.07357563	     -9.13054776	      4.74922251	     20.58077930	     69.74014749	      4.86987946	    -15.67811794	     21.25468700	     38.08828111	     62.47103496
      4.76666670	      6.55448281	     -1.07512955	      2.33581384	      0.47056218	      1.03298712	     -0.16072273	      1.48502866	      3.92976716	     -1.61101902	     14.04577394	      0.24514500	     11.07816023	     -2.92529758	     -7.49999987	      2.15728090	     -2.45473853	      3.27368080	     59.51499961	      1.03873270	      0.15708815	    -15.46811402	     -7.49999987	    -10.57007891	      3.37379682	      5.54230517	    -15.36709704	     -9.62090269	      4.69091394	     21.40199453	     69.66042292	      3.94342373	    -15.55291499	     21.46918049	     37.81682755	     62.41213851
      4.78333330	      6.73481619	     -0.02209021	      1.98566287	      0.49239686	      1.03903785	     -0.15925679	     -0.98133889	      2.78693763	     -2.24312609	     12.50124202	      0.21818783	     12.52625599	     -0.74085390	     -7.49999987	      5.28662178	     -1.50625542	      2.63907698	     59.57912886	      1.03985196	      3.35454207	    -15.13647247	     -7.49999987	    -10.79973116	      2.21673928	      2.57562107	    -10.94868887	    -11.04420357	     10.77173585	     20.56449788	     68.97539285	     -0.15095713	    -16.28453747	     18.60020153	     39.43132222	     58.62614248
      4.80000000	      6.78349102	      0.83317958	      1.29638221	      0.51189382	      1.04404092	     -0.15721234	     -3.26850981	      1.89981827	     -1.91573874	     10.75382895	      0.18768972	     13.11232703	      0.15365024	     -7.49999987	      8.24030062	     -0.83216293	      1.47337532	     58.28719918	      1.01730354	      5.09521205	    -15.23563163	     -7.49999987	    -10.90352502	      1.26365490	      3.08293247	     -8.90733845	    -11.56389975	     10.71299168	     21.57248838	     68.80449868	     -1.40672314	    -16.14510408	     18.74424044	     38.87028237	     58.58984840
      4.81666670	      7.02156607	      1.49595521	      0.74747584	      0.53126425	      1.04759011	     -0.15554321	     -5.69258928	      1.20771686	     -1.85294764	      9.03172881	      0.15763340	     13.69928159	      1.32526141	     -7.49999987	     10.54205212	     -0.33833310	      0.40156901	     55.66352822	      0.97151184	      6.47976337	    -14.85756008	     -7.49999987	    -11.33305509	      0.53510037	      0.56098158	     -4.35006662	    -12.51532901	     17.49360297	     20.75743862	     66.01927852	     -5.61885739	    -15.73611079	     13.48960336	     40.99312077	     57.36107021
      4.83333330	      6.86332261	      1.92894256	      0.01460064	      0.55139351	      1.04911914	     -0.15421215	     -7.53834029	      0.73612584	     -1.51148302	      7.52446197	      0.13132664	     13.76788402	      1.92205124	     -7.49999987	     12.75067597	     -0.04545764	     -0.79914585	     51.82524776	      0.90452121	      7.17387531	    -14.55145590	     -7.49999987	    -11.22810602	      0.08297519	      1.23449873	     -2.43329646	    -12.92779828	     17.48895284	     21.79452188	     65.93017481	     -6.77507913	    -15.41859984	     13.70090345	     40.49781019	     57.40249267
      4.85000000	      7.20366520	      2.22545357	     -0.68328165	      0.57149864	      1.04980146	     -0.15338160	     -9.82362877	      0.39768738	     -1.25168706	      6.18486156	      0.10794620	     14.00802426	      2.36769681	     -7.49999987	     13.95699775	      0.21697207	     -1.79083242	     46.98602132	      0.82006077	      7.56725117	    -13.93932638	     -7.49999987	    -11.81435223	     -0.26932497	     -0.05813966	      1.19816450	    -13.65942667	     23.21573024	     22.11717609	     63.35814260	     -9.72765893	    -14.50836705	      9.79852904	     41.59662337	     57.66786356
      4.86666670	      7.21397172	      2.36445415	     -1.29765014	      0.59155997	      1.04822129	     -0.15293040	    -11.62676043	      0.21276692	     -1.07345630	      5.09159607	      0.08886512	     14.15659381	      2.63101529	     -7.49999987	     15.17689034	      0.36424255	     -2.61859754	     41.56989837	      0.72553160	      7.44506184	    -13.27214055	     -7.49999987	    -11.94460472	     -0.41453303	      0.63218988	      2.93742514	    -14.15064535	     23.47933965	     23.55019864	     63.13440071	    -10.72243954	    -14.01415740	      9.73621934	     41.01907444	     57.71026686
      4.88333330	      7.17413991	      2.43457230	     -1.77438090	      0.61139354	      1.04303780	     -0.15235904	    -13.25420838	      0.08627484	     -1.01992490	      4.19638599	      0.07324075	     14.65952385	      2.79547398	     -7.49999987	     16.20383533	      0.43724017	     -3.24255874	     35.97923221	      0.62795606	      7.08295205	    -12.51198604	     -7.49999987	    -12.00758569	     -0.46640349	      1.12934177	      4.73735527	    -14.63365947	     23.85217115	     25.02051964	     62.99373164	    -11.76073900	    -13.56872539	      9.57970337	     40.43011651	     57.69945863
      4.90000000	      7.08552497	      2.49548705	     -2.12671709	      0.63122175	      1.03592127	     -0.15125324	    -14.68802424	     -0.03979934	     -1.09919617	      3.45890813	      0.06036934	     15.45693783	      3.02357662	     -7.49999987	     17.08372686	      0.44509259	     -3.73751368	     30.43798612	      0.53124308	      6.87864575	    -11.53545380	     -7.49999987	    -12.04049817	     -0.49423533	      1.35809043	      6.61914429	    -15.14939262	     24.75582076	     26.71694038	     62.87606474	    -12.89979062	    -13.21293551	      9.15891154	     39.96382745	     57.69953295
      4.91666670	      6.74054772	      2.59342827	     -2.50102128	      0.65141365	      1.02892578	     -0.15011906	    -15.73958555	     -0.20987127	     -0.97271059	      2.83816272	      0.04953528	     16.39603891	      3.13729118	     -7.49999987	     18.07702353	      0.44781774	     -4.15116085	     25.08018875	      0.43773187	      6.89716423	    -10.50422020	     -7.49999987	    -11.70674121	     -0.55882722	      1.56587434	      8.56345285	    -15.35364466	     24.91883335	     27.85780959	     62.87625162	    -13.98879352	    -12.99486459	      9.19383232	     39.34611726	     57.73281810
      4.93333330	      6.43568317	      2.71615452	     -3.00559030	      0.67094939	      1.02398459	     -0.14956566	    -16.85885135	     -0.45642227	     -0.73529967	      2.41702067	      0.04218497	     17.40413011	      3.45003277	     -7.49999987	     18.87640471	      0.48696601	     -4.50305770	     19.94640165	      0.34813038	      7.28682981	     -9.34956763	     -7.49999987	    -11.55720927	     -0.68310124	      1.70722708	     10.58704566	    -15.53412377	     25.15474695	     29.06198209	     62.95822167	    -14.97623012	    -12.80112899	      9.16710250	     38.64665352	     57.76516106
      4.95000000	      6.36925722	      2.76919456	     -3.63131571	      0.68951818	      1.02025514	     -0.14948421	    -18.39416495	     -0.69489432	     -0.49834358	      2.13308347	      0.03722933	     18.21138116	      4.22589096	     -7.49999987	     19.33088154	      0.46945147	     -5.03185680	     15.35450634	      0.26798669	      8.63316779	     -7.22260387	     -7.49999987	    -11.74570515	     -0.72585987	      1.67464467	     12.76025360	    -16.04223035	     26.74735637	     30.77096048	     63.35943188	    -16.12039728	    -12.30591150	      8.28867570	     38.02921933	     57.89244356
      4.96666670	      5.86947148	      2.85686485	     -4.22818086	      0.70855945	      1.01664683	     -0.14960289	    -19.43322138	     -0.98324365	      0.15912691	      2.20760259	      0.03852993	     18.64168530	      4.49531567	     -7.49999987	     20.12340561	      0.58132907	     -5.20750029	     11.36286323	      0.19831938	      9.42310668	     -5.88740179	     -7.49999987	    -11.36802453	     -0.79359386	      0.29283054	     16.25774518	    -15.91099512	     31.23598227	     30.46537113	     63.81880972	    -18.52880592	    -11.04832650	      4.79063010	     37.88114317	     59.24779744
      4.98333330	      5.34754449	      3.01094717	     -4.70636083	      0.72963333	      1.01330562	     -0.14951322	    -20.28556435	     -1.34373153	      0.59849283	      2.55042152	      0.04451325	     18.92074064	      4.75281512	     -7.49999987	     20.87898003	      0.85045736	     -5.18015955	      8.43005605	      0.14713223	      9.91088817	     -4.85071415	     -7.49999987	    -10.94276339	     -0.95456810	      0.31238484	     17.88287186	    -15.92564230	     31.00586543	     31.09976407	     63.77285388	    -19.94674751	    -10.44364515	      4.91578182	     36.79836197	     59.37262381
      5.00000000	      4.93401349	      3.11534112	     -5.17233070	      0.75273533	      1.00964421	     -0.14897311	    -21.00885560	     -1.67841735	      1.10597757	      3.11646055	      0.05439250	     19.16099929	      4.64647093	     -7.49999987	     21.53350577	      1.07854002	     -5.47372977	      7.00348505	      0.12223387	     10.43233442	     -3.44496697	     -7.49999987	    -10.56996385	     -1.10811701	      0.17103311	     19.46999708	    -16.00492902	     31.51961419	     31.39915058	     63.86915635	    -21.32961764	     -9.20729212	      3.91545956	     34.58027852	     59.76325312
      5.01666670	      4.65633466	      3.28016464	     -5.59279436	      0.77761475	      1.00411041	     -0.14857764	    -21.67872550	     -2.10706222	      1.48926527	      3.89933038	      0.06805615	     19.49862222	      4.40449989	     -7.49999987	     21.98174960	      1.45276252	     -5.31671974	      6.99858250	      0.12214831	      9.92803595	     -3.52903186	     -7.49999987	    -10.28407160	     -1.41841243	      0.09542261	     20.51156106	    -16.11184282	     31.36038072	     31.92621091	     63.86539226	    -22.92978142	     -8.35933051	      3.94910935	     33.19750501	     59.87003605
      5.03333330	      4.46647545	      3.37553540	     -5.92000935	      0.80372184	      0.99767540	     -0.14924763	    -22.32374131	     -2.51447824	      1.87343647	      4.94160151	      0.08624722	     19.45382434	      3.84055595	     -7.49999987	     22.24772625	      1.84641734	     -4.75632201	      8.29436042	      0.14476390	      8.66377065	     -4.64560891	     -7.49999987	     -9.90297010	     -1.66401066	      0.00510721	     21.41103100	    -16.17065373	     31.47000783	     31.70419574	     64.13630086	    -23.80559300	     -7.24384188	      3.28078993	     30.38286921	     60.21741333
      5.05000000	      4.49444690	      3.56093679	     -6.23583105	      0.83001050	      0.99401775	     -0.15071352	    -23.04419794	     -3.09498309	      2.19607858	      6.33931452	      0.11064191	     18.97877462	      3.15432051	     -7.49999987	     22.15529421	      2.37587866	     -4.21413232	     10.41613107	      0.18179578	      6.73475894	     -6.02067534	     -7.49999987	     -9.74262918	     -2.09588266	     -0.00550094	     21.82045855	    -16.33010098	     31.18960233	     31.95256066	     64.26447330	    -24.79286026	     -6.56029941	      3.14970613	     28.88563644	     60.36278790
      5.06666670	      4.45819569	      3.80110582	     -6.49402336	      0.85594743	      0.99508264	     -0.15246024	    -23.41106310	     -3.76572656	      2.14946802	      8.22645572	      0.14357874	     18.01715592	      2.88625747	     -7.49999987	     22.02452572	      2.90903605	     -4.14061874	     12.86954577	      0.22461595	      5.06163136	     -6.11168515	     -7.49999987	     -9.44044581	     -2.59140979	      0.19754398	     21.79459765	    -16.60902232	     31.05569441	     32.05357351	     64.27040240	    -25.70249739	     -6.25986468	      3.16574624	     28.39954728	     60.37121570
      5.08333330	      4.48301127	      4.04014982	     -6.62165332	      0.88214407	      0.99985193	     -0.15453100	    -23.47665447	     -4.35062495	      2.62385265	     10.58743277	      0.18478556	     15.54204282	      0.89554601	     -7.49999987	     21.56684367	      3.64777511	     -2.90811910	     14.82394787	      0.25872670	      2.10864752	     -8.40965471	     -7.49999987	     -9.13663205	     -2.97424208	      0.12204666	     21.51993824	    -16.66948021	     30.38117454	     31.91006998	     64.47775861	    -25.64228536	     -5.81597507	      2.77525787	     26.33442671	     60.42292141
      5.10000000	      4.39250174	      4.23391872	     -6.65469139	      0.90915794	      1.00609963	     -0.15633442	    -22.81212919	     -4.84722430	      2.67946015	     13.83170828	      0.24140885	     12.10819211	     -0.68712261	     -7.49999987	     21.03111495	      4.21833110	     -2.31504302	     16.44436687	      0.28700835	      0.43759945	     -8.80513700	     -7.49999987	     -8.74089155	     -3.29411390	      0.68889770	     20.03227726	    -16.71399797	     26.71412047	     32.01946092	     69.13316997	    -25.00783906	     -5.88209343	      2.35469216	     24.56367828	     62.67552804
      5.11666670	      4.55077342	      4.30485289	     -6.54951836	      0.93628266	      1.01137289	     -0.15779375	    -21.67194565	     -5.18254352	      2.56372927	     18.18603040	      0.31740611	      7.13084283	     -2.66629758	     -7.49999987	     19.97373913	      4.73128369	     -1.54910081	     17.59427228	      0.30707798	     -0.68228551	     -9.23745794	     -7.49999987	     -8.66551259	     -3.45823114	      0.45747000	     19.10113332	    -16.75277554	     26.31733215	     31.83059573	     68.78891333	    -24.74778214	     -6.04175755	      2.18113209	     24.12542195	     62.50957807
      5.13333330	      4.83086364	      4.24129786	     -6.39885153	      0.96336625	      1.01375020	     -0.15853002	    -19.78868739	     -5.40895216	      2.23158712	     23.84281657	      0.41613565	      0.62110123	     -4.78774623	     -7.49999987	     18.52026793	      5.11139162	     -0.80210712	     18.32351976	      0.31980575	     -1.03847105	     -9.46496646	     -7.49999987	     -8.67383491	     -3.48374279	      0.27609283	     17.87907578	    -16.76808957	     25.90220532	     31.46896454	     68.54954479	    -24.26298588	     -6.21060806	      2.04386545	     23.60388804	     62.40400487
      5.15000000	      5.06028464	      4.02940707	     -6.37111178	      0.98977118	      1.01403575	     -0.15868037	    -17.02633324	     -5.55418445	      1.91700900	     30.52416603	      0.53274720	     -6.75219022	     -6.82708192	     -7.49999987	     16.88617939	      5.28517355	     -0.17702340	     18.64797906	      0.32546863	     -0.68563394	     -9.46228521	     -7.49999987	     -8.57670572	     -3.31180561	      0.23902392	     16.54489908	    -16.71409718	     25.21229681	     30.91477544	     68.52431669	    -23.58258544	     -6.22408888	      1.92613906	     22.50736158	     62.41408516
      5.16666670	      5.31683351	      3.81508465	     -6.57412927	      1.01503506	      1.01360310	     -0.15865566	    -13.76847229	     -5.78786588	      1.65006816	     37.55182075	      0.65540291	    -13.22310153	     -8.36741850	     -7.49999987	     15.01757689	      5.39447384	      0.22043870	     18.48857513	      0.32268651	      0.12590994	     -9.25397834	     -7.49999987	     -8.56638898	     -3.17943682	      0.55042209	     15.02778365	    -16.74776394	     24.10268579	     30.48928491	     68.97633725	    -22.89714346	     -6.12610478	      1.70081623	     21.15190297	     62.66172219
      5.18333330	      5.58657475	      3.48813980	     -6.97689686	      1.03936689	      1.01426764	     -0.15863974	    -10.48696560	     -5.88622432	      1.53566262	     44.00276831	      0.76799319	    -17.68683243	     -9.48788746	     -7.49999987	     12.98731560	      5.32828952	      0.38799318	     17.95394177	      0.31335540	      1.11043098	     -9.07832608	     -7.49999987	     -8.72588089	     -2.99078537	      1.09548708	     13.37334644	    -16.88750071	     22.83123994	     30.41605248	     69.69339910	    -22.54401652	     -5.91376000	      1.14011170	     20.32172582	     63.00907177
      5.20000000	      6.02795317	      3.10681888	     -7.33897173	      1.06400672	      1.01538301	     -0.15848847	     -7.57798836	     -5.83688398	      1.34456436	     49.55136538	      0.86483447	    -19.53895224	    -10.27271755	     -7.49999987	     10.69120086	      5.21943000	      0.52486484	     17.19378622	      0.30008818	      1.93836119	     -9.11138837	     -7.49999987	     -9.22859158	     -2.77328577	      1.23223326	     12.05077641	    -17.05764098	     22.61099871	     30.35025261	     69.71690749	    -22.73089422	     -5.73318868	      0.88507959	     20.55594750	     63.00721898
      5.21666670	      6.33801609	      2.57435430	     -7.53118573	      1.08919966	      1.01728916	     -0.15814311	     -4.67636583	     -5.41736597	      1.18130508	     54.07671447	      0.94381672	    -18.81813397	    -11.11431500	     -7.49999987	      8.46735739	      4.89648635	      0.60470760	     16.39205753	      0.28609538	      2.84164874	     -8.98380035	     -7.49999987	     -9.61079974	     -2.37568701	      1.36345140	     10.52479594	    -17.26512232	     22.44152389	     30.12653092	     69.69806002	    -22.74333559	     -5.63870013	      0.52506593	     20.80983056	     62.95866536
      5.23333330	      6.52263740	      2.02540138	     -7.76732069	      1.11315841	      1.02240589	     -0.15771052	     -1.67547021	     -4.83601406	      1.18687380	     57.55452080	      1.00451589	    -15.87388216	    -11.56242908	     -7.49999987	      6.23131120	      4.45025801	      0.30972634	     15.37253670	      0.26830138	      3.56372562	     -8.48593790	     -7.49999987	     -9.82162371	     -1.96855146	      2.13151448	      8.61403066	    -17.45258455	     21.83619437	     29.49138880	     69.82620135	    -22.14461397	     -5.68186521	     -0.38080475	     20.78046912	     62.95090220
      5.25000000	      6.70483404	      1.34872037	     -7.64386310	      1.13424431	      1.03056641	     -0.15801170	      1.19238744	     -4.00109473	      0.98374998	     59.58668561	      1.03998385	    -11.59924689	    -12.06473066	     -7.49999987	      3.92019639	      3.86684685	      0.36052869	     14.27276282	      0.24910670	      4.32355875	     -7.87152012	     -7.49999987	    -10.10427287	     -1.30247633	      2.24624358	      6.80144730	    -17.48844497	     21.30652932	     28.91583233	     69.89910162	    -21.40668461	     -5.89528643	     -1.00486880	     21.18538375	     63.04724219
      5.26666670	      6.83660752	      0.70183635	     -7.34882665	      1.15248408	      1.03766180	     -0.15822465	      4.10495667	     -3.13767027	      0.72212770	     60.29822986	      1.05240264	     -7.07174586	    -12.59489976	     -7.49999987	      1.60914648	      3.27402712	      0.46680144	     12.98711258	      0.22666787	      5.00571875	     -7.10408261	     -7.49999987	    -10.39958454	     -0.58451089	      2.18669342	      5.12757569	    -17.34711901	     20.83409034	     28.06687199	     69.99649894	    -20.19245383	     -6.32824629	     -1.47453261	     21.71308422	     63.26070226
      5.28333330	      6.89383594	      0.12325645	     -6.88409474	      1.16990408	      1.03979487	     -0.15775055	      7.05739745	     -2.29257957	      0.37878948	     59.79986892	      1.04370460	     -2.76510898	    -12.98392558	     -7.49999987	     -0.58103916	      2.71115528	      0.55471740	     11.63474483	      0.20306460	      5.75382400	     -6.29251815	     -7.49999987	    -10.70390563	      0.08236379	      1.87923419	      3.63987359	    -17.01190466	     20.25306360	     27.18864256	     70.18895020	    -18.64099147	     -6.99873813	     -1.73294823	     22.35764221	     63.76466923
      5.30000000	      6.82183926	     -0.38952205	     -6.25773926	      1.19070911	      1.03641525	     -0.15734209	      9.87886178	     -1.44033395	     -0.03262587	     58.12002214	      1.01438575	      0.78268983	    -13.28875800	     -7.49999987	     -2.57593140	      2.20222863	      0.78199242	     10.31601362	      0.18004840	      6.72843797	     -5.46163207	     -7.49999987	    -10.91536176	      0.72856956	      1.99225289	      1.44855696	    -16.31943250	     16.17254268	     26.81165103	     72.64628637	    -16.51252912	     -8.13141905	     -1.10363061	     22.84578904	     68.82357493
      5.31666670	      6.64718584	     -0.79691142	     -5.52880838	      1.21537507	      1.03215823	     -0.15821523	     12.45051698	     -0.71774112	     -0.57373165	     55.46444858	      0.96803725	      3.79109570	    -12.91907021	     -7.49999987	     -4.44617454	      1.83687210	      1.29718020	      9.04024122	      0.15778197	      7.61647955	     -5.10567924	     -7.49999987	    -10.94135441	      1.25347861	      1.17407961	     -0.11439071	    -16.17724840	     16.44767793	     26.59055891	     72.94435771	    -14.89766561	     -9.02945435	     -1.37516539	     23.90700150	     69.04437910
      5.33333330	      6.40122630	     -1.09207040	     -4.76069540	      1.23998879	      1.02798138	     -0.15982415	     14.68167140	     -0.11958220	     -1.10163174	     52.04711597	      0.90839354	      6.08151186	    -12.24045052	     -7.49999987	     -6.20546419	      1.58565916	      1.80464909	      7.88271338	      0.13757930	      8.55871161	     -4.68788465	     -7.49999987	    -10.78750111	      1.71637469	      0.24128367	     -1.82018725	    -16.04004734	     16.48775124	     26.36555724	     73.18589717	    -13.34725551	    -10.04723025	     -1.40890379	     25.17697376	     69.41780463
      5.35000000	      5.99151095	     -1.38307436	     -3.88818651	      1.26029139	      1.02483415	     -0.16044530	     16.65820978	      0.43209584	     -1.66475929	     47.98776142	      0.83754444	      7.51752970	    -11.18933450	     -7.49999987	     -7.66380271	      1.29971767	      2.40711956	      6.87559514	      0.12000177	      9.54106354	     -4.26171041	     -7.49999987	    -10.41928135	      2.18479685	     -0.64094851	     -3.75992184	    -15.96024796	     16.40617207	     26.13240673	     73.36564220	    -11.70237203	    -11.12562891	     -1.32951857	     26.71234973	     69.81100551
      5.36666670	      5.45655464	     -1.63197092	     -2.93813352	      1.27704843	      1.02414269	     -0.15926429	     18.33028771	      0.89180042	     -2.15431804	     43.35813366	      0.75674219	      8.12918283	    -10.03924647	     -7.49999987	     -8.80768086	      0.98675988	      3.00715075	      5.91836858	      0.10329502	     10.37359691	     -3.80689241	     -7.49999987	     -9.95006129	      2.63037096	     -1.43426881	     -5.80544980	    -15.84631994	     16.23634275	     25.91748434	     73.50444769	     -9.91266417	    -12.27373774	     -1.16675769	     28.42010831	     70.21246953
      5.38333330	      5.08617349	     -1.82140739	     -2.04006214	      1.29453539	      1.02412341	     -0.15714735	     19.52914285	      1.22256739	     -2.48930874	     38.37987631	      0.66985521	      8.18767065	     -8.56252320	     -7.49999987	    -10.01685852	      0.70888036	      3.46962135	      4.93964564	      0.08621308	     11.19244061	     -3.34523477	     -7.49999987	     -9.89123762	      3.05363904	      1.65150828	    -11.92186363	    -14.90814436	      7.05778690	     29.70616440	     75.04664552	     -5.12334043	    -14.13988367	      4.40276716	     29.13883517	     75.92485220
      5.40000000	      4.64325123	     -1.91887943	     -1.03171156	      1.31454671	      1.02318101	     -0.15512077	     20.55471004	      1.34662262	     -2.90572217	     33.01597015	      0.57623738	      7.69725268	     -7.06588636	     -7.49999987	    -11.11562067	      0.44546151	      3.91572417	      4.03795878	      0.07047568	     11.87255097	     -2.72988913	     -7.49999987	     -9.55817630	      3.32721651	      1.78917970	    -14.86850701	    -14.31146497	      5.22306854	     30.49265093	     76.14697213	     -2.48003192	    -15.48242360	      6.56611257	     31.31359505	     76.59004780
      5.41666670	      4.34399009	     -1.90306039	     -0.07735376	      1.33628422	      1.01859506	     -0.15330961	     21.28585328	      1.28181278	     -3.34792751	     27.42336194	      0.47862796	      7.25004801	     -5.35417068	     -7.49999987	    -12.48370321	      0.27414260	      4.49286199	      3.21922749	      0.05618612	     12.49806146	     -2.39411743	     -7.49999987	     -9.23389502	      3.45549088	      3.91587205	    -19.21184579	    -12.65744638	     -0.12321612	     31.85366568	     77.43465670	      2.40883318	    -16.54147861	     11.76186225	     31.20650316	     77.10163089
      5.43333330	      4.17686473	     -1.75630859	      0.94884689	      1.35770140	      1.01187757	     -0.15169892	     21.71710426	      1.00794031	     -3.91557220	     21.72606064	      0.37919129	      7.31378197	     -3.26275975	     -7.49999987	    -13.99320268	      0.16927211	      5.19895225	      2.61879189	      0.04570654	     13.16031193	     -2.04992337	     -7.49999987	     -9.00768922	      3.36031357	      5.11510375	    -22.38739822	    -11.11908801	     -3.09959826	     32.31926925	     78.82029256	      6.69728286	    -17.30967999	     16.16162551	     31.49039849	     76.16622506
      5.45000000	      4.04629875	     -1.56190233	      1.97528078	      1.37783443	      1.00598614	     -0.15076445	     22.01762911	      0.63611251	     -4.64199387	     16.24560364	      0.28353927	      7.97366532	     -0.73025046	     -7.49999987	    -15.46366920	      0.07299695	      6.11750645	      2.32926643	      0.04065337	     14.31569775	     -1.90757197	     -7.49999987	     -8.88209942	      3.12831165	      4.89003099	    -24.14570649	    -10.26553208	     -3.37077262	     31.93592367	     79.12454070	      9.39860746	    -17.96598759	     17.07715947	     33.01614827	     76.18858804
      5.46666670	      3.71766511	     -1.37181864	      2.95713508	      1.39699455	      1.00232902	     -0.15104969	     22.53061328	      0.29050685	     -4.82271557	     11.33129854	      0.19776847	      8.58280763	      0.91302535	     -7.49999987	    -16.56322534	     -0.05391363	      7.09647656	      2.35573241	      0.04111529	     15.82560234	     -1.94179492	     -7.49999987	     -8.50798950	      2.86498154	      4.65967450	    -25.50191047	     -9.51685208	     -3.37860405	     31.27757457	     79.36611180	     12.00599441	    -18.29274405	     17.44520765	     34.17016581	     76.31406200
      5.48333330	      3.66456133	     -1.14662883	      3.81447381	      1.41646811	      1.00120502	     -0.15231140	     22.84693067	     -0.17097452	     -5.34210445	      7.45790240	      0.13016495	      9.97441575	      3.50127449	     -7.49999987	    -17.81172415	     -0.16538363	      8.11105198	      2.63089994	      0.04591787	     17.21731037	     -2.31235609	     -7.49999987	     -8.53267391	      2.68439446	      6.31964186	    -27.90214463	     -7.76500808	     -6.95411849	     31.92239481	     80.18025657	     16.95224479	    -18.33596391	     24.91429249	     33.15023699	     72.26779150
      5.50000000	      3.44841561	     -0.99651567	      4.57043677	      1.43857191	      0.99969139	     -0.15321608	     23.36893573	     -0.57780260	     -5.51079823	      4.82866846	      0.08427616	     10.76698061	      4.90168930	     -7.49999987	    -18.73860902	     -0.37391362	      8.94550717	      3.18449730	      0.05557996	     18.48260686	     -2.84231363	     -7.49999987	     -8.37890167	      2.52052617	      6.05754603	    -28.53615892	     -7.35314443	     -6.77961059	     31.24257844	     80.34602904	     18.99745451	    -18.31477686	     25.08933636	     34.13249988	     72.31041781
      5.51666670	      3.24265181	     -0.94929233	      5.19086493	      1.46329315	      0.99716467	     -0.15248785	     23.87547376	     -0.86713311	     -5.74480677	      3.64038621	      0.06353673	     11.27824383	      5.62688014	     -7.49999987	    -19.47961878	     -0.70368519	      9.58845114	      4.11747541	      0.07186350	     19.66539853	     -3.54829707	     -7.49999987	     -8.20763820	      2.50777493	      5.80764306	    -29.07278849	     -7.06268082	     -6.68367278	     30.78690521	     80.31334025	     20.57692090	    -18.27169924	     25.36812264	     34.98714083	     72.20976169
      5.53333330	      3.02311035	     -1.10654913	      5.67064634	      1.48941725	      0.99432306	     -0.15032761	     24.30683683	     -0.85248726	     -6.07651276	      3.83953447	      0.06701252	     11.16268896	      5.47919265	     -7.49999987	    -20.02069182	     -1.24817070	      9.86666878	      5.41404188	      0.09449286	     20.59225626	     -4.16886687	     -7.49999987	     -7.95431647	      2.72154882	      5.60842259	    -29.52159041	     -6.90963782	     -6.59665141	     30.56289085	     80.13514663	     21.59015970	    -18.15382021	     25.36902226	     35.81990222	     72.00704837
      5.55000000	      2.87552176	     -1.35338736	      5.94724443	      1.51664543	      0.99158787	     -0.14739306	     24.58736201	     -0.58107871	     -6.62533437	      5.41860908	      0.09457257	     10.43865435	      5.06152021	     -7.49999987	    -20.51088282	     -1.87820815	      9.54989255	      7.00613126	      0.12228006	     20.72257542	     -4.64470175	     -7.49999987	     -7.73424369	      3.06170500	      5.45437371	    -29.75499440	     -6.94270051	     -6.57081152	     30.45412870	     80.04972574	     22.11868660	    -18.08484768	     25.29279209	     36.27776224	     71.91465529
      5.56666670	      2.89045749	     -1.85809955	      6.32876083	      1.54577130	      0.98815221	     -0.14447837	     24.47375684	      0.04170032	     -7.04831006	      7.64175804	      0.13337384	      8.41152425	      3.41516395	     -7.49999987	    -21.00845835	     -2.79346066	      9.79216240	      8.90532029	      0.15542716	     20.01103518	     -6.01421930	     -7.49999987	     -7.59093707	      3.65724340	      5.27097421	    -29.57037337	     -7.14670292	     -6.21467721	     29.52346670	     79.78598238	     21.95445931	    -18.08998649	     24.76809764	     37.74430119	     71.10805129
      5.58333330	      2.90006475	     -2.41300357	      6.59302836	      1.57528621	      0.98610453	     -0.14152445	     24.33914433	      0.75160520	     -7.54621193	     10.30283823	      0.17981845	      6.20762213	      2.59462900	     -7.49999987	    -21.32171480	     -3.74659837	      9.29067932	     11.21619503	      0.19575953	     18.65290892	     -6.45609529	     -7.49999987	     -7.26081896	      4.38696332	      5.33154088	    -29.87350425	     -7.19368966	     -5.90554252	     29.32986086	     79.67354323	     21.57849689	    -17.78050866	     24.45361232	     38.53018406	     70.76935211
      5.60000000	      2.98540048	     -2.88501636	      6.49872303	      1.60295696	      0.98509031	     -0.13840387	     24.11631779	      1.58904171	     -7.16524810	     12.88541016	      0.22489283	      4.15043299	      1.26213402	     -7.49999987	    -21.47661889	     -4.46518880	      8.59997009	     13.95482134	      0.24355758	     16.21220577	     -7.35527082	     -7.49999987	     -7.08763921	      4.98936362	      5.49014398	    -30.02816725	     -7.30005977	     -5.20267021	     28.87064335	     79.59950251	     20.72260890	    -17.77028915	     23.70400567	     39.68950416	     70.20524762
      5.61666670	      3.00453641	     -3.41098218	      6.28076979	      1.62928712	      0.98598398	     -0.13611877	     23.79455247	      2.49732387	     -6.79470784	     15.10693589	      0.26366577	      2.87326511	      0.45881329	     -7.49999987	    -21.10144394	     -5.21974272	      7.49567954	     17.34979533	      0.30281105	     13.06218181	     -7.78129305	     -7.49999987	     -6.82921420	      5.62822874	      4.49333409	    -29.20989008	     -8.18157542	     -2.39510136	     27.47705032	     79.55156605	     18.36635998	    -18.26985616	     20.98166814	     42.11743687	     68.62652612
      5.63333330	      3.20173089	     -3.88547983	      5.76599377	      1.65610620	      0.98915698	     -0.13470155	     23.01566561	      3.50298681	     -6.08363136	     16.83680230	      0.29385764	      2.40881030	     -0.36916492	     -7.49999987	    -20.44361154	     -5.86012312	      6.17907785	     21.40356659	      0.37356271	      8.85556748	     -8.17418096	     -7.49999987	     -6.79585680	      6.24300582	      5.09488982	    -29.12226352	     -8.29477324	     -1.56275159	     26.89444467	     78.89227419	     17.36573953	    -18.01914533	     20.57754375	     42.68270101	     68.22751862
      5.65000000	      3.36868773	     -4.30404494	      5.13892184	      1.68378867	      0.99475004	     -0.13347877	     21.89693987	      4.49657733	     -5.31755708	     17.98322001	      0.31386640	      2.62954073	     -1.11094235	     -7.49999987	    -19.17570278	     -6.46964281	      4.84368082	     26.18103676	      0.45694529	      3.69351042	     -8.26935052	     -7.49999987	     -6.70368082	      6.76644920	      5.45340707	    -28.31233337	     -8.64344338	      0.03402951	     25.42977760	     78.42243733	     15.96438062	    -17.78509845	     19.98146176	     42.90699404	     67.88314424
      5.66666670	      3.69837434	     -4.60140362	      4.51672533	      1.71120813	      1.00053018	     -0.13157373	     20.19890639	      5.40273387	     -4.60661469	     18.44467993	      0.32192039	      3.26442614	     -1.65140210	     -7.49999987	    -17.48056781	     -6.98488385	      3.81132911	     31.63282904	      0.55209702	     -2.11871013	     -8.30264687	     -7.49999987	     -6.85412216	      7.15629814	      5.72787917	    -27.11723928	     -9.06245752	      1.90849161	     24.02115571	     78.17101076	     14.40117141	    -17.53975295	     19.33284879	     42.96858275	     67.70025458
      5.68333330	      4.07634789	     -4.67546058	      3.96585014	      1.73696563	      1.00718865	     -0.12913005	     18.10439478	      6.03824962	     -4.02484846	     18.26034275	      0.31870310	      3.98301546	     -2.00660744	     -7.49999987	    -15.34595998	     -7.25973664	      3.18620211	     37.38247259	      0.65244723	     -7.80393297	     -8.32626936	     -7.49999987	     -7.15106185	      7.33315794	      6.05387769	    -25.69392480	     -9.43697355	      3.46485572	     22.73985540	     77.88030257	     12.92483786	    -17.20195897	     18.92938187	     42.67194201	     67.54765980
      5.70000000	      4.47069927	     -4.44641493	      3.55916219	      1.76132994	      1.01394682	     -0.12666828	     15.72909799	      6.29168277	     -3.55593646	     17.51328259	      0.30566444	      4.50056906	     -2.20947087	     -7.49999987	    -12.88139380	     -7.14705777	      3.03071407	     42.99966104	      0.75048566	    -12.18418789	     -8.57728564	     -7.49999987	     -7.51702375	      7.15974701	      6.28657087	    -23.93159114	     -9.70438606	      4.62448109	     21.56799773	     77.59576971	     11.64745696	    -16.93401728	     18.87763199	     41.87417176	     67.37381949
      5.71666670	      4.66470743	     -3.86848329	      3.10297903	      1.78584262	      1.01762506	     -0.12418869	     13.47758243	      6.12593816	     -2.96442750	     16.58221045	      0.28941417	      5.11732405	     -2.12856924	     -7.49999987	    -10.03187857	     -6.60135114	      2.88223619	     48.17649408	      0.84083844	    -14.27531051	     -8.33215809	     -7.49999987	     -7.89920597	      6.54095394	      7.01934753	    -22.71436170	    -10.03568596	      4.68759959	     22.47026586	     77.20345689	     10.42752575	    -16.75102107	     19.09465790	     41.74998807	     67.20556020
      5.73333330	      4.80006599	     -3.11688520	      3.21017618	      1.81042875	      1.01881790	     -0.12227960	     11.28190110	      5.59178158	     -2.90158189	     15.57101725	      0.27176552	      5.51765542	     -2.34044783	     -7.49999987	     -6.87447326	     -5.79168922	      3.39029609	     52.75332712	      0.92071925	    -15.03080863	     -9.32998688	     -7.49999987	     -7.90394459	      5.77725617	      6.40861011	    -19.38438903	    -10.54718862	      6.65091832	     19.83864285	     76.99456040	      9.41431127	    -16.63167443	     19.80943039	     39.68282626	     66.84018864
      5.75000000	      4.91863073	     -2.17723107	      3.23338191	      1.83620097	      1.01740290	     -0.12038854	      9.11056361	      4.86674171	     -2.60719317	     14.59806928	      0.25478437	      6.20208045	     -2.40109718	     -7.49999987	     -3.78858326	     -4.74457553	      3.64090938	     56.47364498	      0.98565105	    -13.80232490	    -10.00455523	     -7.49999987	     -8.19913825	      4.74955072	      6.35681235	    -17.49315073	    -11.13368430	      7.24166081	     20.74626304	     76.61213760	      8.21158020	    -16.73184984	     20.27602651	     39.26828715	     66.61285864
      5.76666670	      4.89021142	     -1.14282879	      3.10470094	      1.86240750	      1.02008908	     -0.11910039	      7.12018128	      4.01114403	     -2.23098389	     13.70890564	      0.23926554	      7.18647008	     -2.23559841	     -7.49999987	     -0.73570378	     -3.58052951	      3.55991050	     59.17577081	      1.03281204	    -11.09502868	    -10.58302561	     -7.49999987	     -8.22586902	      3.58523722	      6.27917539	    -15.91777542	    -11.46608016	      7.99398598	     21.51305811	     76.33944209	      6.84289500	    -16.93689929	     20.79964517	     38.84752643	     66.43127732
      5.78333330	      4.92256397	     -0.15667207	      2.82344593	      1.88963734	      1.02369347	     -0.11895814	      5.05662958	      3.16684289	     -1.84015952	     12.83250228	      0.22396942	      8.15791792	     -2.01437043	     -7.49999987	      2.00523333	     -2.43355540	      3.25679465	     60.73706540	      1.06006177	     -7.44369082	    -11.51626095	     -7.49999987	     -8.23715939	      2.46276681	      6.38089389	    -15.02352400	    -11.37718299	      8.45445587	     22.23589134	     76.15921311	      5.33674448	    -17.08410646	     21.15908913	     38.51385470	     66.32667434
      5.80000000	      5.02055093	      0.69296163	      2.49815512	      1.91629346	      1.02583104	     -0.11911231	      2.79077927	      2.40576366	     -1.55635910	     11.70096127	      0.20422030	      9.19208472	     -1.51344406	     -7.49999987	      4.57983854	     -1.51933157	      2.75725792	     61.32273670	      1.07028366	     -3.32260074	    -12.09145455	     -7.49999987	     -8.22441156	      1.63143714	      6.08396594	    -14.63431256	    -10.81185154	      9.11441133	     22.59656762	     76.07767388	      3.52143528	    -17.29892645	     21.41145367	     38.21231347	     66.23495974
      5.81666670	      5.20049442	      1.40013692	      1.97781965	      1.94054627	      1.02608927	     -0.11878834	      0.47446772	      1.72299375	     -1.41736794	     10.55848203	      0.18428028	     10.29155406	     -0.85046992	     -7.49999987	      7.02400246	     -0.77515850	      2.10942083	     60.98690991	      1.06442238	      0.89500996	    -12.79712121	     -7.49999987	     -8.32320218	      0.93361003	      5.67711881	    -14.68110205	     -9.85835372	      9.76191919	     22.75128507	     75.98172093	      1.31348428	    -17.55843390	     21.15909907	     38.39113145	     66.08603058
      5.83333330	      5.34218532	      2.03568822	      1.27104569	      1.96201883	      1.02665903	     -0.11794359	     -1.78624820	      1.06672569	     -1.10429148	      9.31063124	      0.16250117	     11.42066725	     -0.27008186	     -7.49999987	      9.38197094	     -0.18516585	      1.25680280	     59.42770186	      1.03720906	      4.31525203	    -13.36746767	     -7.49999987	     -8.51055904	      0.26961914	      3.31446952	    -13.76904868	     -8.79623125	     12.07117969	     21.86247597	     75.40884984	     -3.35051169	    -17.59070690	     16.00944112	     40.70686652	     65.96724595
      5.85000000	      5.52736150	      2.51756907	      0.36305038	      1.98166489	      1.02674141	     -0.11710415	     -3.95872892	      0.50637540	     -0.61210901	      8.14534645	      0.14216311	     12.58796905	      0.26117692	     -7.49999987	     11.41403021	      0.20370670	      0.17547641	     56.58738478	      0.98763618	      6.63104689	    -13.57619340	     -7.49999987	     -8.62056951	     -0.14430922	      3.09300491	    -14.80469405	     -6.99149727	     11.95384932	     22.05584590	     75.20687768	     -5.35169612	    -17.68268001	     16.05278466	     40.63019525	     66.13038547
      5.86666670	      5.64777428	      2.75550768	     -0.67186912	      2.00003415	      1.02766435	     -0.11709023	     -5.94660044	      0.14903132	     -0.05001163	      7.01090526	      0.12236338	     13.34808754	      0.74455511	     -7.49999987	     13.08473465	      0.41893170	     -0.93680727	     52.59438023	      0.91794510	      7.98180159	    -13.52226542	     -7.49999987	     -8.57989930	     -0.33068297	      2.74791995	    -15.97381528	     -4.93221974	     11.70332339	     22.10334526	     74.99235634	     -7.42393870	    -17.66089893	     16.04302402	     40.42757021	     66.22831382
      5.88333330	      6.19492383	      2.81393113	     -1.73915974	      2.01924254	      1.02587355	     -0.11914887	     -8.24443076	     -0.07580900	      0.43222693	      6.01208355	      0.10493065	     14.35097119	      1.30860809	     -7.49999987	     13.96234384	      0.56765099	     -1.94758895	     48.01987911	      0.83810500	      8.89765120	    -12.83965641	     -7.49999987	     -9.25659412	     -0.28761680	      1.44308278	    -17.21900942	     -2.06140433	      7.57198785	     22.14907627	     72.96546740	    -10.94247391	    -17.37548328	     12.94329703	     42.70985773	     66.84633403
      5.90000000	      6.32434274	      2.79386673	     -2.80115510	      2.03847452	      1.02318168	     -0.12251109	     -9.89224896	     -0.27447298	      1.06031838	      5.23127473	      0.09130297	     15.17160703	      1.47143996	     -7.49999987	     15.09212925	      0.75629814	     -2.72655355	     43.20523865	      0.75407367	      9.36855525	    -12.28248959	     -7.49999987	     -9.06693574	     -0.02805560	      0.47320694	    -18.89909037	      0.32987147	      7.40331825	     21.91468875	     72.77270671	    -13.00145522	    -17.02538381	     13.07451597	     42.03596123	     67.09651734
      5.91666670	      6.79498246	      2.73504250	     -3.70820291	      2.05405612	      1.01964958	     -0.12454614	    -11.72886643	     -0.47506370	      1.44278559	      4.66702038	      0.08145487	     16.40553269	      1.62622706	     -7.49999987	     15.86704393	      0.90312849	     -3.20562319	     38.49646183	      0.67189001	      9.98244613	    -11.65572471	     -7.49999987	     -9.41203243	      0.23865202	     -1.61152184	    -20.33821681	      3.21451622	      3.72405588	     21.54890979	     70.13262699	    -16.02209002	    -15.78424750	      9.18895369	     42.35001881	     73.34697278
      5.93333330	      7.01787088	      2.67515101	     -4.57195499	      2.06588879	      1.01169317	     -0.12408157	    -13.20308716	     -0.68371003	      1.75121162	      4.24383849	      0.07406895	     17.85588962	      1.86785163	     -7.49999987	     16.99178882	      0.87283325	     -3.55764285	     33.71134969	      0.58837405	     10.64141349	    -11.29434369	     -7.49999987	     -9.32259706	      0.52598235	     -3.71780107	    -21.67709291	      5.69903967	      2.52867373	     20.67398032	     69.48146333	    -18.17429454	    -15.08689577	      8.95215235	     41.80241266	     73.71749225
      5.95000000	      7.13545217	      2.68382456	     -5.62767396	      2.07699409	      1.00286015	     -0.12278890	    -14.49331392	     -1.03954368	      2.35392972	      3.93389815	      0.06865948	     19.24724906	      1.94820918	     -7.49999987	     18.18207128	      0.67700307	     -3.98783571	     28.69318647	      0.50079058	     11.67321905	    -11.16245641	     -7.49999987	     -9.06179515	      0.62579317	     -5.71670946	    -23.07514469	      7.95717516	      2.42330575	     20.16089666	     69.39238889	    -19.88336322	    -14.49994524	      9.48906920	     40.97864072	     74.05417994
      5.96666670	      7.17940286	      2.76717943	     -6.94836535	      2.09032324	      0.99485202	     -0.12417024	    -15.57665799	     -1.63782300	      2.94699538	      3.75243769	      0.06549239	     20.49915359	      2.31241958	     -7.49999987	     19.18840665	      0.41576965	     -4.52400434	     23.31407079	      0.40690730	     12.94571223	    -10.44864706	     -7.49999987	     -8.58691492	      0.54342586	     -8.09245694	    -24.22254041	      9.92115752	      2.25217092	     19.48534967	     69.31598982	    -21.76376014	    -13.73332666	      9.90287642	     40.25143361	     74.43663856
      5.98333330	      7.27414507	      3.07796042	     -8.60123565	      2.10438832	      0.98849288	     -0.12966243	    -16.33277361	     -2.68244024	      3.57849803	      3.97117710	      0.06931012	     21.71070276	      2.61495261	     -7.49999987	     19.88344162	      0.31757865	     -5.32548992	     18.55399942	      0.32382838	     14.41816785	     -9.29027067	     -7.49999987	     -7.97549181	      0.03629137	    -10.51866787	    -25.07533017	     11.38952604	      2.33808167	     18.82817526	     69.35189210	    -23.70696942	    -12.72399392	     10.10668194	     39.61233232	     74.71678425
      6.00000000	      7.40028701	      3.65904207	    -10.43489058	      2.11856825	      0.98347052	     -0.13742719	    -16.64586583	     -4.16076426	      3.96545014	      4.65607477	      0.08126383	     23.00816915	      2.82684258	     -7.49999987	     20.49226709	      0.42902659	     -6.42917619	     15.56633840	      0.27168386	     16.57832358	     -7.63983649	     -7.49999987	     -7.29607102	     -1.13368983	    -14.46489404	    -24.79198560	     11.56886930	      6.35520747	     17.29143973	     70.64167977	    -27.02995145	    -10.18797808	      5.40901611	     40.17396412	     75.40990607
      6.01666670	      7.61636991	      4.37715355	    -12.47237996	      2.13234530	      0.98433017	     -0.14557364	    -16.52112580	     -5.96743394	      4.49779259	      5.95911953	      0.10400626	     24.32665397	      2.52900400	     -7.49999987	     20.96952917	      0.77263603	     -6.96981641	     14.67037336	      0.25604632	     18.10768180	     -8.03367478	     -7.49999987	     -6.63829248	     -2.29060502	    -15.87788667	    -24.66229233	     12.23446731	      6.65991339	     17.23458101	     70.71532107	    -27.92606340	     -9.09915858	      5.92737073	     39.28958379	     75.53218416
      6.03333330	      7.43360120	      5.24023244	    -14.44244605	      2.14725222	      0.98664949	     -0.15331445	    -15.47948255	     -7.89984322	      4.81422293	      7.99664133	      0.13956772	     25.48256049	      2.09218381	     -7.49999987	     21.98319026	      1.14631934	     -7.54729322	     16.09768835	      0.28095766	     19.57265849	     -9.01740057	     -7.49999987	     -5.36915939	     -3.62356081	    -18.39706855	    -23.25102666	     11.83628528	     12.82143687	     15.43260298	     73.07139173	    -28.49544003	     -7.15311591	      5.04857564	     36.20758384	     75.48555173
      6.05000000	      7.04791177	      6.32934323	    -16.12488854	      2.16169432	      0.98956485	     -0.16056346	    -13.69539385	    -10.01215211	      4.94121492	     10.90861253	      0.19039121	     26.49760760	      1.58785076	     -7.49999987	     23.75189108	      1.76513010	     -7.14204121	     20.13506226	      0.35142313	     20.95001605	    -12.20741981	     -7.49999987	     -3.98240308	     -5.12566830	    -20.15159610	    -21.97788816	     12.13987210	     14.02495603	     14.35595525	     73.36057617	    -28.49222137	     -6.01357770	      5.68633129	     33.79678271	     75.32156564
      6.06666670	      6.55837216	      7.30776913	    -17.75833790	      2.17671246	      0.99009190	     -0.16646368	    -11.47525444	    -12.07849471	      5.18880412	     14.44835933	      0.25217144	     27.20167187	      1.38016130	     -7.49999987	     25.96872133	      2.45601732	     -6.14231151	     25.63506442	      0.44741628	     20.96210860	    -15.99611763	     -7.49999987	     -2.64026771	     -6.39313446	    -20.95266867	    -20.65027614	     12.07138755	     19.59987277	     13.58956428	     74.46799262	    -27.51327815	     -5.02319848	      7.72585059	     30.34099874	     73.68754448
      6.08333330	      4.84274763	      9.03283023	    -18.68562124	      2.19311450	      0.98841287	     -0.17252515	     -7.28741051	    -14.66817249	      4.25010384	     18.90881789	      0.33002113	     27.53403546	      2.60631776	     -7.49999987	     32.03024155	      3.63142481	     -3.63529192	     37.36770091	      0.65218941	     21.23549840	    -21.01235372	     -7.49999987	     -0.05184973	     -7.96450810	    -21.38892726	    -19.42426904	     12.70598762	     20.34639825	     12.78702139	     74.36557514	    -26.72058363	     -3.68742361	      8.01493089	     27.80433031	     73.25205589
      6.10000000	      2.19415333	     10.97766400	    -19.25407111	      2.21474117	      0.98119702	     -0.17952287	     -1.58531690	    -17.57983132	      2.98836546	     24.26618983	      0.42352491	     26.87562294	      4.31293976	     -7.49999987	     40.51768017	      5.13167540	     -1.47486735	     53.09582748	      0.92669701	     22.45095785	    -23.42495289	     -7.49999987	      3.70259511	     -9.12385149	    -21.22694293	    -18.76770658	     12.92889826	     24.60854400	     12.41207368	     72.25908650	    -25.41727227	     -1.67699929	      9.46590642	     23.46271424	     70.68473527
