PathFileType  4	(X/Y/Z) /workspace/Data/b39b10d1-17c7-4976-b06c-a6aaf33fead2/MarkerData/PostAugmentation
DataRate	CameraRate	NumFrames	NumMarkers	Units	OrigDataRate	OrigDataStartFrame	OrigNumFrames
60.0	60.0	367	63	m	60.0	1	367
Frame#	Time	Neck			RShoulder			RElbow			RWrist			LShoulder			LElbow			LWrist			midHip			RHip			RKnee			RAnkle			LHip			LKnee			LAnkle			LBigToe			LSmallToe			LHeel			RBigToe			RSmallToe			RHeel			C7_study			r_shoulder_study			L_shoulder_study			r.ASIS_study			L.ASIS_study			r.PSIS_study			L.PSIS_study			r_knee_study			L_knee_study			r_mknee_study			L_mknee_study			r_ankle_study			L_ankle_study			r_mankle_study			L_mankle_study			r_calc_study			L_calc_study			r_toe_study			L_toe_study			r_5meta_study			L_5meta_study			r_thigh1_study			r_thigh2_study			r_thigh3_study			L_thigh1_study			L_thigh2_study			L_thigh3_study			r_sh1_study			r_sh2_study			r_sh3_study			L_sh1_study			L_sh2_study			L_sh3_study			RHJC_study			LHJC_study			r_lelbow_study			L_lelbow_study			r_melbow_study			L_melbow_study			r_lwrist_study			L_lwrist_study			r_mwrist_study			L_mwrist_study			
		X1	Y1	Z1	X2	Y2	Z2	X3	Y3	Z3	X4	Y4	Z4	X5	Y5	Z5	X6	Y6	Z6	X7	Y7	Z7	X8	Y8	Z8	X9	Y9	Z9	X10	Y10	Z10	X11	Y11	Z11	X12	Y12	Z12	X13	Y13	Z13	X14	Y14	Z14	X15	Y15	Z15	X16	Y16	Z16	X17	Y17	Z17	X18	Y18	Z18	X19	Y19	Z19	X20	Y20	Z20	X21	Y21	Z21	X22	Y22	Z22	X23	Y23	Z23	X24	Y24	Z24	X25	Y25	Z25	X26	Y26	Z26	X27	Y27	Z27	X28	Y28	Z28	X29	Y29	Z29	X30	Y30	Z30	X31	Y31	Z31	X32	Y32	Z32	X33	Y33	Z33	X34	Y34	Z34	X35	Y35	Z35	X36	Y36	Z36	X37	Y37	Z37	X38	Y38	Z38	X39	Y39	Z39	X40	Y40	Z40	X41	Y41	Z41	X42	Y42	Z42	X43	Y43	Z43	X44	Y44	Z44	X45	Y45	Z45	X46	Y46	Z46	X47	Y47	Z47	X48	Y48	Z48	X49	Y49	Z49	X50	Y50	Z50	X51	Y51	Z51	X52	Y52	Z52	X53	Y53	Z53	X54	Y54	Z54	X55	Y55	Z55	X56	Y56	Z56	X57	Y57	Z57	X58	Y58	Z58	X59	Y59	Z59	X60	Y60	Z60	X61	Y61	Z61	X62	Y62	Z62	X63	Y63	Z63	

1	0.0000000	-2.2198800	1.4472279	-0.2405900	-2.2063200	1.4462279	-0.0856900	-2.2418100	1.1694779	-0.0347200	-2.2036200	0.9036179	-0.0266000	-2.2167600	1.4482279	-0.3958500	-2.2501000	1.1738379	-0.4361500	-2.2148900	0.9293379	-0.4464500	-2.1851800	0.9781779	-0.2354400	-2.1776700	0.9786779	-0.1321000	-2.2286200	0.5369479	-0.1565500	-2.2460600	0.1325479	-0.1800200	-2.1853600	0.9783379	-0.3389800	-2.2023100	0.5332279	-0.3191800	-2.2377600	0.1313279	-0.3096900	-2.0601100	0.0934879	-0.3173700	-2.0765700	0.0952679	-0.3206400	-2.2677800	0.0950679	-0.3001900	-2.1006900	0.0762479	-0.1535500	-2.1103200	0.0788779	-0.1522400	-2.2618900	0.1014779	-0.1913000	-2.2964564	1.5118206	-0.2361804	-2.2197550	1.5009938	-0.1002164	-2.2150430	1.5007489	-0.3769113	-2.1348193	1.0568774	-0.1068981	-2.1307288	1.0485859	-0.3633974	-2.3084726	1.0630728	-0.1880705	-2.3074730	1.0596065	-0.2886290	-2.2135156	0.5587592	-0.1044705	-2.1880593	0.5598201	-0.3782461	-2.2039962	0.5588337	-0.2170324	-2.1825702	0.5595045	-0.2603537	-2.2631017	0.1351817	-0.1257078	-2.2463935	0.1398938	-0.3620901	-2.2313429	0.1407708	-0.2097292	-2.2201850	0.1446459	-0.2694955	-2.3131870	0.1110317	-0.1827886	-2.3073977	0.1095339	-0.3031451	-2.1248373	0.0850306	-0.1567232	-2.0960181	0.0945537	-0.3194478	-2.1684954	0.0817068	-0.1063514	-2.1422769	0.0912466	-0.3754138	-2.1298708	0.8236320	-0.0801138	-2.1654776	0.7201920	-0.0683346	-2.2447674	0.8354726	-0.0549084	-2.1143651	0.8298798	-0.3937035	-2.1455201	0.7245597	-0.4100684	-2.2321997	0.8308838	-0.4243253	-2.2314057	0.4304585	-0.0996999	-2.2139985	0.3025939	-0.0933874	-2.2839565	0.3170645	-0.0974670	-2.2050568	0.4333319	-0.3862771	-2.1875111	0.3067930	-0.3920358	-2.2638364	0.3230233	-0.3937859	-2.2207411	0.9806029	-0.1545531	-2.2182962	0.9742153	-0.3177555	-2.2406200	1.1798217	0.0066554	-2.2476327	1.1830952	-0.4800412	-2.2549615	1.1665415	-0.0727972	-2.2630575	1.1677131	-0.3968236	-2.1600455	0.9375366	-0.0221474	-2.1694403	0.9402718	-0.4588043	-2.2191610	0.9232408	0.0059534	-2.2288392	0.9233666	-0.4802536
2	0.0166667	-2.2191000	1.4473879	-0.2401800	-2.2065500	1.4460479	-0.0853500	-2.2422400	1.1699579	-0.0345000	-2.2021600	0.9038779	-0.0263500	-2.2149700	1.4486579	-0.3953300	-2.2500600	1.1742379	-0.4359600	-2.2072000	0.9296179	-0.4439700	-2.1838500	0.9787479	-0.2353000	-2.1761700	0.9792979	-0.1322400	-2.2262900	0.5365579	-0.1564100	-2.2463200	0.1326679	-0.1803000	-2.1842400	0.9788379	-0.3385600	-2.2014000	0.5324779	-0.3194700	-2.2393500	0.1304179	-0.3101000	-2.0597100	0.0930979	-0.3178300	-2.0762000	0.0947879	-0.3210600	-2.2697400	0.0938779	-0.3005000	-2.1011700	0.0756479	-0.1537900	-2.1107300	0.0783079	-0.1524900	-2.2629000	0.1011079	-0.1915400	-2.2923842	1.5077814	-0.2385637	-2.2175273	1.4984613	-0.1053798	-2.2133443	1.4984914	-0.3760607	-2.1327135	1.0554970	-0.1095753	-2.1290287	1.0458847	-0.3627019	-2.3028061	1.0614976	-0.1901740	-2.3010686	1.0574251	-0.2898337	-2.2185931	0.5562946	-0.1057376	-2.1921117	0.5546382	-0.3746969	-2.2099131	0.5588864	-0.2204185	-2.1898644	0.5569414	-0.2566018	-2.2589513	0.1347074	-0.1307123	-2.2438274	0.1349007	-0.3622667	-2.2293943	0.1425202	-0.2153435	-2.2187635	0.1428102	-0.2693986	-2.3111395	0.1098657	-0.1884306	-2.3056751	0.1039060	-0.3036654	-2.1195486	0.0878564	-0.1593614	-2.0925320	0.0957049	-0.3171792	-2.1632220	0.0834331	-0.1097245	-2.1376273	0.0898638	-0.3736157	-2.1288004	0.8219312	-0.0803268	-2.1662756	0.7172836	-0.0686130	-2.2454564	0.8342842	-0.0546321	-2.1117022	0.8234414	-0.3904079	-2.1447825	0.7186363	-0.4067852	-2.2297249	0.8284675	-0.4237557	-2.2331212	0.4291026	-0.1026645	-2.2122956	0.3019005	-0.0972784	-2.2844928	0.3148544	-0.1008399	-2.2077419	0.4282830	-0.3839412	-2.1873244	0.3019581	-0.3899343	-2.2636464	0.3158860	-0.3932513	-2.2191058	0.9813667	-0.1555766	-2.2155761	0.9746381	-0.3165454	-2.2351259	1.1812341	0.0081770	-2.2458186	1.1829719	-0.4791294	-2.2509537	1.1682761	-0.0759831	-2.2621188	1.1685145	-0.3952456	-2.1588749	0.9358258	-0.0239334	-2.1680487	0.9375722	-0.4557852	-2.2213749	0.9238224	0.0045906	-2.2334924	0.9247476	-0.4757961
3	0.0333333	-2.2176500	1.4473679	-0.2397000	-2.2057400	1.4456979	-0.0849700	-2.2411900	1.1705379	-0.0341800	-2.2013400	0.9037479	-0.0262900	-2.2129000	1.4489579	-0.3947100	-2.2483900	1.1749879	-0.4354100	-2.2014800	0.9297079	-0.4421100	-2.1817500	0.9790179	-0.2350500	-2.1738200	0.9796579	-0.1323100	-2.2247200	0.5359379	-0.1565600	-2.2454300	0.1329779	-0.1805300	-2.1824600	0.9789479	-0.3380000	-2.1999600	0.5316879	-0.3196400	-2.2408800	0.1293979	-0.3105000	-2.0579700	0.0931679	-0.3180100	-2.0746500	0.0943879	-0.3212600	-2.2729200	0.0926479	-0.3007700	-2.1004500	0.0748279	-0.1542500	-2.1100200	0.0776379	-0.1529300	-2.2632400	0.1016479	-0.1915200	-2.2909173	1.5060938	-0.2391745	-2.2166477	1.4975403	-0.1054321	-2.2110904	1.4978718	-0.3753378	-2.1302943	1.0544602	-0.1089055	-2.1253197	1.0442919	-0.3623751	-2.2983666	1.0643241	-0.1909236	-2.2960159	1.0600357	-0.2907824	-2.2209043	0.5553040	-0.1061565	-2.1949512	0.5544568	-0.3741927	-2.2115508	0.5579178	-0.2209814	-2.1950253	0.5556518	-0.2572588	-2.2568785	0.1361642	-0.1335443	-2.2391652	0.1359501	-0.3607997	-2.2259712	0.1445785	-0.2178412	-2.2146992	0.1437134	-0.2695200	-2.3098099	0.1125473	-0.1916240	-2.3010375	0.1041069	-0.3047574	-2.1152399	0.0887266	-0.1617439	-2.0891492	0.0957522	-0.3158548	-2.1608872	0.0845699	-0.1125534	-2.1334339	0.0901511	-0.3722563	-2.1284765	0.8218481	-0.0802321	-2.1672677	0.7172812	-0.0688763	-2.2452303	0.8347893	-0.0556655	-2.1103488	0.8225713	-0.3884678	-2.1446140	0.7180924	-0.4055883	-2.2274503	0.8297942	-0.4232196	-2.2344669	0.4281614	-0.1041958	-2.2122246	0.3022420	-0.0982450	-2.2850372	0.3147195	-0.1032020	-2.2090521	0.4279653	-0.3827105	-2.1865988	0.3023619	-0.3884119	-2.2624553	0.3153022	-0.3919244	-2.2170388	0.9822704	-0.1557861	-2.2135400	0.9755939	-0.3162943	-2.2323171	1.1808849	0.0094337	-2.2410663	1.1838522	-0.4780893	-2.2495906	1.1682613	-0.0758661	-2.2597207	1.1694728	-0.3938483	-2.1580179	0.9338547	-0.0244694	-2.1640401	0.9375648	-0.4543533	-2.2225817	0.9229703	0.0039195	-2.2305633	0.9254757	-0.4732950
4	0.0500000	-2.2155000	1.4475679	-0.2390800	-2.2032700	1.4458079	-0.0845800	-2.2385200	1.1710179	-0.0339900	-2.2011200	0.9029679	-0.0265000	-2.2111600	1.4490879	-0.3938800	-2.2452300	1.1761179	-0.4345200	-2.1975000	0.9297779	-0.4410200	-2.1791100	0.9786479	-0.2347100	-2.1711000	0.9794779	-0.1322600	-2.2247600	0.5352479	-0.1568700	-2.2442200	0.1328979	-0.1805800	-2.1799300	0.9784379	-0.3373700	-2.1983000	0.5310979	-0.3195400	-2.2418000	0.1285579	-0.3107700	-2.0551100	0.0931879	-0.3175100	-2.0723800	0.0947179	-0.3208600	-2.2756600	0.0913879	-0.3011500	-2.0999600	0.0751079	-0.1546800	-2.1095300	0.0778879	-0.1533200	-2.2623500	0.1013479	-0.1913100	-2.2896241	1.5036176	-0.2394738	-2.2161010	1.4953712	-0.1053272	-2.2088461	1.4962017	-0.3751758	-2.1273841	1.0520515	-0.1083476	-2.1231170	1.0421888	-0.3625913	-2.2940195	1.0636569	-0.1902692	-2.2918985	1.0592818	-0.2903043	-2.2205357	0.5526623	-0.1055328	-2.1956480	0.5528486	-0.3742027	-2.2104700	0.5551508	-0.2199352	-2.1967498	0.5532369	-0.2569790	-2.2542025	0.1349430	-0.1352179	-2.2355742	0.1343762	-0.3592578	-2.2230829	0.1433662	-0.2187879	-2.2121947	0.1419668	-0.2690616	-2.3068524	0.1115786	-0.1929765	-2.2980225	0.1018697	-0.3045985	-2.1123774	0.0878846	-0.1633894	-2.0856927	0.0949090	-0.3144597	-2.1584533	0.0839339	-0.1145974	-2.1292754	0.0889706	-0.3707019	-2.1265812	0.8210631	-0.0794525	-2.1662583	0.7160790	-0.0680354	-2.2431904	0.8339168	-0.0555624	-2.1080035	0.8212220	-0.3873120	-2.1432194	0.7165536	-0.4049442	-2.2254711	0.8297618	-0.4233502	-2.2336829	0.4260330	-0.1045396	-2.2109684	0.3009225	-0.0991380	-2.2829798	0.3127418	-0.1044036	-2.2085548	0.4261242	-0.3817569	-2.1849278	0.3007414	-0.3869082	-2.2606703	0.3130813	-0.3906797	-2.2138463	0.9821225	-0.1552195	-2.2112491	0.9757610	-0.3160059	-2.2289837	1.1804621	0.0095774	-2.2368581	1.1844134	-0.4768402	-2.2475476	1.1678878	-0.0760310	-2.2567587	1.1702218	-0.3921793	-2.1562225	0.9321932	-0.0242467	-2.1600905	0.9389183	-0.4535613	-2.2233030	0.9221509	0.0027151	-2.2275040	0.9262833	-0.4701298
5	0.0666667	-2.2133200	1.4471079	-0.2384500	-2.2000800	1.4452479	-0.0840800	-2.2356900	1.1720579	-0.0340300	-2.2010100	0.9022679	-0.0268600	-2.2099400	1.4491979	-0.3931600	-2.2420300	1.1762479	-0.4337400	-2.1947700	0.9297279	-0.4403600	-2.1771600	0.9775579	-0.2344200	-2.1689300	0.9782079	-0.1322000	-2.2255800	0.5348579	-0.1571800	-2.2427900	0.1320579	-0.1804900	-2.1782600	0.9774079	-0.3368600	-2.1969300	0.5313779	-0.3192400	-2.2412400	0.1280779	-0.3106300	-2.0537500	0.0926479	-0.3170600	-2.0712100	0.0940379	-0.3204900	-2.2756300	0.0903979	-0.3012600	-2.0998200	0.0750279	-0.1548200	-2.1093600	0.0777179	-0.1534500	-2.2602400	0.1009579	-0.1911300	-2.2885531	1.5009297	-0.2397416	-2.2157510	1.4932398	-0.1053791	-2.2071410	1.4938023	-0.3749805	-2.1261552	1.0493888	-0.1076260	-2.1206898	1.0400624	-0.3624244	-2.2912377	1.0623848	-0.1899516	-2.2886410	1.0580967	-0.2900988	-2.2195617	0.5504187	-0.1052848	-2.1948276	0.5512182	-0.3745650	-2.2091614	0.5529044	-0.2193384	-2.1964769	0.5512249	-0.2569168	-2.2521229	0.1337356	-0.1371624	-2.2333845	0.1325805	-0.3579898	-2.2217381	0.1420240	-0.2198817	-2.2107804	0.1401599	-0.2685520	-2.3045121	0.1100509	-0.1944839	-2.2964114	0.0997685	-0.3042239	-2.1114200	0.0874091	-0.1653811	-2.0835193	0.0939568	-0.3130841	-2.1571022	0.0835481	-0.1170360	-2.1265928	0.0875894	-0.3692733	-2.1254135	0.8200142	-0.0791570	-2.1653270	0.7147173	-0.0676508	-2.2416158	0.8324831	-0.0554921	-2.1055805	0.8196973	-0.3868781	-2.1413295	0.7149405	-0.4048751	-2.2232593	0.8290630	-0.4236628	-2.2322171	0.4243971	-0.1053404	-2.2096432	0.2997915	-0.1007876	-2.2804330	0.3111718	-0.1056808	-2.2073699	0.4244623	-0.3813285	-2.1834281	0.2990564	-0.3859327	-2.2589889	0.3111522	-0.3898422	-2.2120316	0.9811713	-0.1548798	-2.2088957	0.9751736	-0.3159190	-2.2263584	1.1795259	0.0090630	-2.2340075	1.1839731	-0.4757906	-2.2462751	1.1669233	-0.0763932	-2.2546239	1.1702936	-0.3906484	-2.1551168	0.9307312	-0.0242029	-2.1571907	0.9399183	-0.4531963	-2.2247961	0.9212489	0.0009034	-2.2254601	0.9265077	-0.4669923
6	0.0833333	-2.2115800	1.4466679	-0.2380200	-2.1972400	1.4449479	-0.0835600	-2.2339900	1.1721679	-0.0341200	-2.2005300	0.9019779	-0.0271600	-2.2092900	1.4487179	-0.3928800	-2.2402400	1.1761979	-0.4333800	-2.1935700	0.9298779	-0.4398500	-2.1767100	0.9762579	-0.2342900	-2.1677000	0.9771579	-0.1322000	-2.2254800	0.5353779	-0.1574800	-2.2410800	0.1311579	-0.1803600	-2.1786100	0.9759179	-0.3366200	-2.1965000	0.5317479	-0.3189600	-2.2397400	0.1277579	-0.3101400	-2.0555800	0.0908179	-0.3174500	-2.0726400	0.0920579	-0.3208200	-2.2730900	0.0903979	-0.3008000	-2.0991800	0.0753479	-0.1549000	-2.1087400	0.0779679	-0.1535100	-2.2579900	0.1008379	-0.1910000	-2.2884293	1.4984194	-0.2396928	-2.2164214	1.4912446	-0.1055311	-2.2066306	1.4914258	-0.3742165	-2.1264743	1.0466761	-0.1070265	-2.1196738	1.0382367	-0.3620921	-2.2900216	1.0611707	-0.1897685	-2.2868990	1.0571265	-0.2899456	-2.2193118	0.5482607	-0.1050318	-2.1947000	0.5495316	-0.3747551	-2.2088352	0.5508522	-0.2186595	-2.1964413	0.5493613	-0.2571501	-2.2512887	0.1327574	-0.1385034	-2.2325973	0.1310533	-0.3571104	-2.2215994	0.1409317	-0.2202275	-2.2106046	0.1386310	-0.2685570	-2.3033998	0.1088657	-0.1953519	-2.2958725	0.0982660	-0.3043577	-2.1120305	0.0867877	-0.1663491	-2.0834289	0.0926978	-0.3120211	-2.1572393	0.0829942	-0.1185861	-2.1259867	0.0860559	-0.3680847	-2.1255540	0.8186528	-0.0791946	-2.1654085	0.7131196	-0.0675004	-2.2412532	0.8308125	-0.0555949	-2.1049971	0.8182239	-0.3867982	-2.1409517	0.7133553	-0.4048863	-2.2225090	0.8281296	-0.4235834	-2.2316913	0.4228143	-0.1060219	-2.2093833	0.2986733	-0.1020832	-2.2789639	0.3098052	-0.1066285	-2.2069855	0.4229084	-0.3809103	-2.1831292	0.2975313	-0.3851209	-2.2582210	0.3094718	-0.3891291	-2.2118010	0.9799024	-0.1548280	-2.2079203	0.9744408	-0.3158865	-2.2250827	1.1785313	0.0083995	-2.2330239	1.1831937	-0.4751209	-2.2463015	1.1658287	-0.0767833	-2.2541145	1.1701919	-0.3894753	-2.1550924	0.9296265	-0.0243871	-2.1559442	0.9404935	-0.4530636	-2.2271973	0.9204897	-0.0010934	-2.2251253	0.9264409	-0.4643181
7	0.1000000	-2.2106100	1.4464679	-0.2379100	-2.1954400	1.4449479	-0.0833000	-2.2331600	1.1724879	-0.0341400	-2.1995100	0.9020779	-0.0272300	-2.2091400	1.4482879	-0.3929600	-2.2399100	1.1757379	-0.4333800	-2.1935100	0.9302279	-0.4395100	-2.1768000	0.9756579	-0.2342100	-2.1670100	0.9766679	-0.1321800	-2.2239000	0.5364079	-0.1577300	-2.2398000	0.1305179	-0.1803100	-2.1795100	0.9751379	-0.3365100	-2.1970000	0.5319879	-0.3188600	-2.2389600	0.1277779	-0.3098300	-2.0574900	0.0899779	-0.3179400	-2.0741000	0.0912579	-0.3212200	-2.2710800	0.0906679	-0.3003700	-2.0971300	0.0755879	-0.1551700	-2.1068600	0.0780979	-0.1537400	-2.2568600	0.1002879	-0.1909300	-2.2884136	1.4970994	-0.2396111	-2.2171029	1.4903066	-0.1056979	-2.2063774	1.4901713	-0.3733927	-2.1271203	1.0449169	-0.1064387	-2.1192216	1.0375432	-0.3617227	-2.2893860	1.0609838	-0.1896187	-2.2858401	1.0572834	-0.2898223	-2.2193201	0.5469738	-0.1048426	-2.1948846	0.5485476	-0.3748956	-2.2088656	0.5497510	-0.2182023	-2.1964022	0.5483399	-0.2573978	-2.2508362	0.1324486	-0.1394429	-2.2324983	0.1303309	-0.3565688	-2.2216727	0.1406098	-0.2203200	-2.2107832	0.1378796	-0.2687879	-2.3026934	0.1085004	-0.1958126	-2.2957818	0.0976215	-0.3045871	-2.1128797	0.0866228	-0.1669949	-2.0840651	0.0919041	-0.3114624	-2.1576650	0.0828727	-0.1197058	-2.1262950	0.0851389	-0.3673528	-2.1260126	0.8178583	-0.0792835	-2.1657448	0.7121474	-0.0674252	-2.2413799	0.8298240	-0.0556700	-2.1051109	0.8175886	-0.3870445	-2.1411873	0.7125654	-0.4050525	-2.2225057	0.8278392	-0.4234519	-2.2315295	0.4219780	-0.1066131	-2.2094048	0.2982186	-0.1030835	-2.2780208	0.3091434	-0.1073554	-2.2070189	0.4221304	-0.3805942	-2.1833882	0.2968134	-0.3845984	-2.2580069	0.3086279	-0.3885473	-2.2120862	0.9792608	-0.1548576	-2.2075372	0.9744412	-0.3158756	-2.2242320	1.1783272	0.0079594	-2.2329052	1.1829975	-0.4747209	-2.2466107	1.1654411	-0.0769965	-2.2542965	1.1706898	-0.3885942	-2.1549592	0.9294858	-0.0246305	-2.1554639	0.9412694	-0.4529377	-2.2292134	0.9205359	-0.0028978	-2.2255904	0.9268023	-0.4621253
8	0.1166667	-2.2104800	1.4464179	-0.2380600	-2.1944100	1.4451879	-0.0834200	-2.2328200	1.1735579	-0.0340500	-2.1978400	0.9022779	-0.0269400	-2.2098800	1.4482079	-0.3931900	-2.2397200	1.1756179	-0.4336400	-2.1932000	0.9305379	-0.4394700	-2.1759100	0.9762979	-0.2340200	-2.1662400	0.9772579	-0.1320400	-2.2220100	0.5373679	-0.1577900	-2.2396100	0.1299779	-0.1803900	-2.1785100	0.9758679	-0.3362700	-2.1971100	0.5319579	-0.3188400	-2.2393200	0.1277979	-0.3099400	-2.0549000	0.0903579	-0.3174300	-2.0716200	0.0916079	-0.3207600	-2.2720100	0.0906679	-0.3006500	-2.0940200	0.0759879	-0.1553300	-2.1040000	0.0784479	-0.1538700	-2.2569600	0.0995079	-0.1910300	-2.2874232	1.4972358	-0.2394900	-2.2166672	1.4907524	-0.1057371	-2.2051958	1.4903771	-0.3726586	-2.1266476	1.0446898	-0.1056932	-2.1178847	1.0383269	-0.3613336	-2.2879203	1.0622200	-0.1893434	-2.2840362	1.0588554	-0.2896422	-2.2183690	0.5469906	-0.1046209	-2.1941304	0.5487571	-0.3749757	-2.2079769	0.5499888	-0.2178966	-2.1953448	0.5485771	-0.2575356	-2.2496037	0.1332646	-0.1400043	-2.2316453	0.1308477	-0.3562228	-2.2208674	0.1414717	-0.2202375	-2.2100302	0.1383179	-0.2690638	-2.3013350	0.1093644	-0.1959338	-2.2949210	0.0981780	-0.3048114	-2.1126738	0.0874388	-0.1674225	-2.0837442	0.0921962	-0.3111592	-2.1571331	0.0837214	-0.1204658	-2.1258061	0.0854077	-0.3668848	-2.1253252	0.8181977	-0.0792106	-2.1649879	0.7123382	-0.0672476	-2.2405550	0.8300665	-0.0555092	-2.1043025	0.8181989	-0.3873601	-2.1405103	0.7130114	-0.4052447	-2.2216835	0.8287071	-0.4232863	-2.2304816	0.4223416	-0.1070349	-2.2084886	0.2988914	-0.1037856	-2.2763859	0.3096470	-0.1078033	-2.2061904	0.4225807	-0.3803129	-2.1827874	0.2973569	-0.3842411	-2.2570116	0.3090359	-0.3880545	-2.2113569	0.9798408	-0.1547286	-2.2062619	0.9756268	-0.3157820	-2.2225765	1.1793520	0.0079613	-2.2321889	1.1838484	-0.4744008	-2.2459291	1.1662196	-0.0768838	-2.2537684	1.1721871	-0.3878307	-2.1534441	0.9305815	-0.0247124	-2.1543634	0.9426538	-0.4527022	-2.2295623	0.9217260	-0.0042515	-2.2254001	0.9279566	-0.4602754
9	0.1333333	-2.2108000	1.4468679	-0.2382400	-2.1938900	1.4455779	-0.0836700	-2.2328500	1.1745079	-0.0338500	-2.1958600	0.9023379	-0.0264500	-2.2111100	1.4485079	-0.3933300	-2.2387800	1.1755779	-0.4339900	-2.1920300	0.9307279	-0.4396200	-2.1740900	0.9771079	-0.2337000	-2.1657500	0.9778279	-0.1317700	-2.2211800	0.5378579	-0.1577200	-2.2402400	0.1293779	-0.1804900	-2.1753500	0.9769579	-0.3358600	-2.1960000	0.5319879	-0.3186900	-2.2399600	0.1279179	-0.3101800	-2.0488800	0.0914879	-0.3161000	-2.0662200	0.0926979	-0.3196100	-2.2746400	0.0897779	-0.3013700	-2.0903600	0.0767879	-0.1549900	-2.1006200	0.0790779	-0.1535600	-2.2576400	0.0987779	-0.1913000	-2.2857803	1.4976713	-0.2393792	-2.2153875	1.4914741	-0.1056080	-2.2033174	1.4908865	-0.3721358	-2.1252111	1.0449432	-0.1046462	-2.1156513	1.0394377	-0.3610774	-2.2858047	1.0638880	-0.1889089	-2.2815987	1.0608089	-0.2894864	-2.2167567	0.5471624	-0.1042806	-2.1926139	0.5490676	-0.3749730	-2.2064102	0.5504149	-0.2176479	-2.1935712	0.5489696	-0.2574860	-2.2477709	0.1341061	-0.1403075	-2.2301086	0.1314962	-0.3559675	-2.2194149	0.1424074	-0.2200621	-2.2085308	0.1388667	-0.2692918	-2.2995707	0.1102807	-0.1958693	-2.2935551	0.0987826	-0.3050055	-2.1115912	0.0882609	-0.1676753	-2.0824131	0.0926258	-0.3109118	-2.1558331	0.0845552	-0.1209367	-2.1244468	0.0858519	-0.3665361	-2.1236927	0.8186174	-0.0788558	-2.1633905	0.7126123	-0.0668436	-2.2389692	0.8304838	-0.0550348	-2.1025524	0.8189142	-0.3876724	-2.1389514	0.7135599	-0.4054330	-2.2200355	0.8296589	-0.4231751	-2.2287886	0.4228068	-0.1072796	-2.2068704	0.2996163	-0.1042489	-2.2742319	0.3102058	-0.1080169	-2.2046495	0.4231532	-0.3799957	-2.1814194	0.2980549	-0.3839283	-2.2553566	0.3095657	-0.3875985	-2.2097247	0.9806249	-0.1543501	-2.2041241	0.9769206	-0.3156684	-2.2203877	1.1805167	0.0083428	-2.2308535	1.1847072	-0.4740896	-2.2445125	1.1671266	-0.0764740	-2.2525709	1.1736237	-0.3871291	-2.1509375	0.9317705	-0.0246067	-2.1526400	0.9436958	-0.4523701	-2.2286241	0.9229604	-0.0051779	-2.2244849	0.9288786	-0.4586907
10	0.1500000	-2.2111600	1.4470179	-0.2381400	-2.1944300	1.4457379	-0.0836900	-2.2327300	1.1743079	-0.0336100	-2.1943400	0.9018879	-0.0261300	-2.2112500	1.4488979	-0.3931100	-2.2373100	1.1759579	-0.4342000	-2.1907300	0.9306479	-0.4397000	-2.1728200	0.9766679	-0.2333600	-2.1666100	0.9770579	-0.1314300	-2.2213000	0.5375079	-0.1576700	-2.2409900	0.1289379	-0.1805600	-2.1719300	0.9768179	-0.3354400	-2.1946100	0.5321579	-0.3184000	-2.2398800	0.1280879	-0.3102100	-2.0439500	0.0924979	-0.3149200	-2.0618100	0.0935879	-0.3185900	-2.2761700	0.0893979	-0.3017800	-2.0865200	0.0775979	-0.1544500	-2.0971600	0.0797879	-0.1530400	-2.2587200	0.0980279	-0.1915500	-2.2849700	1.4969711	-0.2393749	-2.2148024	1.4910413	-0.1053850	-2.2021469	1.4902523	-0.3718934	-2.1243583	1.0442298	-0.1032984	-2.1139742	1.0394194	-0.3611486	-2.2845476	1.0646081	-0.1883876	-2.2800006	1.0617574	-0.2895010	-2.2158544	0.5460567	-0.1038934	-2.1916847	0.5480958	-0.3749876	-2.2055104	0.5496069	-0.2174785	-2.1924371	0.5481346	-0.2573864	-2.2466757	0.1336598	-0.1405263	-2.2291872	0.1309422	-0.3557561	-2.2186698	0.1420917	-0.2198829	-2.2076485	0.1382256	-0.2695188	-2.2987506	0.1098767	-0.1957845	-2.2930139	0.0981167	-0.3052114	-2.1110318	0.0878711	-0.1678334	-2.0814915	0.0919312	-0.3106898	-2.1551603	0.0841446	-0.1212424	-2.1235826	0.0851711	-0.3662552	-2.1226195	0.8177580	-0.0782922	-2.1624195	0.7115869	-0.0662791	-2.2380920	0.8296540	-0.0543557	-2.1013091	0.8183423	-0.3880800	-2.1379257	0.7128118	-0.4057147	-2.2189758	0.8292907	-0.4232280	-2.2278158	0.4219935	-0.1074791	-2.2059399	0.2990550	-0.1046273	-2.2728625	0.3094667	-0.1081674	-2.2037229	0.4224610	-0.3796634	-2.1806325	0.2975233	-0.3836178	-2.2543198	0.3088517	-0.3871707	-2.2086976	0.9802105	-0.1537940	-2.2025849	0.9769199	-0.3156926	-2.2190552	1.1804394	0.0088335	-2.2300381	1.1843346	-0.4738377	-2.2437490	1.1668462	-0.0759402	-2.2519423	1.1737535	-0.3865645	-2.1490073	0.9316890	-0.0244981	-2.1515199	0.9432424	-0.4519808	-2.2279476	0.9228840	-0.0059020	-2.2240085	0.9284023	-0.4574276
11	0.1666667	-2.2115400	1.4469879	-0.2376900	-2.1965900	1.4454179	-0.0831900	-2.2315900	1.1730179	-0.0334100	-2.1933800	0.9016179	-0.0262200	-2.2098100	1.4490579	-0.3926100	-2.2362400	1.1759679	-0.4342000	-2.1900900	0.9308979	-0.4396300	-2.1731500	0.9751579	-0.2330500	-2.1690400	0.9752879	-0.1310700	-2.2211200	0.5370079	-0.1576900	-2.2414600	0.1281779	-0.1807100	-2.1701200	0.9756879	-0.3351100	-2.1941200	0.5318279	-0.3181900	-2.2388400	0.1279779	-0.3099400	-2.0415900	0.0927479	-0.3143100	-2.0595900	0.0937879	-0.3180400	-2.2751500	0.0892979	-0.3015500	-2.0838000	0.0781279	-0.1544200	-2.0947800	0.0803079	-0.1529800	-2.2600600	0.0969879	-0.1916600	-2.2858507	1.4953123	-0.2394800	-2.2158657	1.4896071	-0.1050860	-2.2025002	1.4886392	-0.3718787	-2.1251662	1.0426599	-0.1016880	-2.1138897	1.0384102	-0.3615697	-2.2851291	1.0645093	-0.1878256	-2.2802107	1.0618345	-0.2897259	-2.2164926	0.5438910	-0.1035061	-2.1921905	0.5460817	-0.3750638	-2.2061023	0.5477803	-0.2173669	-2.1927389	0.5462965	-0.2573444	-2.2471414	0.1321855	-0.1407456	-2.2296458	0.1294082	-0.3555174	-2.2194595	0.1407700	-0.2197228	-2.2081603	0.1366348	-0.2697497	-2.2996568	0.1083956	-0.1957388	-2.2939865	0.0964256	-0.3053942	-2.1119023	0.0865418	-0.1679546	-2.0818930	0.0903593	-0.3104839	-2.1559996	0.0827724	-0.1214747	-2.1240788	0.0835951	-0.3659857	-2.1231278	0.8158762	-0.0775997	-2.1630299	0.7095089	-0.0656260	-2.2388886	0.8277634	-0.0535774	-2.1016076	0.8167316	-0.3886302	-2.1384064	0.7110085	-0.4061224	-2.2194968	0.8278107	-0.4234372	-2.2283946	0.4201330	-0.1077013	-2.2065515	0.2974549	-0.1050051	-2.2730710	0.3076806	-0.1083485	-2.2042235	0.4207259	-0.3793149	-2.1812595	0.2959682	-0.3832608	-2.2546628	0.3071239	-0.3867226	-2.2093225	0.9787728	-0.1531240	-2.2026724	0.9758205	-0.3159010	-2.2193068	1.1793062	0.0092510	-2.2304507	1.1830460	-0.4736872	-2.2443848	1.1656008	-0.0753950	-2.2526381	1.1728923	-0.3861772	-2.1484702	0.9305999	-0.0245276	-2.1517738	0.9417040	-0.4515338	-2.2283439	0.9217325	-0.0065941	-2.2247127	0.9269443	-0.4565211
12	0.1833333	-2.2120900	1.4470879	-0.2370700	-2.1993600	1.4451579	-0.0822600	-2.2294600	1.1702079	-0.0330900	-2.1928100	0.9020679	-0.0265000	-2.2081300	1.4491179	-0.3922100	-2.2355100	1.1759579	-0.4341600	-2.1898300	0.9313179	-0.4395200	-2.1744300	0.9742779	-0.2327700	-2.1718900	0.9742679	-0.1307100	-2.2203800	0.5364979	-0.1576200	-2.2421500	0.1272479	-0.1809700	-2.1697900	0.9747279	-0.3348700	-2.1944500	0.5310379	-0.3182100	-2.2373200	0.1277479	-0.3095000	-2.0395800	0.0923579	-0.3137800	-2.0576900	0.0933779	-0.3175400	-2.2726300	0.0889579	-0.3010300	-2.0844600	0.0777779	-0.1550400	-2.0954800	0.0797779	-0.1535500	-2.2614600	0.0964479	-0.1917600	-2.2876348	1.4943526	-0.2396537	-2.2178420	1.4888312	-0.1047058	-2.2036119	1.4877134	-0.3720372	-2.1269681	1.0418316	-0.0999426	-2.1147620	1.0380400	-0.3622018	-2.2867524	1.0651388	-0.1872625	-2.2814477	1.0625902	-0.2900964	-2.2179654	0.5423996	-0.1031614	-2.1934135	0.5447605	-0.3751862	-2.2074900	0.5466447	-0.2172647	-2.1937401	0.5451541	-0.2574002	-2.2485280	0.1313547	-0.1410172	-2.2306806	0.1285182	-0.3552323	-2.2211495	0.1400961	-0.2196075	-2.2092611	0.1357143	-0.2699610	-2.3015694	0.1075377	-0.1957621	-2.2955933	0.0953487	-0.3055228	-2.1136587	0.0858718	-0.1681081	-2.0828483	0.0895116	-0.3102791	-2.1577704	0.0820608	-0.1217258	-2.1251415	0.0827282	-0.3657016	-2.1245872	0.8146966	-0.0768788	-2.1645581	0.7081137	-0.0649762	-2.2406344	0.8265268	-0.0528145	-2.1028140	0.8158170	-0.3892647	-2.1397252	0.7098915	-0.4065982	-2.2209128	0.8269476	-0.4237087	-2.2298309	0.4189306	-0.1079685	-2.2080475	0.2964998	-0.1054296	-2.2741704	0.3065526	-0.1085971	-2.2054008	0.4196489	-0.3789686	-2.1825328	0.2950563	-0.3828590	-2.2556164	0.3060563	-0.3862533	-2.2109143	0.9779958	-0.1524064	-2.2037186	0.9753233	-0.3162278	-2.2202437	1.1786866	0.0095910	-2.2313123	1.1824627	-0.4736443	-2.2455619	1.1649553	-0.0748760	-2.2538632	1.1726830	-0.3859452	-2.1485139	0.9301091	-0.0246879	-2.1526336	0.9407912	-0.4510941	-2.2290582	0.9211114	-0.0072837	-2.2258603	0.9261892	-0.4559719
13	0.2000000	-2.2124800	1.4467479	-0.2365300	-2.2009900	1.4444779	-0.0814300	-2.2269600	1.1696779	-0.0326400	-2.1930300	0.9028579	-0.0265900	-2.2071800	1.4491579	-0.3919000	-2.2343600	1.1758279	-0.4342400	-2.1890900	0.9318079	-0.4395100	-2.1751100	0.9749679	-0.2325400	-2.1739400	0.9748179	-0.1303800	-2.2201500	0.5363379	-0.1573400	-2.2436100	0.1264279	-0.1812000	-2.1690700	0.9755179	-0.3346900	-2.1948100	0.5301579	-0.3183100	-2.2359400	0.1273479	-0.3091300	-2.0370500	0.0924079	-0.3128500	-2.0555000	0.0933179	-0.3167100	-2.2705400	0.0885979	-0.3007800	-2.0890600	0.0756779	-0.1555600	-2.0997500	0.0778279	-0.1540500	-2.2625400	0.0962579	-0.1920000	-2.2888026	1.4949358	-0.2398649	-2.2192123	1.4895915	-0.1042759	-2.2040354	1.4883491	-0.3723375	-2.1281743	1.0425857	-0.0982709	-2.1150563	1.0391695	-0.3628809	-2.2877271	1.0672601	-0.1867740	-2.2820425	1.0647919	-0.2905370	-2.2188628	0.5425330	-0.1029134	-2.1939555	0.5450841	-0.3753413	-2.2082732	0.5471163	-0.2171620	-2.1940730	0.5456204	-0.2575717	-2.2495213	0.1320329	-0.1413916	-2.2308634	0.1291118	-0.3549654	-2.2224117	0.1409153	-0.2195894	-2.2095216	0.1362894	-0.2701680	-2.3030791	0.1082119	-0.1959045	-2.2963524	0.0957455	-0.3056399	-2.1150501	0.0866299	-0.1683456	-2.0829022	0.0901735	-0.3100867	-2.1591961	0.0828053	-0.1220638	-2.1253011	0.0833749	-0.3654354	-2.1255223	0.8151309	-0.0762481	-2.1655447	0.7083387	-0.0644375	-2.2417723	0.8269051	-0.0521943	-2.1034451	0.8165130	-0.3898940	-2.1404203	0.7104014	-0.4070676	-2.2216799	0.8276672	-0.4239668	-2.2307388	0.4193027	-0.1082972	-2.2090748	0.2970766	-0.1059303	-2.2748085	0.3069895	-0.1089400	-2.2058470	0.4201540	-0.3786845	-2.1830149	0.2956849	-0.3824856	-2.2557897	0.3065399	-0.3858373	-2.2118873	0.9788039	-0.1517469	-2.2041609	0.9763592	-0.3166006	-2.2203466	1.1794644	0.0099288	-2.2311607	1.1833569	-0.4736848	-2.2458721	1.1657679	-0.0743719	-2.2541432	1.1739192	-0.3858274	-2.1478924	0.9310271	-0.0249099	-2.1526570	0.9413609	-0.4507373	-2.2289363	0.9219071	-0.0079029	-2.2259951	0.9269572	-0.4557092
14	0.2166667	-2.2119700	1.4468179	-0.2362300	-2.2004900	1.4443879	-0.0812100	-2.2253000	1.1702779	-0.0323000	-2.1939300	0.9030879	-0.0264300	-2.2066800	1.4494179	-0.3915100	-2.2329300	1.1761579	-0.4344300	-2.1879100	0.9320079	-0.4396500	-2.1747500	0.9766879	-0.2323100	-2.1750900	0.9762679	-0.1300700	-2.2205800	0.5368679	-0.1569200	-2.2455200	0.1266179	-0.1812800	-2.1671600	0.9776579	-0.3345100	-2.1951200	0.5301579	-0.3182800	-2.2354300	0.1273879	-0.3091300	-2.0359500	0.0919379	-0.3120100	-2.0546500	0.0927179	-0.3159800	-2.2698300	0.0886479	-0.3009900	-2.0948900	0.0738079	-0.1554400	-2.1050900	0.0762379	-0.1539800	-2.2631700	0.0965779	-0.1923500	-2.2889869	1.4964868	-0.2400523	-2.2195940	1.4913347	-0.1037989	-2.2034675	1.4899868	-0.3726865	-2.1283021	1.0443406	-0.0967322	-2.1143301	1.0412105	-0.3634559	-2.2875639	1.0702551	-0.1863392	-2.2815204	1.0678263	-0.2909375	-2.2188542	0.5437425	-0.1027215	-2.1935761	0.5465027	-0.3754806	-2.2081352	0.5486303	-0.2170117	-2.1935268	0.5471289	-0.2577998	-2.2498243	0.1336544	-0.1418033	-2.2300463	0.1306238	-0.3547319	-2.2229344	0.1426498	-0.2196041	-2.2087891	0.1377784	-0.2703575	-2.3038242	0.1098559	-0.1961064	-2.2960856	0.0970989	-0.3057589	-2.1158069	0.0882307	-0.1685764	-2.0819162	0.0916808	-0.3098885	-2.1599937	0.0844253	-0.1224128	-2.1244104	0.0849020	-0.3651845	-2.1255291	0.8166155	-0.0757020	-2.1656066	0.7096334	-0.0639946	-2.2418749	0.8283662	-0.0517035	-2.1031274	0.8182306	-0.3904101	-2.1401622	0.7119731	-0.4074409	-2.2213980	0.8294411	-0.4241350	-2.2308052	0.4206983	-0.1086247	-2.2093304	0.2986250	-0.1064311	-2.2746848	0.3084381	-0.1093147	-2.2053518	0.4216891	-0.3784545	-2.1825059	0.2972957	-0.3821560	-2.2550154	0.3080229	-0.3854884	-2.2117891	0.9806551	-0.1511418	-2.2035629	0.9783799	-0.3169174	-2.2193471	1.1810983	0.0103180	-2.2297510	1.1850905	-0.4737138	-2.2450748	1.1674867	-0.0738593	-2.2532329	1.1759794	-0.3857030	-2.1465861	0.9327069	-0.0250911	-2.1516242	0.9428097	-0.4504333	-2.2280010	0.9235503	-0.0083733	-2.2249449	0.9286099	-0.4556068
15	0.2333333	-2.2108800	1.4471579	-0.2361800	-2.1985300	1.4447679	-0.0814200	-2.2247100	1.1714879	-0.0322200	-2.1946000	0.9031479	-0.0262900	-2.2065500	1.4496479	-0.3912400	-2.2322700	1.1766979	-0.4345200	-2.1872300	0.9321779	-0.4398600	-2.1742100	0.9782579	-0.2320800	-2.1757600	0.9776079	-0.1297600	-2.2206200	0.5375579	-0.1565700	-2.2467100	0.1273379	-0.1813600	-2.1653800	0.9794379	-0.3343200	-2.1955600	0.5303779	-0.3182000	-2.2358400	0.1278279	-0.3094900	-2.0378500	0.0914679	-0.3119400	-2.0563600	0.0923179	-0.3159000	-2.2699700	0.0892179	-0.3014300	-2.0982200	0.0728879	-0.1551500	-2.1080400	0.0752479	-0.1537400	-2.2633800	0.0970279	-0.1927300	-2.2890177	1.4978347	-0.2402210	-2.2197969	1.4928764	-0.1033392	-2.2027927	1.4914366	-0.3730451	-2.1281852	1.0459171	-0.0953299	-2.1134485	1.0429813	-0.3639397	-2.2871568	1.0729447	-0.1859362	-2.2807873	1.0705216	-0.2912768	-2.2187259	0.5448256	-0.1025644	-2.1932151	0.5478086	-0.3756336	-2.2078899	0.5499925	-0.2168409	-2.1930274	0.5484842	-0.2580800	-2.2501425	0.1350601	-0.1422031	-2.2292766	0.1319125	-0.3545484	-2.2234264	0.1441444	-0.2196096	-2.2080962	0.1390359	-0.2705646	-2.3045062	0.1112927	-0.1963195	-2.2958106	0.0982845	-0.3059012	-2.1166045	0.0895660	-0.1687499	-2.0809907	0.0928878	-0.3097402	-2.1608352	0.0857992	-0.1227202	-2.1235659	0.0861614	-0.3649881	-2.1253971	0.8179752	-0.0752280	-2.1655275	0.7108122	-0.0636247	-2.2417677	0.8297103	-0.0512933	-2.1027461	0.8197587	-0.3908380	-2.1398617	0.7133955	-0.4077494	-2.2209780	0.8310779	-0.4242427	-2.2308037	0.4219345	-0.1089312	-2.2095561	0.2999770	-0.1068947	-2.2745477	0.3097199	-0.1096885	-2.2048892	0.4230681	-0.3782870	-2.1820183	0.2987159	-0.3818904	-2.2542940	0.3093374	-0.3852115	-2.2114798	0.9823690	-0.1505817	-2.2028045	0.9802053	-0.3171776	-2.2181722	1.1824946	0.0107204	-2.2281546	1.1865172	-0.4736959	-2.2440974	1.1690144	-0.0733594	-2.2521626	1.1777232	-0.3855255	-2.1454944	0.9340645	-0.0252230	-2.1505872	0.9440232	-0.4501723	-2.2271780	0.9249527	-0.0087367	-2.2238247	0.9300206	-0.4555551
16	0.2500000	-2.2100300	1.4471879	-0.2362600	-2.1960800	1.4450179	-0.0815100	-2.2247200	1.1724379	-0.0322900	-2.1947100	0.9027679	-0.0263000	-2.2073700	1.4493479	-0.3913700	-2.2326100	1.1772879	-0.4344400	-2.1875700	0.9324179	-0.4400000	-2.1739900	0.9789479	-0.2318900	-2.1759300	0.9782279	-0.1294700	-2.2198700	0.5380479	-0.1564900	-2.2465000	0.1272379	-0.1815700	-2.1647600	0.9801879	-0.3342100	-2.1960100	0.5306679	-0.3181900	-2.2364000	0.1281379	-0.3099300	-2.0412800	0.0911579	-0.3125400	-2.0592300	0.0920779	-0.3164100	-2.2696600	0.0896779	-0.3017200	-2.0983100	0.0724979	-0.1552000	-2.1081600	0.0751379	-0.1538000	-2.2629900	0.0969179	-0.1931000	-2.2893246	1.4982795	-0.2404209	-2.2202173	1.4934913	-0.1029802	-2.2024844	1.4919697	-0.3734498	-2.1283177	1.0465959	-0.0940710	-2.1129325	1.0437750	-0.3644235	-2.2870478	1.0746270	-0.1855708	-2.2803971	1.0721838	-0.2915958	-2.2188436	0.5450419	-0.1024571	-2.1933034	0.5482493	-0.3758636	-2.2079271	0.5504757	-0.2167082	-2.1929720	0.5489508	-0.2584516	-2.2507255	0.1355360	-0.1426002	-2.2290489	0.1322919	-0.3544350	-2.2241547	0.1446975	-0.2196231	-2.2079247	0.1393787	-0.2708417	-2.3053989	0.1117850	-0.1965458	-2.2960026	0.0985979	-0.3060880	-2.1176507	0.0899861	-0.1689033	-2.0806661	0.0931635	-0.3097263	-2.1619243	0.0862563	-0.1230117	-2.1233105	0.0864995	-0.3649015	-2.1255323	0.8184964	-0.0748417	-2.1656954	0.7111479	-0.0633347	-2.2418965	0.8301866	-0.0509434	-2.1027752	0.8203775	-0.3912704	-2.1399827	0.7139305	-0.4080820	-2.2209358	0.8318313	-0.4243626	-2.2310708	0.4222843	-0.1092454	-2.2100483	0.3004200	-0.1073467	-2.2746957	0.3101040	-0.1100769	-2.2049085	0.4235581	-0.3782072	-2.1820383	0.2992263	-0.3817139	-2.2540818	0.3097654	-0.3850131	-2.2114564	0.9832123	-0.1500787	-2.2024051	0.9811126	-0.3174380	-2.2172904	1.1830033	0.0110852	-2.2270574	1.1869959	-0.4736513	-2.2434233	1.1696889	-0.0729067	-2.2515469	1.1785067	-0.3853330	-2.1449535	0.9345129	-0.0253509	-2.1501568	0.9443718	-0.4499990	-2.2268280	0.9254867	-0.0090746	-2.2233130	0.9305578	-0.4555021
17	0.2666667	-2.2099600	1.4467879	-0.2363400	-2.1941000	1.4448879	-0.0813000	-2.2246000	1.1728279	-0.0324400	-2.1944800	0.9027579	-0.0263800	-2.2091300	1.4489179	-0.3918600	-2.2332000	1.1775579	-0.4342900	-2.1884600	0.9325979	-0.4400100	-2.1737100	0.9790979	-0.2317300	-2.1754300	0.9784679	-0.1292200	-2.2188100	0.5382379	-0.1566000	-2.2458400	0.1271979	-0.1817500	-2.1646800	0.9801879	-0.3341500	-2.1963100	0.5308079	-0.3181900	-2.2363300	0.1287779	-0.3101500	-2.0449700	0.0905079	-0.3134600	-2.0622900	0.0915079	-0.3172000	-2.2682700	0.0906579	-0.3016500	-2.0972000	0.0729779	-0.1553100	-2.1071400	0.0754979	-0.1538900	-2.2622900	0.0969879	-0.1932800	-2.2895393	1.4981791	-0.2406302	-2.2204594	1.4935319	-0.1027119	-2.2021977	1.4919449	-0.3738934	-2.1283322	1.0467246	-0.0929305	-2.1124208	1.0439561	-0.3649204	-2.2868735	1.0756521	-0.1852240	-2.2799893	1.0731689	-0.2918911	-2.2187814	0.5447364	-0.1023728	-2.1934025	0.5481558	-0.3761628	-2.2078288	0.5504267	-0.2166011	-2.1929004	0.5488666	-0.2589056	-2.2511125	0.1354402	-0.1429647	-2.2289384	0.1321377	-0.3543622	-2.2246694	0.1446713	-0.2196192	-2.2078443	0.1391844	-0.2711841	-2.3060605	0.1116809	-0.1967458	-2.2962265	0.0984101	-0.3062899	-2.1184611	0.0898715	-0.1690295	-2.0805450	0.0928938	-0.3098587	-2.1627739	0.0861722	-0.1232725	-2.1232500	0.0862963	-0.3649143	-2.1255185	0.8185204	-0.0745227	-2.1656901	0.7109817	-0.0630969	-2.2418608	0.8301302	-0.0506187	-2.1028147	0.8204396	-0.3917257	-2.1401141	0.7139188	-0.4084506	-2.2208911	0.8320337	-0.4244886	-2.2311706	0.4220988	-0.1095467	-2.2103587	0.3003104	-0.1077672	-2.2746808	0.3099419	-0.1104491	-2.2049755	0.4235043	-0.3781884	-2.1821479	0.2991822	-0.3815992	-2.2539403	0.3096645	-0.3848523	-2.2113365	0.9835186	-0.1496120	-2.2019880	0.9814460	-0.3176960	-2.2163498	1.1829849	0.0114159	-2.2261982	1.1868996	-0.4735637	-2.2427084	1.1698537	-0.0724948	-2.2510680	1.1787090	-0.3851368	-2.1444886	0.9344745	-0.0254570	-2.1500118	0.9442268	-0.4499172	-2.2265057	0.9255385	-0.0094067	-2.2231274	0.9305893	-0.4553799
18	0.2833333	-2.2104100	1.4466279	-0.2363800	-2.1933300	1.4448579	-0.0810300	-2.2243400	1.1724979	-0.0325900	-2.1941700	0.9024979	-0.0264400	-2.2107900	1.4484279	-0.3922500	-2.2334900	1.1769579	-0.4341400	-2.1891900	0.9326579	-0.4398700	-2.1731700	0.9789879	-0.2315800	-2.1746400	0.9784579	-0.1290400	-2.2178500	0.5385979	-0.1567000	-2.2456200	0.1270879	-0.1817100	-2.1643900	0.9799579	-0.3340500	-2.1963400	0.5311679	-0.3181400	-2.2351800	0.1289679	-0.3100800	-2.0491600	0.0893579	-0.3146100	-2.0658900	0.0906079	-0.3182000	-2.2660000	0.0914279	-0.3012500	-2.0962200	0.0728179	-0.1551000	-2.1062600	0.0753379	-0.1537100	-2.2617300	0.0966479	-0.1931100	-2.2895257	1.4978319	-0.2407960	-2.2204013	1.4933086	-0.1024903	-2.2017944	1.4916871	-0.3743167	-2.1280356	1.0465769	-0.0919145	-2.1117169	1.0438182	-0.3653742	-2.2864168	1.0762802	-0.1848942	-2.2793463	1.0737436	-0.2921349	-2.2183828	0.5442096	-0.1022789	-2.1933202	0.5478211	-0.3764868	-2.2074385	0.5501340	-0.2164774	-2.1926117	0.5485211	-0.2594124	-2.2511416	0.1350608	-0.1432398	-2.2287243	0.1317309	-0.3543004	-2.2248033	0.1443475	-0.2195514	-2.2076321	0.1387284	-0.2715604	-2.3063233	0.1112758	-0.1968562	-2.2962423	0.0980037	-0.3064694	-2.1188656	0.0894811	-0.1690952	-2.0804251	0.0923367	-0.3101127	-2.1632112	0.0858155	-0.1234631	-2.1231787	0.0858191	-0.3649941	-2.1251776	0.8183189	-0.0742629	-2.1653411	0.7105992	-0.0628948	-2.2414703	0.8298339	-0.0503128	-2.1026748	0.8202314	-0.3921706	-2.1400649	0.7136512	-0.4088153	-2.2206456	0.8319723	-0.4245725	-2.2309448	0.4216724	-0.1097882	-2.2103231	0.2999412	-0.1081042	-2.2743496	0.3095267	-0.1107508	-2.2048864	0.4231987	-0.3781966	-2.1821367	0.2988736	-0.3815158	-2.2536608	0.3093239	-0.3846940	-2.2109181	0.9835581	-0.1491786	-2.2013455	0.9814863	-0.3179166	-2.2152274	1.1826990	0.0116967	-2.2253659	1.1865099	-0.4734383	-2.2418163	1.1697558	-0.0721198	-2.2505367	1.1786115	-0.3849513	-2.1439176	0.9342144	-0.0255265	-2.1498977	0.9438417	-0.4498847	-2.2260280	0.9253664	-0.0097212	-2.2230108	0.9303642	-0.4551641
19	0.3000000	-2.2107600	1.4463679	-0.2362600	-2.1936600	1.4445379	-0.0808000	-2.2246000	1.1718079	-0.0326300	-2.1940900	0.9020579	-0.0265100	-2.2111100	1.4484079	-0.3922400	-2.2335900	1.1765779	-0.4339900	-2.1896600	0.9324679	-0.4396700	-2.1729400	0.9785079	-0.2315100	-2.1740800	0.9779679	-0.1290100	-2.2167800	0.5387279	-0.1567000	-2.2457700	0.1273979	-0.1816000	-2.1645200	0.9794779	-0.3339300	-2.1956900	0.5315079	-0.3181200	-2.2335900	0.1293579	-0.3098700	-2.0527400	0.0884679	-0.3156300	-2.0689500	0.0898979	-0.3190700	-2.2641000	0.0922379	-0.3008100	-2.0961400	0.0730379	-0.1547300	-2.1061400	0.0753679	-0.1533700	-2.2619800	0.0973979	-0.1927900	-2.2898442	1.4971650	-0.2409884	-2.2206361	1.4927482	-0.1023554	-2.2017913	1.4911208	-0.3747738	-2.1280179	1.0460500	-0.0910651	-2.1113657	1.0432799	-0.3658546	-2.2862594	1.0764189	-0.1846621	-2.2790328	1.0738275	-0.2924195	-2.2182002	0.5433577	-0.1022363	-2.1935246	0.5471441	-0.3769119	-2.2072910	0.5494944	-0.2164013	-2.1925798	0.5478214	-0.2600295	-2.2513736	0.1343218	-0.1434942	-2.2288916	0.1309953	-0.3543023	-2.2251244	0.1436515	-0.2194871	-2.2077773	0.1379374	-0.2720081	-2.3067473	0.1104937	-0.1969487	-2.2965486	0.0972974	-0.3066799	-2.1194420	0.0887505	-0.1691653	-2.0807818	0.0914235	-0.3105049	-2.1638139	0.0851190	-0.1236520	-2.1235702	0.0849971	-0.3651704	-2.1250869	0.8177795	-0.0741125	-2.1652208	0.7098901	-0.0627812	-2.2413132	0.8291834	-0.0500927	-2.1028606	0.8196646	-0.3926871	-2.1403253	0.7130330	-0.4092605	-2.2207240	0.8315387	-0.4247113	-2.2309411	0.4209075	-0.1100373	-2.2104996	0.2992225	-0.1084280	-2.2742504	0.3087688	-0.1110504	-2.2051106	0.4225450	-0.3783021	-2.1824773	0.2982092	-0.3815253	-2.2537202	0.3086539	-0.3846069	-2.2107854	0.9832134	-0.1488473	-2.2010339	0.9811308	-0.3181843	-2.2145494	1.1820317	0.0118303	-2.2249663	1.1857690	-0.4733609	-2.2413447	1.1692903	-0.0718534	-2.2504339	1.1781555	-0.3848473	-2.1437940	0.9336107	-0.0256234	-2.1502062	0.9431211	-0.4499126	-2.2259648	0.9248395	-0.0100852	-2.2233285	0.9297957	-0.4549517
20	0.3166667	-2.2104200	1.4464179	-0.2359300	-2.1937900	1.4443979	-0.0804700	-2.2254800	1.1710379	-0.0325700	-2.1944500	0.9013579	-0.0265800	-2.2103100	1.4485679	-0.3918800	-2.2338200	1.1764479	-0.4338700	-2.1900700	0.9323379	-0.4395700	-2.1733700	0.9777579	-0.2315700	-2.1738900	0.9771879	-0.1291700	-2.2151400	0.5385479	-0.1565200	-2.2460700	0.1280379	-0.1815900	-2.1655900	0.9787979	-0.3339100	-2.1943200	0.5314779	-0.3182100	-2.2322700	0.1294979	-0.3097200	-2.0527900	0.0890179	-0.3157800	-2.0689200	0.0904579	-0.3191700	-2.2635600	0.0928279	-0.3007100	-2.0963200	0.0726979	-0.1544500	-2.1062900	0.0749979	-0.1531200	-2.2626200	0.0979279	-0.1926600	-2.2907340	1.4963205	-0.2412582	-2.2214176	1.4919795	-0.1023102	-2.2023845	1.4903519	-0.3753205	-2.1286307	1.0452417	-0.0903736	-2.1116905	1.0424685	-0.3664518	-2.2867667	1.0762353	-0.1845579	-2.2794043	1.0735994	-0.2928170	-2.2184962	0.5422783	-0.1022707	-2.1942123	0.5462261	-0.3774879	-2.2076341	0.5486139	-0.2164097	-2.1930082	0.5468836	-0.2607697	-2.2520893	0.1333357	-0.1437888	-2.2296212	0.1300283	-0.3543998	-2.2259336	0.1427055	-0.2194903	-2.2084665	0.1369191	-0.2725309	-2.3076392	0.1094665	-0.1970885	-2.2973772	0.0963503	-0.3069527	-2.1204852	0.0877835	-0.1693051	-2.0817165	0.0903251	-0.3110086	-2.1648776	0.0841846	-0.1239014	-2.1245399	0.0839740	-0.3654489	-2.1255691	0.8170163	-0.0740810	-2.1656335	0.7089596	-0.0627679	-2.2417337	0.8282690	-0.0499780	-2.1036274	0.8188797	-0.3933539	-2.1411290	0.7121855	-0.4098625	-2.2214270	0.8308322	-0.4250028	-2.2314132	0.4199015	-0.1103377	-2.2111546	0.2982536	-0.1088009	-2.2746392	0.3077727	-0.1113926	-2.2058356	0.4216401	-0.3785458	-2.1833457	0.2972906	-0.3816622	-2.2543087	0.3077432	-0.3846374	-2.2113008	0.9825862	-0.1486453	-2.2013994	0.9805000	-0.3185779	-2.2146193	1.1811164	0.0117923	-2.2251948	1.1848348	-0.4734092	-2.2415907	1.1685887	-0.0717167	-2.2509790	1.1774807	-0.3848770	-2.1444036	0.9327645	-0.0257891	-2.1510898	0.9422070	-0.4500222	-2.2266004	0.9240530	-0.0105202	-2.2242267	0.9290284	-0.4548495
21	0.3333333	-2.2097000	1.4463679	-0.2355000	-2.1928900	1.4441679	-0.0800100	-2.2258000	1.1710579	-0.0324300	-2.1948700	0.9008679	-0.0266100	-2.2097700	1.4486579	-0.3914900	-2.2340600	1.1759579	-0.4338100	-2.1901800	0.9322679	-0.4396600	-2.1739500	0.9774879	-0.2317200	-2.1738500	0.9769879	-0.1293600	-2.2131500	0.5385679	-0.1562000	-2.2469000	0.1277779	-0.1816800	-2.1668200	0.9783879	-0.3340500	-2.1930500	0.5307179	-0.3183000	-2.2321200	0.1294879	-0.3097500	-2.0491600	0.0898479	-0.3151100	-2.0656800	0.0910079	-0.3185700	-2.2645600	0.0924779	-0.3009800	-2.0964000	0.0726479	-0.1543600	-2.1063200	0.0747379	-0.1530400	-2.2636900	0.0978579	-0.1927900	-2.2916075	1.4960205	-0.2415498	-2.2221519	1.4917180	-0.1022745	-2.2029811	1.4900833	-0.3759241	-2.1293435	1.0448920	-0.0897758	-2.1121704	1.0421308	-0.3671519	-2.2874138	1.0765331	-0.1845167	-2.2799397	1.0738620	-0.2932828	-2.2187267	0.5417058	-0.1023313	-2.1948376	0.5458045	-0.3781444	-2.2079255	0.5482315	-0.2164576	-2.1933614	0.5464497	-0.2615436	-2.2528086	0.1328343	-0.1441002	-2.2303306	0.1295417	-0.3545702	-2.2267713	0.1422438	-0.2195470	-2.2091251	0.1363912	-0.2730852	-2.3085575	0.1089340	-0.1972495	-2.2982002	0.0958595	-0.3072677	-2.1215075	0.0872935	-0.1695042	-2.0825559	0.0897659	-0.3115533	-2.1659150	0.0837245	-0.1241895	-2.1254338	0.0834657	-0.3657907	-2.1260936	0.8167806	-0.0741134	-2.1660433	0.7085507	-0.0627992	-2.2422114	0.8278398	-0.0499069	-2.1044356	0.8186423	-0.3941288	-2.1419348	0.7118635	-0.4105717	-2.2222328	0.8306020	-0.4254148	-2.2318225	0.4193837	-0.1106478	-2.2117682	0.2977584	-0.1092004	-2.2749958	0.3072712	-0.1117298	-2.2065028	0.4212145	-0.3788724	-2.1841630	0.2968464	-0.3818817	-2.2548658	0.3073113	-0.3847512	-2.2119535	0.9824380	-0.1485184	-2.2019340	0.9803579	-0.3190661	-2.2148160	1.1806986	0.0117039	-2.2254871	1.1844233	-0.4735433	-2.2419659	1.1683789	-0.0716192	-2.2515803	1.1772917	-0.3849871	-2.1451375	0.9323946	-0.0259612	-2.1519558	0.9418231	-0.4501858	-2.2273499	0.9237328	-0.0109411	-2.2251047	0.9287788	-0.4548290
22	0.3500000	-2.2093400	1.4462579	-0.2352400	-2.1913200	1.4439779	-0.0796700	-2.2249600	1.1708779	-0.0322700	-2.1947600	0.8999379	-0.0265100	-2.2106500	1.4485879	-0.3913700	-2.2337200	1.1756779	-0.4337000	-2.1895100	0.9322979	-0.4398500	-2.1741700	0.9775979	-0.2319200	-2.1737500	0.9771079	-0.1294800	-2.2118900	0.5387279	-0.1559800	-2.2484500	0.1272179	-0.1816200	-2.1673200	0.9786579	-0.3343400	-2.1928100	0.5305679	-0.3182800	-2.2337600	0.1288179	-0.3099900	-2.0462200	0.0906479	-0.3147100	-2.0631800	0.0916479	-0.3182400	-2.2672100	0.0915879	-0.3013900	-2.0971900	0.0725779	-0.1546500	-2.1071400	0.0747179	-0.1532900	-2.2655200	0.0970979	-0.1929300	-2.2920407	1.4961199	-0.2418080	-2.2224025	1.4918367	-0.1022131	-2.2031782	1.4901967	-0.3765354	-2.1296352	1.0449028	-0.0892633	-2.1123056	1.0421536	-0.3678977	-2.2876700	1.0771946	-0.1845002	-2.2801160	1.0744899	-0.2937568	-2.2184671	0.5415422	-0.1023991	-2.1950418	0.5457787	-0.3788013	-2.2077483	0.5482490	-0.2165183	-2.1932907	0.5464140	-0.2622818	-2.2531774	0.1327307	-0.1444207	-2.2306647	0.1294218	-0.3547869	-2.2272806	0.1421753	-0.2196474	-2.2093940	0.1362394	-0.2736451	-2.3091536	0.1088072	-0.1974201	-2.2986736	0.0957275	-0.3075954	-2.1221512	0.0871791	-0.1697475	-2.0829135	0.0895884	-0.3121262	-2.1665675	0.0836424	-0.1244993	-2.1258781	0.0833300	-0.3661866	-2.1261797	0.8169533	-0.0741906	-2.1659883	0.7085530	-0.0628588	-2.2422526	0.8278052	-0.0498556	-2.1048414	0.8188173	-0.3949396	-2.1423320	0.7119483	-0.4113083	-2.2226760	0.8307505	-0.4258736	-2.2317655	0.4192621	-0.1109501	-2.2119544	0.2976438	-0.1096094	-2.2749374	0.3071767	-0.1120438	-2.2067616	0.4211682	-0.3792247	-2.1845709	0.2967749	-0.3821461	-2.2550472	0.3072558	-0.3849042	-2.2122260	0.9826732	-0.1484369	-2.2021286	0.9805964	-0.3195912	-2.2145020	1.1806451	0.0116415	-2.2253607	1.1844006	-0.4736921	-2.2418796	1.1685086	-0.0714940	-2.2517191	1.1774496	-0.3851429	-2.1454223	0.9323502	-0.0261312	-2.1522687	0.9418504	-0.4503844	-2.2276250	0.9237583	-0.0113001	-2.2254222	0.9289036	-0.4548234
23	0.3666667	-2.2094400	1.4462579	-0.2352400	-2.1902500	1.4439579	-0.0796200	-2.2238500	1.1711579	-0.0320900	-2.1938400	0.8993279	-0.0262300	-2.2119600	1.4484879	-0.3914700	-2.2326700	1.1754179	-0.4333100	-2.1881500	0.9319479	-0.4399800	-2.1738100	0.9785279	-0.2321400	-2.1733800	0.9779579	-0.1296400	-2.2122700	0.5390879	-0.1561800	-2.2492300	0.1272979	-0.1812200	-2.1669600	0.9796579	-0.3346300	-2.1934600	0.5309879	-0.3181300	-2.2370500	0.1276279	-0.3103500	-2.0448200	0.0912379	-0.3147300	-2.0621300	0.0921179	-0.3182800	-2.2717600	0.0900579	-0.3018400	-2.1001200	0.0718579	-0.1554700	-2.1098900	0.0741379	-0.1540100	-2.2675200	0.0968879	-0.1927900	-2.2919482	1.4970100	-0.2420386	-2.2220977	1.4927683	-0.1021724	-2.2029093	1.4911183	-0.3771240	-2.1292912	1.0456956	-0.0888861	-2.1118892	1.0429514	-0.3685950	-2.2872812	1.0785791	-0.1845122	-2.2796819	1.0758380	-0.2941834	-2.2176714	0.5422192	-0.1025041	-2.1947816	0.5465931	-0.3794177	-2.2070763	0.5490898	-0.2165978	-2.1927921	0.5472080	-0.2629669	-2.2531419	0.1334364	-0.1447425	-2.2306177	0.1300796	-0.3550479	-2.2274124	0.1429070	-0.2197823	-2.2092815	0.1368643	-0.2741911	-2.3093540	0.1094910	-0.1975879	-2.2987858	0.0963809	-0.3079361	-2.1223727	0.0878544	-0.1700395	-2.0827893	0.0901605	-0.3127031	-2.1667816	0.0843531	-0.1248349	-2.1258626	0.0839493	-0.3666220	-2.1256748	0.8179274	-0.0743516	-2.1653490	0.7093783	-0.0629870	-2.2416652	0.8286105	-0.0498515	-2.1046943	0.8197994	-0.3956910	-2.1421989	0.7128592	-0.4119926	-2.2225567	0.8317241	-0.4263101	-2.2311962	0.4199656	-0.1112565	-2.2116608	0.2983371	-0.1100300	-2.2744168	0.3079077	-0.1123362	-2.2065828	0.4219425	-0.3795935	-2.1845388	0.2975045	-0.3824467	-2.2548397	0.3080099	-0.3851032	-2.2118881	0.9837245	-0.1484047	-2.2017569	0.9816409	-0.3200864	-2.2135132	1.1813318	0.0116296	-2.2246179	1.1851067	-0.4738017	-2.2411605	1.1693449	-0.0713353	-2.2511894	1.1783151	-0.3852855	-2.1450374	0.9330293	-0.0262623	-2.1518322	0.9426372	-0.4505883	-2.2272400	0.9245243	-0.0115731	-2.2249731	0.9297383	-0.4547695
24	0.3833333	-2.2092100	1.4462979	-0.2352400	-2.1900600	1.4446079	-0.0797900	-2.2236500	1.1723579	-0.0318900	-2.1926800	0.8972379	-0.0258900	-2.2116200	1.4484479	-0.3913100	-2.2316500	1.1762079	-0.4326500	-2.1867900	0.9319779	-0.4399000	-2.1728400	0.9792179	-0.2322700	-2.1725400	0.9784179	-0.1298000	-2.2137300	0.5392679	-0.1567100	-2.2477700	0.1281779	-0.1805400	-2.1658500	0.9804279	-0.3347000	-2.1941400	0.5318679	-0.3179000	-2.2401900	0.1254679	-0.3105400	-2.0418800	0.0930479	-0.3140400	-2.0598000	0.0937179	-0.3177000	-2.2772500	0.0875879	-0.3023500	-2.1040700	0.0708079	-0.1564900	-2.1134100	0.0731479	-0.1549000	-2.2675600	0.0966379	-0.1923400	-2.2913740	1.4976625	-0.2422020	-2.2213146	1.4935092	-0.1020885	-2.2021686	1.4918126	-0.3776035	-2.1283190	1.0462161	-0.0885085	-2.1108523	1.0434808	-0.3691411	-2.2862628	1.0796437	-0.1844673	-2.2786234	1.0768720	-0.2944896	-2.2164206	0.5426599	-0.1025573	-2.1940503	0.5471773	-0.3799028	-2.2059701	0.5496850	-0.2166162	-2.1919034	0.5477719	-0.2634817	-2.2526663	0.1338619	-0.1450159	-2.2302080	0.1304556	-0.3552232	-2.2271323	0.1433649	-0.2198872	-2.2088193	0.1372134	-0.2745629	-2.3091004	0.1098936	-0.1977091	-2.2985830	0.0967369	-0.3081620	-2.1221663	0.0882625	-0.1703193	-2.0821760	0.0904772	-0.3131026	-2.1665461	0.0847867	-0.1251429	-2.1253742	0.0842999	-0.3669427	-2.1246133	0.8186175	-0.0744736	-2.1641815	0.7099446	-0.0630715	-2.2404912	0.8291855	-0.0497904	-2.1039229	0.8205084	-0.3962629	-2.1414799	0.7135173	-0.4125230	-2.2218132	0.8324592	-0.4266641	-2.2301618	0.4204194	-0.1115001	-2.2109052	0.2987682	-0.1103989	-2.2734414	0.3083711	-0.1125544	-2.2059705	0.4224703	-0.3798830	-2.1840633	0.2979708	-0.3826712	-2.2542619	0.3085027	-0.3852558	-2.2109376	0.9845286	-0.1483094	-2.2007735	0.9824354	-0.3204603	-2.2120131	1.1817413	0.0117074	-2.2233147	1.1855610	-0.4737629	-2.2399291	1.1698893	-0.0710981	-2.2500837	1.1789120	-0.3852986	-2.1441471	0.9334026	-0.0262684	-2.1507293	0.9431726	-0.4506521	-2.2263485	0.9250031	-0.0116771	-2.2238441	0.9302770	-0.4545514
25	0.4000000	-2.2082600	1.4465279	-0.2350400	-2.1901600	1.4448379	-0.0798800	-2.2240100	1.1729279	-0.0317000	-2.1919300	0.8963079	-0.0257000	-2.2096500	1.4487179	-0.3907800	-2.2316200	1.1767079	-0.4321200	-2.1860800	0.9315379	-0.4396800	-2.1713300	0.9791579	-0.2321800	-2.1712000	0.9783179	-0.1298100	-2.2148700	0.5387379	-0.1572300	-2.2449500	0.1283479	-0.1799500	-2.1641700	0.9806879	-0.3345200	-2.1942800	0.5324579	-0.3176900	-2.2413100	0.1239479	-0.3104600	-2.0377500	0.0932179	-0.3127300	-2.0563700	0.0936379	-0.3165700	-2.2808100	0.0854679	-0.3027500	-2.1067000	0.0699679	-0.1570800	-2.1156700	0.0724179	-0.1554100	-2.2655900	0.0964679	-0.1917900	-2.2903723	1.4975804	-0.2421818	-2.2201477	1.4935539	-0.1018305	-2.2009695	1.4917699	-0.3778180	-2.1268023	1.0459635	-0.0879520	-2.1092489	1.0432476	-0.3694341	-2.2847171	1.0799512	-0.1842243	-2.2770308	1.0771568	-0.2945651	-2.2147694	0.5423323	-0.1024183	-2.1928700	0.5469951	-0.3801437	-2.2044597	0.5495097	-0.2164491	-2.1906518	0.5475723	-0.2637021	-2.2517544	0.1334901	-0.1451349	-2.2293915	0.1300506	-0.3551881	-2.2264389	0.1430399	-0.2198382	-2.2079758	0.1367923	-0.2746466	-2.3083952	0.1095099	-0.1976680	-2.2980320	0.0962899	-0.3081679	-2.1215643	0.0878836	-0.1704715	-2.0810542	0.0900602	-0.3131832	-2.1658914	0.0844201	-0.1253130	-2.1243811	0.0838954	-0.3670124	-2.1230674	0.8185221	-0.0743891	-2.1625604	0.7097370	-0.0629494	-2.2388314	0.8290131	-0.0495226	-2.1025644	0.8204419	-0.3965421	-2.1402103	0.7134039	-0.4127905	-2.2204993	0.8324437	-0.4268339	-2.2287054	0.4200943	-0.1115669	-2.2097202	0.2984158	-0.1106045	-2.2720317	0.3080407	-0.1125947	-2.2049270	0.4222235	-0.3799632	-2.1831306	0.2976602	-0.3826852	-2.2532910	0.3082127	-0.3852368	-2.2094601	0.9845832	-0.1480084	-2.1992468	0.9824844	-0.3206009	-2.2103044	1.1814298	0.0119534	-2.2216731	1.1852987	-0.4734820	-2.2384176	1.1697136	-0.0707286	-2.2486038	1.1787962	-0.3850497	-2.1429571	0.9330615	-0.0260150	-2.1492627	0.9429926	-0.4504699	-2.2251764	0.9247462	-0.0115564	-2.2223866	0.9300664	-0.4540724
26	0.4166667	-2.2072600	1.4467279	-0.2348000	-2.1899600	1.4450379	-0.0798300	-2.2237900	1.1727679	-0.0315900	-2.1918300	0.8960179	-0.0257500	-2.2078600	1.4489679	-0.3903100	-2.2317400	1.1772079	-0.4318900	-2.1859000	0.9313179	-0.4394900	-2.1697800	0.9790579	-0.2319800	-2.1698600	0.9781379	-0.1296600	-2.2152100	0.5381779	-0.1574700	-2.2432500	0.1285179	-0.1796200	-2.1624200	0.9805079	-0.3342700	-2.1942800	0.5326479	-0.3176100	-2.2399900	0.1238479	-0.3103300	-2.0376800	0.0931679	-0.3121700	-2.0564700	0.0935879	-0.3161000	-2.2802400	0.0856679	-0.3028600	-2.1080300	0.0694279	-0.1570400	-2.1168100	0.0718779	-0.1553600	-2.2638900	0.0967379	-0.1913700	-2.2894088	1.4974450	-0.2420390	-2.2190903	1.4935669	-0.1015033	-2.1997987	1.4916916	-0.3778047	-2.1252346	1.0456460	-0.0873476	-2.1076017	1.0429586	-0.3695536	-2.2831216	1.0802045	-0.1838812	-2.2753936	1.0773930	-0.2944869	-2.2131790	0.5419564	-0.1021861	-2.1917485	0.5467603	-0.3802485	-2.2029983	0.5492763	-0.2162001	-2.1895010	0.5473110	-0.2637776	-2.2508873	0.1330900	-0.1451742	-2.2285651	0.1296208	-0.3550391	-2.2257783	0.1426884	-0.2197033	-2.2071377	0.1363528	-0.2745975	-2.3076980	0.1091175	-0.1975325	-2.2974510	0.0958093	-0.3080651	-2.1210458	0.0874628	-0.1705574	-2.0799469	0.0896470	-0.3131111	-2.1653015	0.0840111	-0.1254110	-2.1233778	0.0834847	-0.3669492	-2.1215168	0.8183738	-0.0742054	-2.1609630	0.7094837	-0.0627257	-2.2371744	0.8288112	-0.0491637	-2.1011753	0.8203187	-0.3966378	-2.1389404	0.7132359	-0.4128935	-2.2191464	0.8323948	-0.4268756	-2.2273086	0.4197234	-0.1115493	-2.2085883	0.2980254	-0.1107201	-2.2706771	0.3076701	-0.1125528	-2.2039286	0.4219286	-0.3799229	-2.1822083	0.2973150	-0.3825799	-2.2523503	0.3078780	-0.3851161	-2.2079441	0.9845969	-0.1476275	-2.1976810	0.9824978	-0.3205950	-2.2088355	1.1811144	0.0122722	-2.2201935	1.1850504	-0.4730995	-2.2370948	1.1695342	-0.0703125	-2.2472793	1.1786878	-0.3846889	-2.1419722	0.9326909	-0.0256288	-2.1480075	0.9427826	-0.4501888	-2.2242365	0.9244592	-0.0113345	-2.2211867	0.9298346	-0.4534776
27	0.4333333	-2.2067200	1.4466579	-0.2346300	-2.1898300	1.4449879	-0.0796800	-2.2229200	1.1730979	-0.0315200	-2.1921600	0.8961079	-0.0258700	-2.2069100	1.4489079	-0.3901000	-2.2310400	1.1766879	-0.4317500	-2.1859800	0.9313179	-0.4393400	-2.1688800	0.9791979	-0.2318500	-2.1690300	0.9782179	-0.1295400	-2.2152700	0.5379579	-0.1574900	-2.2430000	0.1287779	-0.1795100	-2.1614500	0.9808379	-0.3341100	-2.1945800	0.5323279	-0.3176700	-2.2375900	0.1245179	-0.3103300	-2.0411100	0.0924479	-0.3126400	-2.0595100	0.0929479	-0.3165400	-2.2765900	0.0865979	-0.3028500	-2.1089700	0.0693679	-0.1566500	-2.1177000	0.0718979	-0.1550100	-2.2633800	0.0971779	-0.1912100	-2.2891168	1.4975116	-0.2419439	-2.2187847	1.4937929	-0.1013016	-2.1993105	1.4918457	-0.3777318	-2.1242966	1.0455292	-0.0869156	-2.1066177	1.0428838	-0.3696331	-2.2821292	1.0806411	-0.1836207	-2.2743750	1.0778170	-0.2944049	-2.2123349	0.5418195	-0.1020342	-2.1913363	0.5467708	-0.3804248	-2.2022755	0.5492576	-0.2160371	-2.1890664	0.5472722	-0.2639511	-2.2507014	0.1329445	-0.1452569	-2.2283309	0.1294658	-0.3549609	-2.2257674	0.1425838	-0.2196147	-2.2068995	0.1361840	-0.2746344	-2.3076199	0.1089786	-0.1974354	-2.2973669	0.0956116	-0.3080454	-2.1212250	0.0873026	-0.1706968	-2.0795639	0.0895021	-0.3131109	-2.1653976	0.0838591	-0.1255636	-2.1230476	0.0833478	-0.3669385	-2.1206401	0.8184568	-0.0741165	-2.1600707	0.7094720	-0.0625896	-2.2361958	0.8288651	-0.0489108	-2.1004764	0.8204409	-0.3967360	-2.1383668	0.7133164	-0.4130181	-2.2184499	0.8326023	-0.4269319	-2.2266519	0.4195917	-0.1115955	-2.2081708	0.2978870	-0.1108779	-2.2700523	0.3075416	-0.1125760	-2.2036066	0.4218852	-0.3799597	-2.1819335	0.2972358	-0.3825467	-2.2520452	0.3078021	-0.3850719	-2.2070643	0.9848418	-0.1473678	-2.1967680	0.9827520	-0.3205955	-2.2081107	1.1810514	0.0124918	-2.2193806	1.1850522	-0.4727888	-2.2365126	1.1695954	-0.0699807	-2.2466529	1.1788074	-0.3844155	-2.1417633	0.9325248	-0.0253211	-2.1475044	0.9427538	-0.4499748	-2.2240918	0.9244015	-0.0111959	-2.2207380	0.9298321	-0.4529556
28	0.4500000	-2.2064300	1.4463579	-0.2344900	-2.1897300	1.4447279	-0.0794800	-2.2223800	1.1726579	-0.0313100	-2.1927500	0.8959379	-0.0259700	-2.2064000	1.4485679	-0.3900100	-2.2301900	1.1760279	-0.4315000	-2.1864700	0.9314779	-0.4391200	-2.1688500	0.9795079	-0.2318200	-2.1684900	0.9786479	-0.1295800	-2.2148800	0.5379879	-0.1574700	-2.2430600	0.1290579	-0.1797400	-2.1619500	0.9810079	-0.3340200	-2.1949600	0.5317579	-0.3177400	-2.2362800	0.1247379	-0.3106000	-2.0435100	0.0915979	-0.3131300	-2.0614800	0.0922379	-0.3170000	-2.2742300	0.0871379	-0.3031700	-2.1086600	0.0697879	-0.1562500	-2.1173900	0.0722979	-0.1546600	-2.2635600	0.0973879	-0.1914700	-2.2896178	1.4977273	-0.2419441	-2.2193254	1.4941656	-0.1012412	-2.1996308	1.4921527	-0.3776878	-2.1242011	1.0455525	-0.0866658	-2.1065089	1.0429600	-0.3697281	-2.2819697	1.0812094	-0.1834660	-2.2742044	1.0783782	-0.2943632	-2.2123852	0.5418512	-0.1019755	-2.1918044	0.5469563	-0.3807249	-2.2024507	0.5493857	-0.2159828	-2.1895019	0.5473970	-0.2642516	-2.2512813	0.1329582	-0.1453861	-2.2288914	0.1295021	-0.3549951	-2.2265078	0.1426350	-0.2195926	-2.2074529	0.1362005	-0.2747838	-2.3082657	0.1089799	-0.1973892	-2.2980005	0.0956027	-0.3081379	-2.1221546	0.0873425	-0.1709044	-2.0800651	0.0895504	-0.3132151	-2.1662362	0.0838919	-0.1257808	-2.1235667	0.0834030	-0.3670175	-2.1206172	0.8187135	-0.0741420	-2.1600495	0.7096367	-0.0625582	-2.2360880	0.8290973	-0.0487710	-2.1006607	0.8207474	-0.3969061	-2.1386762	0.7135793	-0.4132330	-2.2186307	0.8329895	-0.4270620	-2.2268576	0.4196234	-0.1117102	-2.2085694	0.2979199	-0.1110888	-2.2702674	0.3075679	-0.1126622	-2.2041358	0.4220204	-0.3801215	-2.1824901	0.2973432	-0.3826334	-2.2525662	0.3079073	-0.3851468	-2.2070417	0.9852499	-0.1472477	-2.1967303	0.9831784	-0.3206459	-2.2082071	1.1811071	0.0125937	-2.2193316	1.1852021	-0.4725800	-2.2367570	1.1697662	-0.0697544	-2.2468236	1.1790549	-0.3842442	-2.1424169	0.9324437	-0.0251293	-2.1478370	0.9428139	-0.4498550	-2.2248239	0.9244519	-0.0111794	-2.2211175	0.9299692	-0.4525569
29	0.4666667	-2.2059300	1.4461979	-0.2343600	-2.1890800	1.4444179	-0.0792300	-2.2221500	1.1720279	-0.0309400	-2.1932700	0.8961279	-0.0260400	-2.2060900	1.4483079	-0.3899900	-2.2303800	1.1756879	-0.4312200	-2.1876500	0.9317379	-0.4388900	-2.1693100	0.9797679	-0.2318700	-2.1677300	0.9791779	-0.1297200	-2.2133700	0.5382679	-0.1574500	-2.2433800	0.1291579	-0.1803600	-2.1636500	0.9809479	-0.3340200	-2.1948700	0.5310679	-0.3176600	-2.2375600	0.1246079	-0.3111900	-2.0439300	0.0910779	-0.3133500	-2.0616100	0.0917779	-0.3171800	-2.2757900	0.0868479	-0.3038700	-2.1066300	0.0706779	-0.1560800	-2.1155700	0.0730979	-0.1545400	-2.2646600	0.0969579	-0.1921300	-2.2904653	1.4978998	-0.2420327	-2.2202197	1.4944782	-0.1012812	-2.2003209	1.4923890	-0.3777189	-2.1245665	1.0455296	-0.0865184	-2.1068896	1.0429815	-0.3698932	-2.2823001	1.0817398	-0.1833817	-2.2745360	1.0789033	-0.2943813	-2.2128166	0.5418344	-0.1019696	-2.1927384	0.5470828	-0.3811130	-2.2030256	0.5494603	-0.2160101	-2.1903843	0.5474728	-0.2646104	-2.2521693	0.1329249	-0.1455435	-2.2299350	0.1294930	-0.3551237	-2.2275702	0.1426388	-0.2196241	-2.2084803	0.1361721	-0.2750179	-2.3092322	0.1089129	-0.1973712	-2.2991085	0.0955446	-0.3083153	-2.1233509	0.0873785	-0.1711710	-2.0810488	0.0895585	-0.3134085	-2.1673364	0.0839029	-0.1260438	-2.1245695	0.0834107	-0.3671852	-2.1210059	0.8189476	-0.0742406	-2.1604277	0.7097690	-0.0625882	-2.2364237	0.8292785	-0.0486814	-2.1013157	0.8210119	-0.3971710	-2.1394601	0.7137925	-0.4135471	-2.2193143	0.8333192	-0.4272833	-2.2274167	0.4196063	-0.1118647	-2.2092942	0.2979054	-0.1113383	-2.2708266	0.3075425	-0.1127740	-2.2051298	0.4220985	-0.3803682	-2.1835183	0.2973937	-0.3828120	-2.2535613	0.3079625	-0.3853094	-2.2075035	0.9856118	-0.1472130	-2.1971933	0.9835558	-0.3207642	-2.2086466	1.1810793	0.0126283	-2.2197406	1.1852917	-0.4724509	-2.2373563	1.1698394	-0.0695990	-2.2474252	1.1792294	-0.3841333	-2.1434146	0.9322883	-0.0250272	-2.1486792	0.9427958	-0.4498124	-2.2259032	0.9244203	-0.0112665	-2.2220252	0.9300615	-0.4522451
30	0.4833333	-2.2054200	1.4460779	-0.2341900	-2.1879800	1.4441279	-0.0789100	-2.2215100	1.1720879	-0.0305900	-2.1931600	0.8961579	-0.0260000	-2.2061300	1.4483979	-0.3900200	-2.2314000	1.1753179	-0.4311000	-2.1891500	0.9319679	-0.4387900	-2.1697700	0.9798079	-0.2318900	-2.1667800	0.9794079	-0.1296900	-2.2113400	0.5383479	-0.1573600	-2.2442300	0.1286379	-0.1810000	-2.1655400	0.9805979	-0.3341400	-2.1941600	0.5307379	-0.3174200	-2.2403000	0.1243479	-0.3118300	-2.0443100	0.0916279	-0.3136000	-2.0617800	0.0924979	-0.3173800	-2.2791500	0.0861479	-0.3045100	-2.1045000	0.0714379	-0.1562500	-2.1138200	0.0738179	-0.1547500	-2.2665100	0.0962979	-0.1927100	-2.2911922	1.4978711	-0.2421065	-2.2209726	1.4945714	-0.1013115	-2.2009186	1.4923920	-0.3777502	-2.1249157	1.0453089	-0.0863299	-2.1072821	1.0427909	-0.3700611	-2.2826494	1.0820624	-0.1832533	-2.2748974	1.0792197	-0.2943763	-2.2130799	0.5416097	-0.1019150	-2.1936105	0.5469798	-0.3814468	-2.2034505	0.5493325	-0.2160118	-2.1911883	0.5473365	-0.2648895	-2.2529030	0.1326988	-0.1456470	-2.2310225	0.1292729	-0.3552174	-2.2284975	0.1424531	-0.2196187	-2.2095482	0.1359354	-0.2752187	-2.3100829	0.1086446	-0.1972992	-2.3002880	0.0952719	-0.3084536	-2.1243452	0.0872419	-0.1713998	-2.0820497	0.0893584	-0.3135830	-2.1682357	0.0837318	-0.1262571	-2.1256058	0.0832033	-0.3673322	-2.1212975	0.8189935	-0.0742954	-2.1606796	0.7097026	-0.0625683	-2.2366919	0.8292333	-0.0485246	-2.1019370	0.8210596	-0.3974271	-2.1402049	0.7137807	-0.4138421	-2.2199991	0.8334109	-0.4274849	-2.2278027	0.4193851	-0.1119691	-2.2098477	0.2976851	-0.1115414	-2.2712219	0.3073183	-0.1128235	-2.2060864	0.4219491	-0.3805551	-2.1845455	0.2972132	-0.3829424	-2.2545497	0.3078040	-0.3854187	-2.2079599	0.9857565	-0.1471332	-2.1976690	0.9837092	-0.3208631	-2.2088430	1.1808494	0.0127343	-2.2202238	1.1851787	-0.4723069	-2.2377474	1.1696804	-0.0693719	-2.2480404	1.1791867	-0.3839961	-2.1441420	0.9319559	-0.0249157	-2.1496285	0.9425727	-0.4497523	-2.2266916	0.9241872	-0.0113241	-2.2230783	0.9299687	-0.4519103
31	0.5000000	-2.2054200	1.4460279	-0.2340500	-2.1874400	1.4431879	-0.0785500	-2.2207100	1.1699279	-0.0303700	-2.1923100	0.8971179	-0.0257900	-2.2066300	1.4493379	-0.3901100	-2.2320900	1.1750879	-0.4311300	-2.1899300	0.9316479	-0.4387900	-2.1699600	0.9793579	-0.2317800	-2.1662100	0.9791779	-0.1294400	-2.2108000	0.5376279	-0.1572000	-2.2449000	0.1278079	-0.1811000	-2.1664700	0.9801079	-0.3342100	-2.1931300	0.5308279	-0.3171800	-2.2422100	0.1245279	-0.3122000	-2.0446400	0.0916479	-0.3137000	-2.0619600	0.0923379	-0.3174400	-2.2811100	0.0861079	-0.3049600	-2.1036900	0.0710879	-0.1564300	-2.1132900	0.0737579	-0.1549300	-2.2679300	0.0958979	-0.1928100	-2.2916102	1.4973807	-0.2420672	-2.2213936	1.4941949	-0.1012211	-2.2012174	1.4919195	-0.3776921	-2.1249952	1.0446118	-0.0860083	-2.1074238	1.0421246	-0.3701189	-2.2827370	1.0818847	-0.1829942	-2.2750044	1.0790360	-0.2942540	-2.2129819	0.5409117	-0.1017335	-2.1941181	0.5463885	-0.3816223	-2.2035132	0.5487360	-0.2158911	-2.1916322	0.5467227	-0.2650100	-2.2532880	0.1319920	-0.1456181	-2.2318489	0.1285850	-0.3551887	-2.2290806	0.1417926	-0.2194917	-2.2103693	0.1352279	-0.2752967	-2.3106131	0.1079038	-0.1971044	-2.3012452	0.0945293	-0.3084788	-2.1249498	0.0866121	-0.1714919	-2.0827748	0.0886828	-0.3136298	-2.1687545	0.0830682	-0.1263277	-2.1263719	0.0825204	-0.3673581	-2.1212713	0.8185584	-0.0742109	-2.1605961	0.7091562	-0.0624113	-2.2366587	0.8286943	-0.0482289	-2.1022456	0.8206263	-0.3975507	-2.1406151	0.7132819	-0.4139977	-2.2203832	0.8329997	-0.4275505	-2.2278248	0.4186865	-0.1119437	-2.2100391	0.2969819	-0.1116141	-2.2712617	0.3066149	-0.1127376	-2.2066997	0.4213158	-0.3805906	-2.1852656	0.2965470	-0.3829295	-2.2552240	0.3071748	-0.3853904	-2.2081391	0.9854057	-0.1469152	-2.1978820	0.9833687	-0.3208385	-2.2085807	1.1801231	0.0129732	-2.2205341	1.1845931	-0.4720596	-2.2376904	1.1689954	-0.0690153	-2.2484015	1.1786738	-0.3837673	-2.1442770	0.9312267	-0.0247118	-2.1503708	0.9419228	-0.4496257	-2.2268565	0.9235027	-0.0112927	-2.2239843	0.9294316	-0.4514800
32	0.5166667	-2.2058600	1.4458179	-0.2339900	-2.1874500	1.4432879	-0.0782500	-2.2198100	1.1705679	-0.0302700	-2.1915300	0.8957079	-0.0255200	-2.2075000	1.4485679	-0.3903100	-2.2322200	1.1748279	-0.4312200	-2.1897700	0.9308979	-0.4387500	-2.1699500	0.9787579	-0.2316000	-2.1664300	0.9780579	-0.1291400	-2.2125200	0.5377279	-0.1570700	-2.2449200	0.1272879	-0.1806400	-2.1662300	0.9798579	-0.3341200	-2.1922100	0.5308979	-0.3171100	-2.2425000	0.1235279	-0.3123700	-2.0447600	0.0927579	-0.3133600	-2.0622100	0.0935579	-0.3171300	-2.2810000	0.0847179	-0.3054400	-2.1039600	0.0718479	-0.1562300	-2.1133900	0.0740979	-0.1547100	-2.2682200	0.0949579	-0.1925900	-2.2918485	1.4967583	-0.2419844	-2.2216062	1.4936915	-0.1010661	-2.2013320	1.4913070	-0.3776212	-2.1248884	1.0437784	-0.0855871	-2.1073551	1.0413299	-0.3701336	-2.2826497	1.0815551	-0.1826649	-2.2749278	1.0787041	-0.2940851	-2.2127264	0.5400833	-0.1014664	-2.1943310	0.5456554	-0.3817150	-2.2034046	0.5480110	-0.2157026	-2.1917814	0.5459752	-0.2650511	-2.2534361	0.1311295	-0.1455193	-2.2324218	0.1277875	-0.3550913	-2.2294127	0.1409834	-0.2193119	-2.2109448	0.1344086	-0.2753094	-2.3109160	0.1069904	-0.1968629	-2.3019568	0.0936809	-0.3084459	-2.1252650	0.0858558	-0.1715013	-2.0832719	0.0878875	-0.3135977	-2.1690002	0.0822671	-0.1263119	-2.1269045	0.0817226	-0.3673061	-2.1210589	0.8179593	-0.0740196	-2.1603394	0.7084578	-0.0621534	-2.2364648	0.8280099	-0.0478402	-2.1023168	0.8200586	-0.3976158	-2.1407638	0.7126422	-0.4140858	-2.2205324	0.8324312	-0.4275531	-2.2276685	0.4178538	-0.1118347	-2.2100213	0.2961424	-0.1116024	-2.2711094	0.3057580	-0.1125757	-2.2070241	0.4205484	-0.3805426	-2.1857160	0.2957527	-0.3828362	-2.2556197	0.3064272	-0.3852842	-2.2081292	0.9848978	-0.1466130	-2.1978925	0.9828771	-0.3207627	-2.2079564	1.1793271	0.0132828	-2.2206671	1.1838877	-0.4718208	-2.2373343	1.1681999	-0.0685654	-2.2485736	1.1780223	-0.3835757	-2.1440210	0.9304223	-0.0245206	-2.1508451	0.9411485	-0.4494601	-2.2266002	0.9227397	-0.0111453	-2.2245905	0.9287541	-0.4510463
33	0.5333333	-2.2056800	1.4455179	-0.2338800	-2.1877400	1.4429979	-0.0779300	-2.2196100	1.1698279	-0.0301400	-2.1912800	0.8953179	-0.0254100	-2.2067500	1.4483879	-0.3903800	-2.2323000	1.1749579	-0.4312900	-2.1897000	0.9302679	-0.4386400	-2.1699900	0.9778379	-0.2314900	-2.1670300	0.9768679	-0.1290100	-2.2141900	0.5371579	-0.1570000	-2.2448100	0.1269079	-0.1801000	-2.1656900	0.9793879	-0.3340100	-2.1916600	0.5309779	-0.3172200	-2.2423000	0.1230079	-0.3123400	-2.0437200	0.0934979	-0.3128500	-2.0613700	0.0941579	-0.3166700	-2.2804200	0.0835279	-0.3056100	-2.1036600	0.0720079	-0.1559100	-2.1129600	0.0741579	-0.1543700	-2.2678500	0.0945679	-0.1922500	-2.2921220	1.4958427	-0.2419866	-2.2218531	1.4928928	-0.1009579	-2.2014499	1.4903891	-0.3776532	-2.1248421	1.0426326	-0.0852019	-2.1073109	1.0402364	-0.3702417	-2.2826341	1.0809301	-0.1824073	-2.2749114	1.0780821	-0.2940117	-2.2125735	0.5389492	-0.1012500	-2.1945314	0.5446116	-0.3818763	-2.2033784	0.5469822	-0.2155784	-2.1919184	0.5449273	-0.2651530	-2.2535558	0.1299478	-0.1454823	-2.2329451	0.1267114	-0.3550638	-2.2297055	0.1398629	-0.2192084	-2.2114749	0.1333132	-0.2753803	-2.3111985	0.1057441	-0.1967061	-2.3026312	0.0925345	-0.3084884	-2.1255076	0.0848129	-0.1715593	-2.0837106	0.0868499	-0.3136021	-2.1691889	0.0811673	-0.1263416	-2.1273776	0.0806713	-0.3673041	-2.1209233	0.8170284	-0.0738576	-2.1601743	0.7074369	-0.0619316	-2.2363702	0.8270100	-0.0475027	-2.1024041	0.8191835	-0.3977672	-2.1409171	0.7116901	-0.4142566	-2.2207092	0.8315404	-0.4276469	-2.2275761	0.4167142	-0.1117784	-2.2100231	0.2949985	-0.1116424	-2.2709940	0.3045776	-0.1124725	-2.2073194	0.4194819	-0.3805635	-2.1861276	0.2946696	-0.3828105	-2.2559806	0.3053841	-0.3852505	-2.2081843	0.9840666	-0.1463691	-2.1979480	0.9820717	-0.3207752	-2.2074043	1.1782839	0.0134630	-2.2208196	1.1829326	-0.4716889	-2.2370413	1.1671604	-0.0682443	-2.2487748	1.1771299	-0.3834819	-2.1437464	0.9294027	-0.0244480	-2.1513115	0.9401414	-0.4493602	-2.2263237	0.9217348	-0.0110811	-2.2251635	0.9278255	-0.4507324
34	0.5500000	-2.2044700	1.4454879	-0.2335800	-2.1876700	1.4425779	-0.0775900	-2.2194900	1.1693179	-0.0299300	-2.1912300	0.8952079	-0.0254500	-2.2044500	1.4484779	-0.3900800	-2.2323900	1.1751379	-0.4312700	-2.1903100	0.9305179	-0.4385200	-2.1700900	0.9770379	-0.2314400	-2.1675600	0.9760879	-0.1290300	-2.2141200	0.5368579	-0.1569200	-2.2450100	0.1264579	-0.1798900	-2.1653700	0.9786079	-0.3338900	-2.1914300	0.5308679	-0.3173500	-2.2415400	0.1225779	-0.3121200	-2.0412500	0.0932879	-0.3123700	-2.0592000	0.0939779	-0.3162300	-2.2797500	0.0836379	-0.3051800	-2.1032000	0.0719479	-0.1558700	-2.1125600	0.0741279	-0.1543100	-2.2672000	0.0943179	-0.1919400	-2.2923618	1.4950812	-0.2420437	-2.2220917	1.4922303	-0.1008677	-2.2014976	1.4896100	-0.3777440	-2.1248530	1.0416096	-0.0848480	-2.1072959	1.0392720	-0.3704233	-2.2826781	1.0804667	-0.1822112	-2.2749455	1.0776247	-0.2940193	-2.2124531	0.5379567	-0.1010828	-2.1947068	0.5437050	-0.3820885	-2.2033695	0.5460949	-0.2155018	-2.1920219	0.5440259	-0.2653004	-2.2536371	0.1289133	-0.1454962	-2.2333515	0.1257923	-0.3550770	-2.2299590	0.1388943	-0.2191648	-2.2118883	0.1323827	-0.2754769	-2.3114522	0.1046529	-0.1966032	-2.3032016	0.0915256	-0.3085706	-2.1256983	0.0839145	-0.1716810	-2.0840035	0.0860103	-0.3136109	-2.1693303	0.0802095	-0.1264273	-2.1277076	0.0798038	-0.3673253	-2.1208497	0.8162331	-0.0737355	-2.1600652	0.7065531	-0.0617537	-2.2363471	0.8261396	-0.0472230	-2.1025118	0.8184539	-0.3979912	-2.1410766	0.7108768	-0.4144939	-2.2209204	0.8307720	-0.4278115	-2.2274885	0.4157157	-0.1117688	-2.2100090	0.2939990	-0.1117326	-2.2708697	0.3035362	-0.1124180	-2.2075568	0.4185575	-0.3806358	-2.1864541	0.2937373	-0.3828315	-2.2562637	0.3044830	-0.3852675	-2.2083097	0.9833582	-0.1461792	-2.1980585	0.9813963	-0.3208620	-2.2069458	1.1774354	0.0135683	-2.2209622	1.1822182	-0.4716436	-2.2368140	1.1663299	-0.0680101	-2.2489975	1.1764745	-0.3834506	-2.1434976	0.9285890	-0.0244406	-2.1518148	0.9393619	-0.4492965	-2.2260754	0.9209047	-0.0110732	-2.2257660	0.9271421	-0.4505266
35	0.5666667	-2.2033500	1.4457579	-0.2332500	-2.1871400	1.4421779	-0.0773800	-2.2193800	1.1681679	-0.0297200	-2.1906300	0.8963579	-0.0255300	-2.2027800	1.4493379	-0.3895800	-2.2316900	1.1751079	-0.4310600	-2.1911000	0.9307379	-0.4383500	-2.1701500	0.9767779	-0.2312700	-2.1680800	0.9760979	-0.1289600	-2.2133000	0.5363679	-0.1567800	-2.2452400	0.1267579	-0.1799600	-2.1649900	0.9781879	-0.3336000	-2.1914000	0.5308379	-0.3174300	-2.2406100	0.1232279	-0.3120900	-2.0388200	0.0932079	-0.3117400	-2.0569800	0.0936679	-0.3157000	-2.2794300	0.0847279	-0.3048700	-2.1031000	0.0713979	-0.1559400	-2.1126400	0.0740179	-0.1543700	-2.2674300	0.0953179	-0.1919700	-2.2924502	1.4948853	-0.2419595	-2.2222099	1.4921116	-0.1006145	-2.2013720	1.4893895	-0.3776960	-2.1248203	1.0411216	-0.0843756	-2.1072205	1.0388421	-0.3704684	-2.2826569	1.0805549	-0.1819069	-2.2749091	1.0777170	-0.2939147	-2.2122410	0.5375281	-0.1008062	-2.1947677	0.5433590	-0.3821679	-2.2032500	0.5457700	-0.2152968	-2.1920138	0.5436862	-0.2653203	-2.2536277	0.1284735	-0.1454107	-2.2335461	0.1254460	-0.3549566	-2.2301182	0.1385204	-0.2190240	-2.2120970	0.1320322	-0.2754256	-2.3116150	0.1041804	-0.1964033	-2.3035736	0.0910809	-0.3085226	-2.1258025	0.0835780	-0.1717095	-2.0840496	0.0857694	-0.3134428	-2.1693883	0.0798198	-0.1264160	-2.1277900	0.0795242	-0.3671911	-2.1207368	0.8159994	-0.0734953	-2.1599022	0.7062319	-0.0614645	-2.2362788	0.8258184	-0.0468498	-2.1025448	0.8182861	-0.3980836	-2.1411473	0.7106239	-0.4145986	-2.2210587	0.8305492	-0.4278478	-2.2273000	0.4152836	-0.1116458	-2.2098990	0.2935729	-0.1117165	-2.2706504	0.3030751	-0.1122566	-2.2076463	0.4181967	-0.3805846	-2.1866013	0.2933765	-0.3827236	-2.2563765	0.3041427	-0.3851629	-2.2083968	0.9831923	-0.1458790	-2.1981218	0.9812655	-0.3208272	-2.2064631	1.1771494	0.0137893	-2.2209508	1.1820936	-0.4714802	-2.2365200	1.1660604	-0.0676862	-2.2490794	1.1764058	-0.3833001	-2.1431192	0.9283710	-0.0243244	-2.1522318	0.9391657	-0.4491030	-2.2256819	0.9206276	-0.0109864	-2.2262976	0.9270602	-0.4502503
36	0.5833333	-2.2031400	1.4457279	-0.2330700	-2.1861300	1.4429979	-0.0773900	-2.2189800	1.1685979	-0.0295400	-2.1896400	0.8956179	-0.0255000	-2.2033300	1.4488679	-0.3892700	-2.2298000	1.1751879	-0.4305800	-2.1913800	0.9310379	-0.4380400	-2.1699900	0.9766579	-0.2308300	-2.1684000	0.9757279	-0.1286300	-2.2135600	0.5372079	-0.1567500	-2.2449000	0.1282679	-0.1800700	-2.1643600	0.9781479	-0.3330300	-2.1914300	0.5309079	-0.3174500	-2.2396600	0.1234579	-0.3124000	-2.0378000	0.0934379	-0.3109300	-2.0561100	0.0938379	-0.3150300	-2.2796000	0.0848379	-0.3052900	-2.1033200	0.0716979	-0.1557800	-2.1127700	0.0739379	-0.1542200	-2.2678800	0.0955779	-0.1923400	-2.2922692	1.4948423	-0.2416202	-2.2220620	1.4921393	-0.1001082	-2.2009865	1.4893234	-0.3774001	-2.1245661	1.0407798	-0.0836514	-2.1069135	1.0385411	-0.3702216	-2.2823913	1.0807660	-0.1813510	-2.2746247	1.0779241	-0.2935440	-2.2118256	0.5372727	-0.1002787	-2.1945711	0.5431759	-0.3819775	-2.2029119	0.5456173	-0.2148269	-2.1917591	0.5435018	-0.2650845	-2.2534182	0.1282328	-0.1451084	-2.2334320	0.1252763	-0.3545873	-2.2300656	0.1383463	-0.2186711	-2.2120072	0.1318601	-0.2751205	-2.3115654	0.1039198	-0.1959968	-2.3036331	0.0908293	-0.3082344	-2.1257002	0.0834261	-0.1715206	-2.0837922	0.0856828	-0.3129952	-2.1692444	0.0796159	-0.1261873	-2.1275596	0.0794050	-0.3667884	-2.1204264	0.8159148	-0.0729925	-2.1595424	0.7060696	-0.0609219	-2.2360047	0.8256512	-0.0462358	-2.1023448	0.8182680	-0.3978875	-2.1409727	0.7105277	-0.4144185	-2.2209472	0.8304726	-0.4276006	-2.2269053	0.4150293	-0.1112719	-2.2095857	0.2933302	-0.1114597	-2.2702329	0.3027990	-0.1118613	-2.2074594	0.4180010	-0.3802779	-2.1864559	0.2931871	-0.3823618	-2.2562002	0.3039704	-0.3848109	-2.2082639	0.9831682	-0.1453215	-2.1979575	0.9812668	-0.3205155	-2.2056946	1.1770659	0.0142667	-2.2205996	1.1821266	-0.4710539	-2.2359665	1.1659648	-0.0671086	-2.2488279	1.1764669	-0.3829449	-2.1424813	0.9283161	-0.0240270	-2.1523172	0.9390972	-0.4486465	-2.2249842	0.9205310	-0.0106513	-2.2264538	0.9271180	-0.4497539
37	0.6000000	-2.2029300	1.4463379	-0.2330200	-2.1851600	1.4438779	-0.0774700	-2.2185200	1.1674679	-0.0292800	-2.1887800	0.8956379	-0.0253300	-2.2039200	1.4492479	-0.3891100	-2.2277600	1.1748279	-0.4299500	-2.1909700	0.9307479	-0.4376500	-2.1692600	0.9773379	-0.2302800	-2.1679300	0.9764379	-0.1281300	-2.2146900	0.5377179	-0.1568400	-2.2435900	0.1301479	-0.1800200	-2.1633700	0.9789379	-0.3324200	-2.1915700	0.5310879	-0.3174300	-2.2383200	0.1242479	-0.3125300	-2.0379900	0.0947179	-0.3101100	-2.0563500	0.0952179	-0.3143300	-2.2791600	0.0852379	-0.3058100	-2.1037400	0.0716079	-0.1555300	-2.1130800	0.0739079	-0.1539700	-2.2670600	0.0978479	-0.1924300	-2.2915194	1.4955998	-0.2411980	-2.2213471	1.4929807	-0.0995514	-2.2000629	1.4900682	-0.3770126	-2.1237321	1.0412333	-0.0828747	-2.1060504	1.0390213	-0.3698148	-2.2815183	1.0817188	-0.1807064	-2.2737433	1.0788653	-0.2930417	-2.2109452	0.5378390	-0.0996841	-2.1938614	0.5438102	-0.3816830	-2.2020984	0.5462808	-0.2142675	-2.1910212	0.5441200	-0.2647690	-2.2526772	0.1288284	-0.1447509	-2.2327376	0.1259313	-0.3541529	-2.2294646	0.1390093	-0.2182644	-2.2113598	0.1325095	-0.2747404	-2.3109468	0.1045062	-0.1955459	-2.3030903	0.0914117	-0.3078963	-2.1250669	0.0841051	-0.1712724	-2.0829866	0.0864124	-0.3124379	-2.1685674	0.0802427	-0.1259046	-2.1267563	0.0801065	-0.3662852	-2.1195979	0.8166107	-0.0724096	-2.1586854	0.7067062	-0.0603114	-2.2351880	0.8262966	-0.0455631	-2.1016041	0.8190354	-0.3975330	-2.1402587	0.7112324	-0.4140956	-2.2202572	0.8312036	-0.4272159	-2.2260282	0.4155999	-0.1108222	-2.2087688	0.2939208	-0.1111281	-2.2693224	0.3033478	-0.1114045	-2.2067335	0.4186287	-0.3798927	-2.1857471	0.2938286	-0.3819219	-2.2554689	0.3046162	-0.3843969	-2.2075476	0.9839401	-0.1446784	-2.1972235	0.9820536	-0.3200664	-2.2044278	1.1777239	0.0147925	-2.2196096	1.1828530	-0.4705274	-2.2348877	1.1665964	-0.0665084	-2.2479217	1.1772257	-0.3824945	-2.1413535	0.9289868	-0.0236591	-2.1517874	0.9397169	-0.4481377	-2.2237986	0.9211773	-0.0102595	-2.2259778	0.9278494	-0.4492073
38	0.6166667	-2.2024400	1.4467579	-0.2329000	-2.1847200	1.4444179	-0.0774300	-2.2181300	1.1663179	-0.0290900	-2.1884200	0.8954579	-0.0251400	-2.2033900	1.4495479	-0.3889300	-2.2267700	1.1744279	-0.4294100	-2.1903600	0.9304979	-0.4373600	-2.1679600	0.9779879	-0.2298700	-2.1669200	0.9768779	-0.1277600	-2.2157300	0.5380779	-0.1569500	-2.2414800	0.1313579	-0.1797700	-2.1618000	0.9795479	-0.3319700	-2.1920400	0.5310879	-0.3174100	-2.2361000	0.1246879	-0.3121700	-2.0378600	0.0949179	-0.3095000	-2.0562200	0.0953579	-0.3137800	-2.2771000	0.0857479	-0.3056900	-2.1047200	0.0716679	-0.1553700	-2.1138100	0.0739679	-0.1538100	-2.2640100	0.0991479	-0.1920300	-2.2902501	1.4963134	-0.2409265	-2.2201329	1.4937977	-0.0991849	-2.1986404	1.4907897	-0.3767427	-2.1223121	1.0416477	-0.0823102	-2.1046333	1.0394557	-0.3694776	-2.2800429	1.0825897	-0.1802263	-2.2722728	1.0797201	-0.2926462	-2.2096552	0.5383789	-0.0992635	-2.1926847	0.5444206	-0.3815379	-2.2008575	0.5469035	-0.2138599	-2.1898458	0.5446964	-0.2646209	-2.2514003	0.1293931	-0.1445704	-2.2314618	0.1265660	-0.3538964	-2.2283048	0.1396391	-0.2180319	-2.2101462	0.1331327	-0.2745221	-2.3097288	0.1050754	-0.1952734	-2.3019230	0.0919785	-0.3077408	-2.1239244	0.0847407	-0.1712083	-2.0816470	0.0871118	-0.3120232	-2.1673688	0.0808278	-0.1258162	-2.1253902	0.0807836	-0.3659288	-2.1182734	0.8172446	-0.0719960	-2.1573683	0.7072996	-0.0598788	-2.2338511	0.8269260	-0.0450866	-2.1003364	0.8197509	-0.3972659	-2.1390320	0.7119007	-0.4138794	-2.2190077	0.8319137	-0.4269448	-2.2247103	0.4161422	-0.1105364	-2.2074726	0.2944901	-0.1109555	-2.2679432	0.3038592	-0.1111275	-2.2055040	0.4192385	-0.3796833	-2.1844920	0.2944609	-0.3816576	-2.2542107	0.3052343	-0.3841710	-2.2062475	0.9846764	-0.1442092	-2.1959241	0.9827996	-0.3197193	-2.2028217	1.1782677	0.0151300	-2.2181326	1.1834628	-0.4701341	-2.2334140	1.1671224	-0.0661250	-2.2465123	1.1778776	-0.3821507	-2.1399054	0.9295481	-0.0233950	-2.1507960	0.9402360	-0.4478249	-2.2223330	0.9217320	-0.0100211	-2.2250341	0.9284637	-0.4487999
39	0.6333333	-2.2020000	1.4467779	-0.2326600	-2.1849400	1.4442779	-0.0771600	-2.2181900	1.1657979	-0.0291500	-2.1884600	0.8952479	-0.0250200	-2.2023000	1.4495679	-0.3886800	-2.2268900	1.1744979	-0.4290000	-2.1900400	0.9304679	-0.4371800	-2.1663900	0.9780679	-0.2297000	-2.1657700	0.9768979	-0.1277200	-2.2162100	0.5377779	-0.1570300	-2.2399000	0.1314279	-0.1794500	-2.1598100	0.9796679	-0.3316700	-2.1929200	0.5308879	-0.3174500	-2.2343800	0.1247979	-0.3116800	-2.0380900	0.0947679	-0.3095100	-2.0564000	0.0952079	-0.3137700	-2.2752400	0.0863679	-0.3051100	-2.1051300	0.0718679	-0.1551500	-2.1140000	0.0740179	-0.1536000	-2.2620700	0.0994679	-0.1916800	-2.2888210	1.4964315	-0.2408639	-2.2187889	1.4940365	-0.0990660	-2.1970651	1.4909496	-0.3766365	-2.1206240	1.0415011	-0.0820456	-2.1029463	1.0393252	-0.3693161	-2.2783018	1.0828502	-0.1800186	-2.2705360	1.0799648	-0.2924697	-2.2082573	0.5383390	-0.0990855	-2.1914174	0.5444547	-0.3816416	-2.1994907	0.5469293	-0.2136978	-2.1885984	0.5446876	-0.2647156	-2.2499285	0.1293958	-0.1446247	-2.2299947	0.1266357	-0.3538824	-2.2269260	0.1396978	-0.2180360	-2.2087347	0.1331910	-0.2745348	-2.3082629	0.1050884	-0.1952395	-2.3005132	0.0919838	-0.3078136	-2.1226021	0.0848079	-0.1713810	-2.0801468	0.0872484	-0.3118554	-2.1659819	0.0808480	-0.1259738	-2.1238485	0.0808998	-0.3658112	-2.1167442	0.8172773	-0.0718285	-2.1558880	0.7073053	-0.0596936	-2.2323083	0.8269936	-0.0448761	-2.0988543	0.8198502	-0.3972069	-2.1376353	0.7119721	-0.4138865	-2.2175333	0.8320568	-0.4269051	-2.2232665	0.4161107	-0.1104850	-2.2060212	0.2944941	-0.1110036	-2.2664241	0.3038004	-0.1110927	-2.2041629	0.4192832	-0.3797341	-2.1830827	0.2945382	-0.3816537	-2.2528203	0.3052770	-0.3842008	-2.2046787	0.9848353	-0.1440126	-2.1943533	0.9829635	-0.3195813	-2.2013313	1.1781933	0.0152035	-2.2166076	1.1834895	-0.4699350	-2.2319732	1.1670563	-0.0660357	-2.2450431	1.1779617	-0.3819719	-2.1385443	0.9295332	-0.0232843	-2.1497695	0.9402111	-0.4477701	-2.2210223	0.9217076	-0.0100272	-2.2240712	0.9285177	-0.4485545
40	0.6500000	-2.2016800	1.4462979	-0.2322700	-2.1853200	1.4438879	-0.0767300	-2.2180100	1.1659779	-0.0293600	-2.1884500	0.8955679	-0.0249000	-2.2012300	1.4491079	-0.3883000	-2.2276500	1.1744979	-0.4286900	-2.1897300	0.9307779	-0.4370400	-2.1651600	0.9779979	-0.2296500	-2.1643900	0.9767979	-0.1278000	-2.2156400	0.5371979	-0.1569700	-2.2405500	0.1307579	-0.1793300	-2.1587400	0.9796079	-0.3314800	-2.1937900	0.5303179	-0.3174300	-2.2344700	0.1250779	-0.3114300	-2.0381000	0.0952879	-0.3099800	-2.0564000	0.0958179	-0.3141500	-2.2758900	0.0862379	-0.3046800	-2.1039400	0.0720779	-0.1548500	-2.1129600	0.0742279	-0.1533300	-2.2637600	0.0985179	-0.1918300	-2.2878421	1.4963622	-0.2408886	-2.2179180	1.4941021	-0.0990681	-2.1959465	1.4909516	-0.3765762	-2.1192931	1.0412273	-0.0819431	-2.1015911	1.0390691	-0.3692390	-2.2769276	1.0829301	-0.1799617	-2.2691550	1.0800336	-0.2924093	-2.2073078	0.5381336	-0.0989995	-2.1906667	0.5443299	-0.3818674	-2.1985825	0.5467742	-0.2136572	-2.1878801	0.5445264	-0.2649102	-2.2489153	0.1292545	-0.1447372	-2.2290386	0.1265433	-0.3539805	-2.2260032	0.1396033	-0.2181243	-2.2078241	0.1330913	-0.2746503	-2.3072605	0.1049460	-0.1952776	-2.2995899	0.0918217	-0.3079794	-2.1216922	0.0847495	-0.1716250	-2.0791534	0.0872399	-0.3118188	-2.1650129	0.0807400	-0.1261959	-2.1228148	0.0808618	-0.3658150	-2.1155722	0.8171347	-0.0717781	-2.1547986	0.7071434	-0.0596120	-2.2311412	0.8269117	-0.0447669	-2.0977553	0.8197505	-0.3972551	-2.1366704	0.7118625	-0.4140103	-2.2164452	0.8320451	-0.4269909	-2.2222753	0.4159206	-0.1105082	-2.2050142	0.2943451	-0.1111134	-2.2653749	0.3035936	-0.1111187	-2.2033465	0.4191750	-0.3799082	-2.1821862	0.2944629	-0.3817750	-2.2519555	0.3051565	-0.3843499	-2.2034600	0.9848342	-0.1439560	-2.1931156	0.9829653	-0.3195468	-2.2004888	1.1779332	0.0151714	-2.2156187	1.1833738	-0.4698160	-2.2311206	1.1668303	-0.0660614	-2.2441155	1.1779079	-0.3818434	-2.1377541	0.9293842	-0.0231991	-2.1492511	0.9400720	-0.4478223	-2.2203569	0.9215333	-0.0101440	-2.2236295	0.9284511	-0.4483275
41	0.6666667	-2.2013000	1.4457679	-0.2317700	-2.1856000	1.4432779	-0.0763100	-2.2165500	1.1662679	-0.0292800	-2.1879500	0.8964379	-0.0246600	-2.2001800	1.4486779	-0.3876900	-2.2285900	1.1740179	-0.4285000	-2.1892100	0.9307279	-0.4369400	-2.1649200	0.9782079	-0.2296300	-2.1627000	0.9770179	-0.1277200	-2.2134200	0.5371579	-0.1566300	-2.2437100	0.1293679	-0.1796500	-2.1599800	0.9797979	-0.3315600	-2.1939500	0.5299679	-0.3171500	-2.2359600	0.1249079	-0.3114000	-2.0341500	0.0964979	-0.3097600	-2.0528800	0.0968679	-0.3139300	-2.2801400	0.0849479	-0.3049700	-2.1017800	0.0725279	-0.1548200	-2.1113000	0.0747579	-0.1533300	-2.2676900	0.0967579	-0.1922300	-2.2878817	1.4965574	-0.2409558	-2.2180581	1.4944411	-0.0990973	-2.1958410	1.4912039	-0.3765552	-2.1189701	1.0412526	-0.0818595	-2.1012163	1.0391334	-0.3692194	-2.2765773	1.0833102	-0.1799343	-2.2687853	1.0804157	-0.2923941	-2.2073268	0.5381904	-0.0989100	-2.1909175	0.5444789	-0.3821112	-2.1986812	0.5468799	-0.2136493	-2.1881903	0.5446616	-0.2650837	-2.2489554	0.1293607	-0.1448198	-2.2291798	0.1266907	-0.3541120	-2.2261772	0.1397604	-0.2182299	-2.2080228	0.1332393	-0.2747662	-2.3073997	0.1050323	-0.1953024	-2.2998309	0.0918695	-0.3081700	-2.1217430	0.0849781	-0.1718773	-2.0791613	0.0875178	-0.3117742	-2.1650191	0.0809024	-0.1263945	-2.1228026	0.0810865	-0.3658393	-2.1153417	0.8172600	-0.0717516	-2.1546529	0.7072482	-0.0595337	-2.2309415	0.8270977	-0.0446317	-2.0976045	0.8199236	-0.3973315	-2.1366671	0.7120233	-0.4141686	-2.2163297	0.8323032	-0.4271399	-2.2222594	0.4159871	-0.1105096	-2.2049965	0.2944445	-0.1112120	-2.2653367	0.3036441	-0.1110917	-2.2035572	0.4193282	-0.3801050	-2.1823346	0.2946358	-0.3819195	-2.2521512	0.3052879	-0.3845404	-2.2032426	0.9851057	-0.1439162	-2.1928621	0.9832513	-0.3195567	-2.2005785	1.1778847	0.0151647	-2.2156152	1.1835106	-0.4697171	-2.2312031	1.1668197	-0.0660193	-2.2442102	1.1780920	-0.3817139	-2.1378206	0.9294650	-0.0230895	-2.1496542	0.9401622	-0.4478555	-2.2205749	0.9215796	-0.0102480	-2.2241062	0.9286263	-0.4480819
42	0.6833333	-2.2010500	1.4453979	-0.2313300	-2.1859300	1.4420679	-0.0760800	-2.2144300	1.1666579	-0.0288000	-2.1870000	0.8973679	-0.0243600	-2.1994000	1.4491579	-0.3869900	-2.2290300	1.1740379	-0.4284100	-2.1887300	0.9314879	-0.4368500	-2.1654000	0.9786579	-0.2295900	-2.1610200	0.9777579	-0.1274400	-2.2101700	0.5371979	-0.1560700	-2.2478400	0.1275979	-0.1802900	-2.1625800	0.9803379	-0.3318400	-2.1933900	0.5306879	-0.3166500	-2.2375100	0.1237079	-0.3114900	-2.0255400	0.0959979	-0.3084600	-2.0452900	0.0962779	-0.3128100	-2.2864000	0.0838679	-0.3059500	-2.0999600	0.0731479	-0.1550700	-2.1100800	0.0754279	-0.1536200	-2.2708100	0.0939979	-0.1925500	-2.2886001	1.4969897	-0.2410299	-2.2188461	1.4950193	-0.0990679	-2.1963930	1.4916444	-0.3765827	-2.1193681	1.0415193	-0.0816991	-2.1015683	1.0394721	-0.3692549	-2.2769687	1.0840051	-0.1798438	-2.2691579	1.0811269	-0.2923728	-2.2079186	0.5384702	-0.0987915	-2.1917393	0.5448600	-0.3822903	-2.1993898	0.5472212	-0.2136266	-2.1891113	0.5450550	-0.2651517	-2.2497170	0.1296392	-0.1448795	-2.2299894	0.1270127	-0.3542507	-2.2271402	0.1401073	-0.2183533	-2.2089243	0.1335714	-0.2748350	-2.3083955	0.1052927	-0.1953110	-2.3009000	0.0920593	-0.3083746	-2.1224358	0.0853868	-0.1721450	-2.0796471	0.0880056	-0.3116300	-2.1656834	0.0812306	-0.1265657	-2.1233064	0.0814981	-0.3658375	-2.1157439	0.8176311	-0.0717022	-2.1551095	0.7075872	-0.0594181	-2.2313937	0.8275059	-0.0444229	-2.0980629	0.8203745	-0.3973786	-2.1372524	0.7124376	-0.4142958	-2.2168641	0.8327916	-0.4273051	-2.2228272	0.4162555	-0.1104747	-2.2056028	0.2947236	-0.1113064	-2.2659262	0.3038892	-0.1109968	-2.2043538	0.4196872	-0.3802600	-2.1830831	0.2949960	-0.3820302	-2.2529770	0.3056163	-0.3847372	-2.2037468	0.9856193	-0.1438182	-2.1933327	0.9838002	-0.3195792	-2.2010691	1.1780044	0.0152421	-2.2162143	1.1838920	-0.4695805	-2.2317451	1.1669680	-0.0658409	-2.2449171	1.1784987	-0.3815702	-2.1382412	0.9297468	-0.0229834	-2.1505371	0.9404946	-0.4478202	-2.2211077	0.9218216	-0.0102956	-2.2250448	0.9290535	-0.4478126
43	0.7000000	-2.2010200	1.4454079	-0.2311000	-2.1860900	1.4420779	-0.0760600	-2.2131700	1.1670779	-0.0283100	-2.1862200	0.8976279	-0.0241400	-2.1992200	1.4491679	-0.3865500	-2.2289600	1.1737079	-0.4283800	-2.1886900	0.9316679	-0.4367500	-2.1658200	0.9791179	-0.2294600	-2.1601100	0.9783079	-0.1270700	-2.2076500	0.5379479	-0.1556500	-2.2508800	0.1270479	-0.1808600	-2.1643000	0.9807779	-0.3319900	-2.1927700	0.5309679	-0.3162400	-2.2378700	0.1229979	-0.3116800	-2.0186000	0.0972779	-0.3072500	-2.0391900	0.0974479	-0.3117800	-2.2898400	0.0819679	-0.3069200	-2.0995500	0.0732579	-0.1552100	-2.1099900	0.0755179	-0.1537900	-2.2723400	0.0937279	-0.1927600	-2.2892229	1.4974337	-0.2410329	-2.2195026	1.4956133	-0.0989146	-2.1968365	1.4920492	-0.3765971	-2.1196928	1.0417932	-0.0813756	-2.1018824	1.0398356	-0.3692910	-2.2773138	1.0847735	-0.1795956	-2.2694985	1.0819198	-0.2922620	-2.2082762	0.5387581	-0.0985941	-2.1923300	0.5452423	-0.3823191	-2.1998793	0.5475928	-0.2135281	-2.1898118	0.5454665	-0.2650563	-2.2504245	0.1299271	-0.1449057	-2.2305803	0.1273276	-0.3542766	-2.2280787	0.1404773	-0.2184578	-2.2096260	0.1339111	-0.2747762	-2.3094351	0.1055776	-0.1952917	-2.3018709	0.0922407	-0.3084792	-2.1230325	0.0857827	-0.1723750	-2.0797797	0.0884906	-0.3113159	-2.1662711	0.0815434	-0.1266698	-2.1234895	0.0819010	-0.3657153	-2.1160071	0.8180305	-0.0715512	-2.1553902	0.7079424	-0.0592034	-2.2317190	0.8279106	-0.0440871	-2.0983849	0.8208800	-0.3973302	-2.1376702	0.7128798	-0.4143101	-2.2172878	0.8332800	-0.4273874	-2.2231943	0.4165291	-0.1103730	-2.2060629	0.2949973	-0.1113581	-2.2663625	0.3041461	-0.1108277	-2.2049162	0.4200322	-0.3802684	-2.1835960	0.2953387	-0.3820023	-2.2535795	0.3059383	-0.3848142	-2.2041853	0.9861493	-0.1435840	-2.1937564	0.9843790	-0.3195461	-2.2012268	1.1781213	0.0154393	-2.2166576	1.1842340	-0.4693853	-2.2320114	1.1670804	-0.0655317	-2.2454400	1.1788559	-0.3813897	-2.1383409	0.9300246	-0.0228761	-2.1511522	0.9408132	-0.4476863	-2.2212416	0.9220586	-0.0102423	-2.2257051	0.9294557	-0.4475342
44	0.7166667	-2.2008100	1.4453879	-0.2310400	-2.1864100	1.4421179	-0.0760800	-2.2128500	1.1672279	-0.0280900	-2.1861600	0.8975179	-0.0240100	-2.1985400	1.4488279	-0.3863900	-2.2289600	1.1736179	-0.4283300	-2.1891900	0.9314779	-0.4366300	-2.1662100	0.9793579	-0.2291900	-2.1605300	0.9784779	-0.1266800	-2.2068400	0.5382979	-0.1555100	-2.2515400	0.1279179	-0.1811400	-2.1646500	0.9810779	-0.3318300	-2.1925600	0.5309579	-0.3160300	-2.2365000	0.1230979	-0.3118400	-2.0159700	0.0978079	-0.3068500	-2.0367700	0.0977379	-0.3114700	-2.2889800	0.0818679	-0.3074400	-2.1009200	0.0733779	-0.1550700	-2.1113100	0.0757179	-0.1537000	-2.2717200	0.0948379	-0.1928900	-2.2897640	1.4976275	-0.2409255	-2.2200955	1.4959593	-0.0986337	-2.1971734	1.4921750	-0.3765077	-2.1199714	1.0418174	-0.0808811	-2.1021922	1.0399575	-0.3692235	-2.2776071	1.0853321	-0.1791641	-2.2698065	1.0825022	-0.2919982	-2.2084998	0.5388262	-0.0983036	-2.1927233	0.5453996	-0.3821840	-2.2002059	0.5477573	-0.2133108	-2.1903089	0.5456448	-0.2648226	-2.2510822	0.1300177	-0.1448761	-2.2308864	0.1274465	-0.3541398	-2.2289448	0.1406561	-0.2184842	-2.2100507	0.1340586	-0.2745740	-2.3104290	0.1056899	-0.1952294	-2.3025843	0.0922464	-0.3084415	-2.1236007	0.0859398	-0.1724882	-2.0796074	0.0887556	-0.3108337	-2.1668479	0.0816287	-0.1266672	-2.1233718	0.0820945	-0.3654351	-2.1162228	0.8182244	-0.0712544	-2.1555983	0.7080841	-0.0588659	-2.2319910	0.8280894	-0.0436380	-2.0986414	0.8212097	-0.3971306	-2.1379773	0.7131263	-0.4141631	-2.2176385	0.8335496	-0.4273079	-2.2234534	0.4165849	-0.1101947	-2.2064498	0.2950572	-0.1113332	-2.2667075	0.3041963	-0.1106033	-2.2052541	0.4201530	-0.3801088	-2.1838657	0.2954674	-0.3818055	-2.2539293	0.3060499	-0.3847254	-2.2045792	0.9864636	-0.1431916	-2.1941618	0.9847502	-0.3193805	-2.2012372	1.1780421	0.0157362	-2.2169676	1.1843230	-0.4690983	-2.2321400	1.1669860	-0.0651292	-2.2458339	1.1789637	-0.3811156	-2.1383267	0.9300857	-0.0227040	-2.1516408	0.9408926	-0.4474152	-2.2212229	0.9220853	-0.0100629	-2.2262247	0.9296179	-0.4472148
45	0.7333333	-2.2000800	1.4450979	-0.2309700	-2.1869100	1.4418379	-0.0760200	-2.2128700	1.1667179	-0.0280000	-2.1867600	0.8972979	-0.0238900	-2.1965600	1.4485079	-0.3862500	-2.2295900	1.1736679	-0.4282300	-2.1900800	0.9310979	-0.4365000	-2.1669100	0.9795579	-0.2288000	-2.1619000	0.9785479	-0.1262800	-2.2079400	0.5381079	-0.1554700	-2.2502400	0.1291879	-0.1812000	-2.1646700	0.9812479	-0.3314300	-2.1926700	0.5308979	-0.3159200	-2.2346000	0.1227879	-0.3117900	-2.0160900	0.0971979	-0.3069400	-2.0368700	0.0972579	-0.3115600	-2.2860600	0.0819479	-0.3075600	-2.1030200	0.0736179	-0.1549200	-2.1131200	0.0761979	-0.1535800	-2.2695000	0.0963679	-0.1929400	-2.2904821	1.4977621	-0.2407317	-2.2209342	1.4962383	-0.0982658	-2.1976537	1.4922203	-0.3762928	-2.1205415	1.0417536	-0.0802662	-2.1028051	1.0399958	-0.3690207	-2.2781674	1.0858351	-0.1786044	-2.2703899	1.0830278	-0.2916036	-2.2090025	0.5388516	-0.0979534	-2.1932941	0.5455188	-0.3819370	-2.2007603	0.5478812	-0.2129927	-2.1909677	0.5457675	-0.2645123	-2.2519551	0.1300717	-0.1447907	-2.2312397	0.1275522	-0.3538759	-2.2299785	0.1407983	-0.2184152	-2.2105138	0.1341879	-0.2742607	-2.3115673	0.1057781	-0.1951167	-2.3033048	0.0922621	-0.3082819	-2.1244506	0.0860372	-0.1724833	-2.0795211	0.0889720	-0.3102407	-2.1677099	0.0816645	-0.1265769	-2.1233291	0.0822572	-0.3650342	-2.1167853	0.8183921	-0.0708404	-2.1561386	0.7081918	-0.0584443	-2.2325909	0.8282286	-0.0431385	-2.0991961	0.8215360	-0.3968029	-2.1385395	0.7133584	-0.4138859	-2.2182636	0.8337906	-0.4270829	-2.2239843	0.4165991	-0.1099634	-2.2071038	0.2950832	-0.1112375	-2.2672998	0.3042009	-0.1103556	-2.2057329	0.4202431	-0.3798392	-2.1842455	0.2955725	-0.3814926	-2.2543788	0.3061391	-0.3845127	-2.2052746	0.9867424	-0.1426883	-2.1948783	0.9850917	-0.3190868	-2.2014963	1.1779150	0.0160788	-2.2174356	1.1843593	-0.4687725	-2.2324869	1.1668561	-0.0646833	-2.2464337	1.1790196	-0.3807667	-2.1386104	0.9300691	-0.0224468	-2.1523817	0.9408956	-0.4470541	-2.2215005	0.9220413	-0.0097894	-2.2270026	0.9297255	-0.4469041
46	0.7500000	-2.1992500	1.4450479	-0.2308500	-2.1872200	1.4416479	-0.0758700	-2.2136300	1.1658479	-0.0279100	-2.1875200	0.8969879	-0.0237700	-2.1946000	1.4483979	-0.3861100	-2.2307000	1.1741179	-0.4281500	-2.1906200	0.9304779	-0.4363600	-2.1675900	0.9789979	-0.2284500	-2.1633400	0.9779279	-0.1260500	-2.2102600	0.5375379	-0.1555000	-2.2482100	0.1296979	-0.1811700	-2.1646000	0.9808479	-0.3309400	-2.1930600	0.5309779	-0.3158800	-2.2337500	0.1222179	-0.3114900	-2.0180500	0.0958679	-0.3072900	-2.0385800	0.0958079	-0.3118500	-2.2834100	0.0815679	-0.3072200	-2.1042500	0.0740179	-0.1547900	-2.1140400	0.0766279	-0.1534500	-2.2675500	0.0970179	-0.1930700	-2.2910457	1.4971528	-0.2405890	-2.2216967	1.4957518	-0.0979480	-2.1979424	1.4915157	-0.3760797	-2.1210854	1.0409090	-0.0796913	-2.1033647	1.0392416	-0.3688316	-2.2786937	1.0855648	-0.1781065	-2.2709307	1.0827749	-0.2912627	-2.2095049	0.5381240	-0.0976755	-2.1938094	0.5448787	-0.3817379	-2.2012553	0.5472512	-0.2127176	-2.1915463	0.5451198	-0.2642692	-2.2527006	0.1293822	-0.1447840	-2.2314337	0.1269258	-0.3536384	-2.2308290	0.1401914	-0.2183817	-2.2107907	0.1335803	-0.2739871	-2.3124838	0.1051251	-0.1950843	-2.3038005	0.0915669	-0.3081347	-2.1252416	0.0853807	-0.1725013	-2.0793243	0.0884286	-0.3097296	-2.1685100	0.0809552	-0.1265467	-2.1231722	0.0816713	-0.3646897	-2.1173894	0.8178193	-0.0704500	-2.1567167	0.7075524	-0.0580778	-2.2332218	0.8276126	-0.0427381	-2.0997460	0.8211038	-0.3965247	-2.1390819	0.7128346	-0.4136526	-2.2188698	0.8332791	-0.4268847	-2.2244936	0.4158673	-0.1098142	-2.2077116	0.2943705	-0.1112015	-2.2678313	0.3034548	-0.1102231	-2.2061343	0.4195878	-0.3796186	-2.1845205	0.2949391	-0.3812299	-2.2547191	0.3054857	-0.3843260	-2.2059571	0.9862667	-0.1422414	-2.1955690	0.9846737	-0.3188292	-2.2017695	1.1771024	0.0163110	-2.2178022	1.1837034	-0.4685640	-2.2328029	1.1660504	-0.0643524	-2.2469640	1.1783800	-0.3805169	-2.1389595	0.9293457	-0.0222694	-2.1530332	0.9402113	-0.4467495	-2.2218071	0.9212898	-0.0095960	-2.2277270	0.9291350	-0.4467362
47	0.7666667	-2.1992100	1.4448279	-0.2307600	-2.1869600	1.4411679	-0.0756600	-2.2157300	1.1654379	-0.0277900	-2.1879600	0.8969079	-0.0236600	-2.1947600	1.4484179	-0.3861500	-2.2316900	1.1742179	-0.4280700	-2.1898200	0.9300179	-0.4361100	-2.1675200	0.9776879	-0.2282400	-2.1641300	0.9765379	-0.1261800	-2.2125100	0.5366379	-0.1556700	-2.2464200	0.1299479	-0.1810000	-2.1637300	0.9795079	-0.3303500	-2.1938800	0.5304779	-0.3159900	-2.2340800	0.1216679	-0.3110800	-2.0228600	0.0940979	-0.3080400	-2.0429000	0.0943579	-0.3124700	-2.2809400	0.0818579	-0.3063100	-2.1042100	0.0749079	-0.1544800	-2.1138900	0.0775779	-0.1531300	-2.2674900	0.0965079	-0.1934300	-2.2908367	1.4958108	-0.2405508	-2.2217330	1.4945095	-0.0977736	-2.1974619	1.4901155	-0.3759245	-2.1208966	1.0393381	-0.0792736	-2.1031533	1.0377299	-0.3687459	-2.2784850	1.0844924	-0.1777933	-2.2707205	1.0817098	-0.2910846	-2.2093337	0.5366681	-0.0975318	-2.1936800	0.5434886	-0.3816706	-2.2010396	0.5458846	-0.2125729	-2.1914533	0.5437165	-0.2641792	-2.2526873	0.1279979	-0.1449064	-2.2309523	0.1255937	-0.3535192	-2.2308665	0.1388744	-0.2184471	-2.2103640	0.1322640	-0.2738663	-2.3125616	0.1037623	-0.1951817	-2.3035286	0.0902023	-0.3080907	-2.1252972	0.0840382	-0.1726046	-2.0785530	0.0871373	-0.3094390	-2.1685741	0.0795676	-0.1266334	-2.1224314	0.0803534	-0.3645131	-2.1173006	0.8165051	-0.0701760	-2.1566165	0.7061750	-0.0578447	-2.2331626	0.8262569	-0.0425050	-2.0996150	0.8198727	-0.3963935	-2.1389614	0.7115347	-0.4135552	-2.2187714	0.8320152	-0.4268008	-2.2243270	0.4144238	-0.1098058	-2.2076208	0.2929544	-0.1112788	-2.2676642	0.3020043	-0.1102532	-2.2058957	0.4182063	-0.3795248	-2.1841545	0.2935891	-0.3811024	-2.2543982	0.3041115	-0.3842405	-2.2059011	0.9850382	-0.1419568	-2.1955005	0.9834838	-0.3187048	-2.2015950	1.1757252	0.0164063	-2.2175313	1.1824050	-0.4685243	-2.2326328	1.1646788	-0.0642170	-2.2468185	1.1771029	-0.3804354	-2.1388058	0.9280866	-0.0222373	-2.1528462	0.9389982	-0.4465808	-2.2215946	0.9199803	-0.0095672	-2.2276506	0.9279189	-0.4466811
48	0.7833333	-2.1996200	1.4447179	-0.2306800	-2.1855000	1.4417779	-0.0754800	-2.2181600	1.1663379	-0.0276900	-2.1877700	0.8965879	-0.0235000	-2.1969500	1.4480679	-0.3862700	-2.2317000	1.1740279	-0.4278000	-2.1877300	0.9287679	-0.4356800	-2.1665600	0.9756479	-0.2280600	-2.1638700	0.9743979	-0.1264400	-2.2137100	0.5361879	-0.1558700	-2.2451200	0.1297779	-0.1806500	-2.1621100	0.9777379	-0.3297200	-2.1951300	0.5288479	-0.3163700	-2.2351200	0.1219979	-0.3107600	-2.0297800	0.0938479	-0.3090300	-2.0491100	0.0940779	-0.3133200	-2.2782200	0.0821379	-0.3051300	-2.1040300	0.0749379	-0.1543200	-2.1136000	0.0773279	-0.1529100	-2.2690500	0.0969079	-0.1938200	-2.2898465	1.4937976	-0.2405058	-2.2209767	1.4925900	-0.0976740	-2.1962598	1.4881105	-0.3757303	-2.1198491	1.0370933	-0.0789313	-2.1020686	1.0355130	-0.3686438	-2.2774078	1.0825930	-0.1775651	-2.2696340	1.0798106	-0.2909522	-2.2083869	0.5345317	-0.0973975	-2.1928705	0.5413874	-0.3816406	-2.2000509	0.5438247	-0.2124446	-2.1906635	0.5415969	-0.2641541	-2.2518778	0.1259907	-0.1450094	-2.2298484	0.1236004	-0.3534089	-2.2300743	0.1369160	-0.2184801	-2.2092973	0.1302822	-0.2737994	-2.3117862	0.1017579	-0.1952537	-2.3025234	0.0882084	-0.3080447	-2.1245497	0.0820889	-0.1726808	-2.0773100	0.0851581	-0.3092716	-2.1678291	0.0775850	-0.1267086	-2.1211964	0.0783598	-0.3643920	-2.1163655	0.8144542	-0.0699341	-2.1556935	0.7040826	-0.0576419	-2.2322468	0.8241859	-0.0423116	-2.0987016	0.8178378	-0.3962920	-2.1380960	0.7094700	-0.4134844	-2.2178530	0.8300183	-0.4267182	-2.2234023	0.4123245	-0.1098006	-2.2067600	0.2908948	-0.1113321	-2.2667358	0.2999182	-0.1102907	-2.2050056	0.4161396	-0.3794537	-2.1831663	0.2915640	-0.3810003	-2.2534219	0.3020577	-0.3841511	-2.2049559	0.9830612	-0.1417265	-2.1945356	0.9815250	-0.3185960	-2.2009386	1.1739680	0.0165207	-2.2165759	1.1805062	-0.4684961	-2.2319788	1.1628964	-0.0641150	-2.2459342	1.1752206	-0.3803901	-2.1381007	0.9264135	-0.0222504	-2.1516543	0.9372936	-0.4463436	-2.2208028	0.9182473	-0.0095427	-2.2265716	0.9260780	-0.4465285
49	0.8000000	-2.1995900	1.4451879	-0.2305000	-2.1836600	1.4420679	-0.0753500	-2.2192200	1.1683479	-0.0276100	-2.1871900	0.8969679	-0.0232000	-2.1988300	1.4485479	-0.3861300	-2.2307100	1.1741479	-0.4273400	-2.1856700	0.9287779	-0.4351700	-2.1656800	0.9750579	-0.2277900	-2.1629700	0.9739679	-0.1263600	-2.2134600	0.5360979	-0.1559900	-2.2444700	0.1296579	-0.1803100	-2.1613000	0.9769179	-0.3292600	-2.1965200	0.5276579	-0.3168100	-2.2361000	0.1226979	-0.3106700	-2.0338400	0.0934279	-0.3096200	-2.0529200	0.0940079	-0.3138600	-2.2769500	0.0832479	-0.3043900	-2.1046900	0.0743979	-0.1547400	-2.1142100	0.0768779	-0.1532600	-2.2700300	0.0967479	-0.1939200	-2.2890123	1.4932820	-0.2403512	-2.2203359	1.4921756	-0.0975547	-2.1953026	1.4876501	-0.3754033	-2.1188919	1.0363232	-0.0785778	-2.1011136	1.0347713	-0.3683818	-2.2763911	1.0820432	-0.1772880	-2.2686220	1.0792628	-0.2907097	-2.2076229	0.5338737	-0.0971771	-2.1923211	0.5407585	-0.3815628	-2.1992830	0.5432233	-0.2122207	-2.1901463	0.5409374	-0.2641022	-2.2512223	0.1254585	-0.1449503	-2.2290667	0.1230644	-0.3532617	-2.2294491	0.1364188	-0.2183583	-2.2085646	0.1297449	-0.2737014	-2.3111375	0.1012198	-0.1951448	-2.3017640	0.0876686	-0.3079570	-2.1239506	0.0816251	-0.1726442	-2.0765019	0.0846370	-0.3090960	-2.1672109	0.0770949	-0.1266695	-2.1203632	0.0778304	-0.3642283	-2.1155302	0.8138242	-0.0696563	-2.1548895	0.7034372	-0.0573873	-2.2313947	0.8235737	-0.0420531	-2.0979453	0.8172082	-0.3960813	-2.1374154	0.7088406	-0.4133243	-2.2170582	0.8294786	-0.4265277	-2.2226610	0.4117035	-0.1096780	-2.2060663	0.2903154	-0.1112543	-2.2659836	0.2993141	-0.1101900	-2.2043894	0.4155518	-0.3793425	-2.1824763	0.2910140	-0.3808532	-2.2527275	0.3014724	-0.3840232	-2.2040684	0.9825095	-0.1414370	-2.1936532	0.9809890	-0.3183640	-2.2006042	1.1738870	0.0167980	-2.2157565	1.1801419	-0.4683123	-2.2316659	1.1627763	-0.0638841	-2.2451690	1.1748543	-0.3801928	-2.1376273	0.9263500	-0.0221294	-2.1503848	0.9371373	-0.4458977	-2.2202874	0.9181313	-0.0093382	-2.2253688	0.9257226	-0.4461433
50	0.8166667	-2.1994500	1.4455679	-0.2302100	-2.1827700	1.4424779	-0.0751800	-2.2191900	1.1698479	-0.0274800	-2.1871600	0.8970179	-0.0228100	-2.1995000	1.4488179	-0.3857400	-2.2300200	1.1738779	-0.4269600	-2.1850800	0.9285079	-0.4348000	-2.1662300	0.9750179	-0.2274900	-2.1629400	0.9739779	-0.1259000	-2.2126200	0.5364379	-0.1560600	-2.2436400	0.1296879	-0.1802400	-2.1624200	0.9767779	-0.3291300	-2.1977500	0.5271179	-0.3169200	-2.2364600	0.1232679	-0.3105800	-2.0330400	0.0945979	-0.3093800	-2.0522400	0.0949679	-0.3136700	-2.2775700	0.0836279	-0.3041600	-2.1042700	0.0739879	-0.1555000	-2.1137100	0.0762879	-0.1539500	-2.2697700	0.0964879	-0.1938200	-2.2895414	1.4933825	-0.2401584	-2.2210014	1.4923632	-0.0974197	-2.1957672	1.4877920	-0.3750554	-2.1193506	1.0361235	-0.0782038	-2.1016179	1.0346144	-0.3680830	-2.2768037	1.0820554	-0.1769733	-2.2690554	1.0792875	-0.2904237	-2.2082362	0.5337702	-0.0969145	-2.1932442	0.5406864	-0.3815035	-2.1999248	0.5431735	-0.2119644	-2.1910986	0.5408424	-0.2640414	-2.2518523	0.1254616	-0.1448343	-2.2297586	0.1230834	-0.3531194	-2.2301474	0.1364602	-0.2181956	-2.2093046	0.1297592	-0.2735839	-2.3117876	0.1012228	-0.1949576	-2.3024699	0.0876440	-0.3078545	-2.1246332	0.0817103	-0.1726189	-2.0771646	0.0847358	-0.3089093	-2.1678529	0.0771471	-0.1266250	-2.1209968	0.0779026	-0.3640560	-2.1160812	0.8137420	-0.0693703	-2.1554615	0.7033435	-0.0571086	-2.2319217	0.8235059	-0.0417495	-2.0986139	0.8171313	-0.3958664	-2.1381772	0.7087634	-0.4131750	-2.2177180	0.8294890	-0.4263426	-2.2232628	0.4116296	-0.1095030	-2.2066853	0.2902815	-0.1111378	-2.2665488	0.2992495	-0.1100231	-2.2052378	0.4155218	-0.3792456	-2.1832480	0.2910252	-0.3807162	-2.2535069	0.3014390	-0.3839115	-2.2045968	0.9824981	-0.1411162	-2.1942124	0.9810037	-0.3180982	-2.2015739	1.1744374	0.0171492	-2.2161898	1.1803530	-0.4680736	-2.2326948	1.1632726	-0.0635554	-2.2456841	1.1750247	-0.3799417	-2.1384731	0.9268082	-0.0219578	-2.1503091	0.9374569	-0.4453348	-2.2211016	0.9185627	-0.0090049	-2.2253032	0.9258632	-0.4457169
51	0.8333333	-2.1997900	1.4456579	-0.2298600	-2.1837300	1.4424979	-0.0747800	-2.2195000	1.1700679	-0.0272800	-2.1877500	0.8966579	-0.0224200	-2.1991700	1.4490679	-0.3854100	-2.2304200	1.1737279	-0.4267500	-2.1857100	0.9281279	-0.4345500	-2.1678700	0.9745179	-0.2272400	-2.1643700	0.9735079	-0.1254000	-2.2130400	0.5366379	-0.1560400	-2.2413900	0.1288379	-0.1805000	-2.1642100	0.9763179	-0.3291500	-2.1993100	0.5269479	-0.3165900	-2.2360000	0.1234879	-0.3101900	-2.0301800	0.0965379	-0.3088400	-2.0495700	0.0968679	-0.3131700	-2.2785500	0.0831479	-0.3038300	-2.1005500	0.0745579	-0.1561800	-2.1100600	0.0767479	-0.1545900	-2.2685600	0.0949979	-0.1938200	-2.2910014	1.4930662	-0.2399870	-2.2225733	1.4920891	-0.0972872	-2.1971686	1.4874757	-0.3747521	-2.1208793	1.0354917	-0.0778194	-2.1032076	1.0340238	-0.3678876	-2.2783341	1.0817058	-0.1766737	-2.2706139	1.0789511	-0.2902006	-2.2097852	0.5332039	-0.0966691	-2.1952136	0.5401472	-0.3814988	-2.2015047	0.5426706	-0.2117578	-2.1930580	0.5403034	-0.2639893	-2.2532135	0.1249958	-0.1447779	-2.2313901	0.1226786	-0.3529766	-2.2315938	0.1360468	-0.2181042	-2.2109618	0.1293655	-0.2734598	-2.3131978	0.1007592	-0.1948263	-2.3041348	0.0871475	-0.3077303	-2.1260128	0.0813491	-0.1726813	-2.0787040	0.0845170	-0.3087322	-2.1691907	0.0767353	-0.1266546	-2.1225296	0.0776187	-0.3638977	-2.1176429	0.8132323	-0.0690977	-2.1570204	0.7028078	-0.0568372	-2.2334975	0.8229720	-0.0414442	-2.1003381	0.8166165	-0.3957653	-2.1400057	0.7082291	-0.4131281	-2.2195013	0.8290252	-0.4262559	-2.2247348	0.4110882	-0.1093638	-2.2081095	0.2897854	-0.1110756	-2.2679304	0.2987044	-0.1098982	-2.2070980	0.4150328	-0.3791722	-2.1850011	0.2905976	-0.3806004	-2.2552805	0.3009507	-0.3838056	-2.2062186	0.9820373	-0.1408187	-2.1958769	0.9805719	-0.3179074	-2.2034160	1.1745432	0.0174613	-2.2174950	1.1801574	-0.4679010	-2.2346032	1.1633215	-0.0632512	-2.2470884	1.1747619	-0.3797637	-2.1402002	0.9267722	-0.0218335	-2.1510997	0.9372848	-0.4447961	-2.2227716	0.9185062	-0.0086616	-2.2260824	0.9255436	-0.4454165
52	0.8500000	-2.2003000	1.4461779	-0.2295800	-2.1854900	1.4426479	-0.0743200	-2.2201800	1.1698179	-0.0270700	-2.1882700	0.8956479	-0.0220100	-2.1983700	1.4499479	-0.3852600	-2.2315700	1.1741779	-0.4265200	-2.1862300	0.9275779	-0.4342600	-2.1690700	0.9738279	-0.2269700	-2.1662000	0.9727379	-0.1250500	-2.2152000	0.5359979	-0.1558600	-2.2386100	0.1277679	-0.1809300	-2.1647800	0.9758379	-0.3289500	-2.2013300	0.5267379	-0.3161100	-2.2346200	0.1235979	-0.3095900	-2.0285000	0.0960379	-0.3088600	-2.0478000	0.0965879	-0.3131500	-2.2780200	0.0834779	-0.3031300	-2.0948700	0.0757279	-0.1567400	-2.1045800	0.0777179	-0.1551300	-2.2674500	0.0924579	-0.1940200	-2.2918987	1.4925740	-0.2397534	-2.2236022	1.4915928	-0.0970687	-2.1979817	1.4869733	-0.3743999	-2.1219390	1.0346943	-0.0773865	-2.1043445	1.0332454	-0.3677037	-2.2794229	1.0812537	-0.1763367	-2.2717387	1.0784979	-0.2899673	-2.2108270	0.5324521	-0.0963941	-2.1967461	0.5394141	-0.3814297	-2.2025693	0.5419836	-0.2115414	-2.1945310	0.5395841	-0.2638629	-2.2538032	0.1243275	-0.1447126	-2.2324184	0.1221185	-0.3527672	-2.2322627	0.1354437	-0.2180165	-2.2119929	0.1288306	-0.2732810	-2.3138538	0.1000812	-0.1946894	-2.3052022	0.0864734	-0.3075291	-2.1265651	0.0808144	-0.1727459	-2.0795952	0.0841893	-0.3085203	-2.1697089	0.0761302	-0.1266752	-2.1234349	0.0772038	-0.3637016	-2.1187218	0.8125599	-0.0687794	-2.1580940	0.7020999	-0.0565219	-2.2346268	0.8222607	-0.0410960	-2.1016388	0.8159196	-0.3956794	-2.1414208	0.7075033	-0.4130701	-2.2208959	0.8283613	-0.4261411	-2.2256241	0.4103549	-0.1092032	-2.2088613	0.2891037	-0.1109964	-2.2686658	0.2979459	-0.1097598	-2.2084697	0.4143617	-0.3790244	-2.1862230	0.2900049	-0.3804224	-2.2565285	0.3002809	-0.3836133	-2.2074007	0.9814041	-0.1404909	-2.1971138	0.9799575	-0.3177027	-2.2047260	1.1744686	0.0177927	-2.2182975	1.1798518	-0.4677684	-2.2359543	1.1631884	-0.0629506	-2.2479853	1.1743805	-0.3796224	-2.1413901	0.9265356	-0.0216884	-2.1513669	0.9369516	-0.4442745	-2.2238624	0.9182427	-0.0082598	-2.2263678	0.9250586	-0.4452077
53	0.8666667	-2.2009000	1.4459279	-0.2294400	-2.1867700	1.4422879	-0.0741300	-2.2204100	1.1693479	-0.0268900	-2.1884100	0.8958179	-0.0215900	-2.1981800	1.4502179	-0.3851300	-2.2331200	1.1746979	-0.4262300	-2.1860800	0.9274079	-0.4339000	-2.1693300	0.9735679	-0.2266400	-2.1674700	0.9724179	-0.1248200	-2.2177600	0.5352079	-0.1556500	-2.2369300	0.1268279	-0.1812900	-2.1640200	0.9756679	-0.3284900	-2.2028700	0.5266379	-0.3158400	-2.2325800	0.1239479	-0.3091200	-2.0293200	0.0963279	-0.3094000	-2.0483000	0.0968779	-0.3136100	-2.2753700	0.0836279	-0.3023600	-2.0908400	0.0762079	-0.1571500	-2.1007900	0.0781179	-0.1555300	-2.2672200	0.0911079	-0.1943200	-2.2918431	1.4924873	-0.2394344	-2.2237052	1.4914911	-0.0967643	-2.1978278	1.4869020	-0.3739719	-2.1220379	1.0343365	-0.0769217	-2.1045354	1.0328863	-0.3674402	-2.2795382	1.0812308	-0.1759446	-2.2718961	1.0784587	-0.2896619	-2.2110156	0.5321391	-0.0960758	-2.1973995	0.5391212	-0.3812576	-2.2027813	0.5417262	-0.2112918	-2.1950933	0.5393016	-0.2636668	-2.2532841	0.1240780	-0.1446002	-2.2323991	0.1220155	-0.3524854	-2.2318072	0.1352646	-0.2179063	-2.2119686	0.1287568	-0.2730549	-2.3133918	0.0997875	-0.1945153	-2.3051791	0.0862517	-0.3072628	-2.1259435	0.0807543	-0.1727853	-2.0794780	0.0843263	-0.3082615	-2.1690592	0.0759756	-0.1266578	-2.1233205	0.0772476	-0.3634420	-2.1188712	0.8123034	-0.0684072	-2.1582701	0.7018188	-0.0561575	-2.2348455	0.8219990	-0.0406961	-2.1020633	0.8156402	-0.3955238	-2.1419655	0.7072027	-0.4129232	-2.2213919	0.8281272	-0.4259113	-2.2255924	0.4100588	-0.1089873	-2.2085980	0.2888684	-0.1108596	-2.2684247	0.2975948	-0.1095727	-2.2089091	0.4141406	-0.3787820	-2.1864734	0.2898721	-0.3801632	-2.2567960	0.3000581	-0.3833212	-2.2076359	0.9812051	-0.1401157	-2.1974143	0.9797665	-0.3174195	-2.2051504	1.1747752	0.0181930	-2.2183036	1.1799950	-0.4676063	-2.2364041	1.1634466	-0.0626329	-2.2480362	1.1744603	-0.3794217	-2.1416084	0.9267410	-0.0214451	-2.1508178	0.9370906	-0.4437767	-2.2240123	0.9183959	-0.0077868	-2.2258536	0.9250125	-0.4449507
54	0.8833333	-2.2012400	1.4461779	-0.2293800	-2.1869500	1.4426279	-0.0742200	-2.2198000	1.1700279	-0.0267400	-2.1881400	0.8958979	-0.0212100	-2.1987200	1.4503679	-0.3849300	-2.2346500	1.1747979	-0.4259700	-2.1859800	0.9274179	-0.4335300	-2.1692700	0.9738079	-0.2263700	-2.1685100	0.9725879	-0.1246100	-2.2195200	0.5343579	-0.1554400	-2.2363300	0.1262979	-0.1814800	-2.1628500	0.9759879	-0.3281200	-2.2031700	0.5266379	-0.3158500	-2.2312300	0.1244579	-0.3089100	-2.0305600	0.0957279	-0.3099100	-2.0493400	0.0963379	-0.3140700	-2.2732700	0.0840379	-0.3019200	-2.0898000	0.0764979	-0.1573000	-2.0998400	0.0783379	-0.1556700	-2.2666000	0.0902379	-0.1945900	-2.2915276	1.4928877	-0.2391887	-2.2235559	1.4918950	-0.0965260	-2.1974006	1.4873438	-0.3736322	-2.1218066	1.0344813	-0.0765608	-2.1044032	1.0330252	-0.3671961	-2.2793022	1.0816751	-0.1756311	-2.2717049	1.0788817	-0.2894022	-2.2110227	0.5323285	-0.0958454	-2.1977944	0.5393408	-0.3811376	-2.2028136	0.5419595	-0.2111215	-2.1953886	0.5395199	-0.2635572	-2.2523937	0.1243030	-0.1445648	-2.2320320	0.1224026	-0.3523007	-2.2309771	0.1355598	-0.2178877	-2.2115950	0.1291635	-0.2729341	-2.3125318	0.0999341	-0.1944217	-2.3047623	0.0865218	-0.3071030	-2.1249302	0.0812223	-0.1729277	-2.0790668	0.0849265	-0.3080988	-2.1680106	0.0763297	-0.1267409	-2.1228933	0.0777641	-0.3632677	-2.1187441	0.8125107	-0.0681203	-2.1582061	0.7020200	-0.0558835	-2.2347847	0.8222497	-0.0403871	-2.1022217	0.8158466	-0.3954118	-2.1422456	0.7074018	-0.4128156	-2.2215860	0.8284025	-0.4256983	-2.2253262	0.4102627	-0.1088430	-2.2080355	0.2891375	-0.1107931	-2.2679056	0.2977167	-0.1094623	-2.2090582	0.4144317	-0.3786133	-2.1864121	0.2902462	-0.3799901	-2.2567507	0.3003375	-0.3831072	-2.2075450	0.9815001	-0.1398208	-2.1973927	0.9800669	-0.3171742	-2.2051809	1.1755371	0.0185552	-2.2182100	1.1806167	-0.4675083	-2.2364949	1.1641514	-0.0623463	-2.2479618	1.1750163	-0.3792621	-2.1414466	0.9274032	-0.0212550	-2.1501792	0.9376911	-0.4433708	-2.2237744	0.9190075	-0.0073501	-2.2252488	0.9254147	-0.4447101
55	0.9000000	-2.2011000	1.4463879	-0.2292100	-2.1866700	1.4427879	-0.0742700	-2.2185600	1.1703779	-0.0265100	-2.1872300	0.8956479	-0.0208700	-2.1988100	1.4505679	-0.3845400	-2.2351000	1.1750279	-0.4256800	-2.1864000	0.9273079	-0.4332600	-2.1696100	0.9742179	-0.2262600	-2.1698500	0.9728879	-0.1243700	-2.2199000	0.5342579	-0.1550200	-2.2363100	0.1265679	-0.1816200	-2.1621700	0.9764979	-0.3281100	-2.2021800	0.5270079	-0.3158600	-2.2326200	0.1246279	-0.3090300	-2.0321800	0.0955379	-0.3104500	-2.0508100	0.0961879	-0.3145500	-2.2752100	0.0841679	-0.3020600	-2.0902100	0.0769179	-0.1572300	-2.1002500	0.0787579	-0.1556100	-2.2652500	0.0909779	-0.1947500	-2.2916434	1.4934730	-0.2391233	-2.2238256	1.4924989	-0.0964612	-2.1974034	1.4879705	-0.3734823	-2.1219956	1.0348128	-0.0763549	-2.1046528	1.0333552	-0.3671022	-2.2794776	1.0822661	-0.1754992	-2.2719096	1.0794606	-0.2893213	-2.2114270	0.5326798	-0.0957799	-2.1986144	0.5397328	-0.3811965	-2.2032499	0.5423543	-0.2111082	-2.1961074	0.5399118	-0.2636275	-2.2518587	0.1247122	-0.1446827	-2.2321821	0.1229487	-0.3523088	-2.2305194	0.1360368	-0.2180128	-2.2117305	0.1297207	-0.2730068	-2.3120186	0.1002391	-0.1944689	-2.3048558	0.0869690	-0.3071358	-2.1242872	0.0819225	-0.1732337	-2.0791894	0.0856345	-0.3081348	-2.1673191	0.0769044	-0.1269935	-2.1230012	0.0784066	-0.3632841	-2.1190201	0.8128729	-0.0680077	-2.1585424	0.7023786	-0.0557843	-2.2351241	0.8226606	-0.0402499	-2.1027857	0.8162078	-0.3954758	-2.1429389	0.7077650	-0.4128849	-2.2221766	0.8288509	-0.4256526	-2.2254402	0.4106425	-0.1088600	-2.2078483	0.2895893	-0.1108861	-2.2677519	0.2980133	-0.1095087	-2.2096589	0.4148924	-0.3786299	-2.1868305	0.2907754	-0.3800076	-2.2571832	0.3007947	-0.3830806	-2.2078645	0.9819556	-0.1396908	-2.1977572	0.9805309	-0.3170977	-2.2053442	1.1763516	0.0187823	-2.2185624	1.1813605	-0.4675093	-2.2367645	1.1649059	-0.0621451	-2.2483411	1.1756855	-0.3791991	-2.1414344	0.9280904	-0.0212168	-2.1500883	0.9383364	-0.4431091	-2.2236761	0.9196567	-0.0070276	-2.2251743	0.9259094	-0.4445911
56	0.9166667	-2.2002400	1.4465179	-0.2288000	-2.1866100	1.4429779	-0.0741100	-2.2168400	1.1703279	-0.0261500	-2.1859900	0.8958179	-0.0204900	-2.1971400	1.4507579	-0.3838500	-2.2339300	1.1752579	-0.4253300	-2.1867700	0.9275579	-0.4331700	-2.1705600	0.9748779	-0.2262700	-2.1711200	0.9733479	-0.1241200	-2.2183400	0.5351679	-0.1542600	-2.2373800	0.1270679	-0.1817700	-2.1627500	0.9773079	-0.3283800	-2.2000500	0.5279479	-0.3155400	-2.2373200	0.1239479	-0.3095400	-2.0340900	0.0945279	-0.3113100	-2.0524800	0.0952279	-0.3152700	-2.2820900	0.0828379	-0.3028800	-2.0917500	0.0772979	-0.1571600	-2.1017100	0.0790479	-0.1555800	-2.2641400	0.0918079	-0.1946500	-2.2923270	1.4943376	-0.2392086	-2.2246636	1.4933800	-0.0965411	-2.1979680	1.4888494	-0.3734687	-2.1228476	1.0354136	-0.0762314	-2.1054794	1.0339718	-0.3671387	-2.2802989	1.0830975	-0.1755246	-2.2727258	1.0802975	-0.2894167	-2.2122708	0.5332706	-0.0958293	-2.1999644	0.5403707	-0.3813870	-2.2041346	0.5429927	-0.2111838	-2.1973662	0.5405565	-0.2638116	-2.2519241	0.1253961	-0.1448760	-2.2331855	0.1236943	-0.3524787	-2.2306923	0.1367790	-0.2181824	-2.2127154	0.1304655	-0.2732289	-2.3121216	0.1008144	-0.1945700	-2.3058524	0.0876583	-0.3073236	-2.1242888	0.0828945	-0.1736025	-2.0801345	0.0864318	-0.3083458	-2.1672608	0.0777589	-0.1273253	-2.1239563	0.0791742	-0.3634757	-2.1198691	0.8135067	-0.0680331	-2.1593976	0.7029932	-0.0558182	-2.2360197	0.8232974	-0.0402466	-2.1038970	0.8168235	-0.3956875	-2.1441705	0.7083824	-0.4131013	-2.2233240	0.8295491	-0.4257597	-2.2260293	0.4112716	-0.1089889	-2.2082062	0.2902886	-0.1110839	-2.2681044	0.2985841	-0.1096483	-2.2108849	0.4155792	-0.3787882	-2.1879685	0.2914916	-0.3801712	-2.2583292	0.3014991	-0.3832096	-2.2088178	0.9826510	-0.1396794	-2.1987031	0.9812437	-0.3171721	-2.2057070	1.1772320	0.0188975	-2.2192433	1.1822858	-0.4675652	-2.2372671	1.1657336	-0.0619775	-2.2490818	1.1765147	-0.3792100	-2.1416379	0.9288278	-0.0212807	-2.1504854	0.9390738	-0.4429480	-2.2237752	0.9203644	-0.0067780	-2.2255477	0.9265825	-0.4446289
57	0.9333333	-2.1994700	1.4467479	-0.2284000	-2.1873000	1.4424979	-0.0738400	-2.2155900	1.1701179	-0.0258300	-2.1853900	0.8968379	-0.0201600	-2.1950100	1.4512979	-0.3832400	-2.2323500	1.1759079	-0.4250000	-2.1865400	0.9282979	-0.4332100	-2.1715400	0.9755079	-0.2262900	-2.1716700	0.9740679	-0.1239900	-2.2160400	0.5357779	-0.1535400	-2.2395300	0.1283779	-0.1817800	-2.1641500	0.9778679	-0.3285600	-2.1979000	0.5291679	-0.3150300	-2.2425300	0.1223479	-0.3101200	-2.0345300	0.0938179	-0.3120300	-2.0528000	0.0944379	-0.3158700	-2.2900900	0.0817279	-0.3038200	-2.0945700	0.0766679	-0.1572000	-2.1044100	0.0786579	-0.1556300	-2.2645200	0.0924579	-0.1943200	-2.2929967	1.4952015	-0.2393349	-2.2254967	1.4942508	-0.0966280	-2.1984880	1.4896931	-0.3734888	-2.1238112	1.0359977	-0.0760815	-2.1062966	1.0346076	-0.3671930	-2.2811969	1.0838874	-0.1756113	-2.2735691	1.0811137	-0.2895932	-2.2129453	0.5338283	-0.0958868	-2.2011581	0.5409754	-0.3815693	-2.2048405	0.5436028	-0.2112359	-2.1985061	0.5411741	-0.2639698	-2.2521180	0.1260444	-0.1450471	-2.2344549	0.1243405	-0.3527032	-2.2310096	0.1374799	-0.2183057	-2.2139784	0.1310971	-0.2734724	-2.3123823	0.1013893	-0.1946534	-2.3072139	0.0882874	-0.3075632	-2.1244585	0.0837576	-0.1739048	-2.0812710	0.0870182	-0.3085989	-2.1673795	0.0785308	-0.1276079	-2.1251342	0.0797662	-0.3637324	-2.1207207	0.8141420	-0.0680766	-2.1601866	0.7035912	-0.0558680	-2.2368992	0.8238776	-0.0402735	-2.1049136	0.8174309	-0.3959085	-2.1452741	0.7089836	-0.4133266	-2.2243883	0.8302152	-0.4259052	-2.2265214	0.4118579	-0.1091204	-2.2085767	0.2909246	-0.1112791	-2.2684334	0.2991403	-0.1097750	-2.2120797	0.4162019	-0.3789665	-2.1891923	0.2920985	-0.3803623	-2.2595610	0.3021586	-0.3833894	-2.2098330	0.9833015	-0.1396802	-2.1996396	0.9819301	-0.3172896	-2.2058532	1.1779213	0.0189805	-2.2196189	1.1831371	-0.4675927	-2.2375433	1.1663907	-0.0618099	-2.2495196	1.1772643	-0.3792232	-2.1416454	0.9294184	-0.0213471	-2.1506808	0.9397407	-0.4428142	-2.2236569	0.9209204	-0.0065464	-2.2256880	0.9272265	-0.4447540
58	0.9500000	-2.2002400	1.4469779	-0.2283700	-2.1882100	1.4429279	-0.0736500	-2.2159300	1.1705679	-0.0257500	-2.1859100	0.8972579	-0.0201000	-2.1956500	1.4511079	-0.3833600	-2.2323100	1.1760279	-0.4247300	-2.1862800	0.9285879	-0.4331500	-2.1715900	0.9754179	-0.2262500	-2.1713600	0.9740679	-0.1240200	-2.2155600	0.5355379	-0.1534900	-2.2407000	0.1283879	-0.1815600	-2.1645500	0.9777579	-0.3284600	-2.1976200	0.5288879	-0.3149100	-2.2444700	0.1207179	-0.3102600	-2.0315800	0.0930079	-0.3118300	-2.0502400	0.0935379	-0.3157000	-2.2929300	0.0800079	-0.3040700	-2.0973000	0.0760679	-0.1571300	-2.1068400	0.0780379	-0.1555400	-2.2658500	0.0923979	-0.1940700	-2.2928212	1.4953475	-0.2394161	-2.2254568	1.4944082	-0.0966050	-2.1981256	1.4898067	-0.3735097	-2.1239082	1.0358773	-0.0758490	-2.1061556	1.0345694	-0.3672036	-2.2812202	1.0839634	-0.1756652	-2.2734979	1.0812255	-0.2897543	-2.2126879	0.5336743	-0.0958586	-2.2012486	0.5408538	-0.3816524	-2.2045892	0.5435001	-0.2112000	-2.1985816	0.5410634	-0.2640209	-2.2516077	0.1259062	-0.1451659	-2.2348649	0.1242058	-0.3528998	-2.2306016	0.1373968	-0.2183915	-2.2143955	0.1309415	-0.2736478	-2.3119658	0.1012342	-0.1947278	-2.3078016	0.0881582	-0.3077740	-2.1239160	0.0837257	-0.1741062	-2.0814783	0.0867596	-0.3087871	-2.1668178	0.0784362	-0.1277912	-2.1254052	0.0795346	-0.3639612	-2.1206784	0.8140594	-0.0680278	-2.1600656	0.7034709	-0.0558242	-2.2368870	0.8237322	-0.0402279	-2.1048970	0.8173417	-0.3960484	-2.1453059	0.7088765	-0.4134656	-2.2244254	0.8301570	-0.4260001	-2.2261440	0.4116990	-0.1091653	-2.2081431	0.2907808	-0.1113952	-2.2679654	0.2989536	-0.1098232	-2.2122455	0.4160712	-0.3790809	-2.1894459	0.2919316	-0.3805037	-2.2598393	0.3020660	-0.3835369	-2.2099488	0.9832212	-0.1396171	-2.1996218	0.9819001	-0.3173670	-2.2052457	1.1779217	0.0190883	-2.2191896	1.1832387	-0.4675563	-2.2370389	1.1663612	-0.0616689	-2.2490586	1.1772905	-0.3791942	-2.1409675	0.9293684	-0.0213906	-2.1500376	0.9397838	-0.4426782	-2.2228157	0.9208404	-0.0063124	-2.2249941	0.9271899	-0.4448269
59	0.9666667	-2.2024400	1.4467479	-0.2285500	-2.1893800	1.4433879	-0.0733700	-2.2177300	1.1712479	-0.0257800	-2.1868900	0.8971579	-0.0202300	-2.1986800	1.4506279	-0.3840700	-2.2335400	1.1758579	-0.4245500	-2.1866800	0.9282779	-0.4329700	-2.1705000	0.9749779	-0.2262600	-2.1705500	0.9735079	-0.1241200	-2.2171400	0.5346179	-0.1541300	-2.2406400	0.1274879	-0.1813000	-2.1632100	0.9773379	-0.3283600	-2.1992100	0.5271479	-0.3152800	-2.2430500	0.1200779	-0.3100700	-2.0277100	0.0945679	-0.3105200	-2.0470700	0.0948479	-0.3145800	-2.2904600	0.0784179	-0.3037800	-2.0982000	0.0750579	-0.1566800	-2.1075100	0.0771479	-0.1550800	-2.2671500	0.0925779	-0.1942200	-2.2917389	1.4950970	-0.2395021	-2.2244458	1.4941938	-0.0965465	-2.1968549	1.4895543	-0.3736105	-2.1228855	1.0354242	-0.0756696	-2.1048746	1.0342029	-0.3672802	-2.2801482	1.0836935	-0.1757576	-2.2723225	1.0809870	-0.2899550	-2.2114962	0.5331721	-0.0958316	-2.2002222	0.5403682	-0.3817462	-2.2033910	0.5430432	-0.2112041	-2.1975661	0.5405850	-0.2640807	-2.2502252	0.1253591	-0.1453417	-2.2340919	0.1237047	-0.3531276	-2.2292803	0.1369116	-0.2185843	-2.2136365	0.1304295	-0.2738307	-2.3107009	0.1007058	-0.1949138	-2.3072306	0.0876509	-0.3080176	-2.1224281	0.0832212	-0.1743416	-2.0804687	0.0861799	-0.3089581	-2.1653509	0.0778831	-0.1279841	-2.1244609	0.0789700	-0.3642057	-2.1195718	0.8135876	-0.0679765	-2.1589284	0.7029783	-0.0557717	-2.2358302	0.8232494	-0.0401800	-2.1037407	0.8168883	-0.3962010	-2.1442006	0.7084030	-0.4136127	-2.2233158	0.8297387	-0.4261364	-2.2248592	0.4111695	-0.1092105	-2.2067935	0.2902476	-0.1115196	-2.2666313	0.2983846	-0.1098846	-2.2112809	0.4155740	-0.3792211	-2.1885354	0.2914173	-0.3806780	-2.2589782	0.3015885	-0.3837225	-2.2089407	0.9827879	-0.1395944	-2.1984644	0.9815154	-0.3174922	-2.2040865	1.1776753	0.0191409	-2.2181538	1.1829572	-0.4675144	-2.2359269	1.1660983	-0.0616815	-2.2478982	1.1769964	-0.3791481	-2.1397345	0.9291136	-0.0214397	-2.1487737	0.9395745	-0.4426470	-2.2214832	0.9205682	-0.0061652	-2.2237171	0.9268245	-0.4448070
60	0.9833333	-2.2041600	1.4459679	-0.2285500	-2.1908300	1.4426679	-0.0728400	-2.2194700	1.1704979	-0.0256100	-2.1874800	0.8972279	-0.0202800	-2.2005300	1.4499779	-0.3846000	-2.2340000	1.1758479	-0.4245200	-2.1873100	0.9281279	-0.4327800	-2.1693100	0.9746679	-0.2263700	-2.1697800	0.9732679	-0.1241300	-2.2185900	0.5334579	-0.1546500	-2.2408000	0.1262779	-0.1812800	-2.1615900	0.9768179	-0.3285600	-2.2003000	0.5262779	-0.3155800	-2.2415500	0.1198379	-0.3101400	-2.0259300	0.0947379	-0.3090300	-2.0457400	0.0949679	-0.3132500	-2.2883200	0.0783079	-0.3038800	-2.0982900	0.0747379	-0.1560400	-2.1075700	0.0772679	-0.1544600	-2.2674500	0.0913779	-0.1946800	-2.2908116	1.4948954	-0.2396365	-2.2235539	1.4940575	-0.0965407	-2.1957519	1.4894039	-0.3737852	-2.1217594	1.0351095	-0.0756174	-2.1035124	1.0339533	-0.3674520	-2.2789885	1.0835466	-0.1759353	-2.2710692	1.0808600	-0.2902207	-2.2104262	0.5327869	-0.0958860	-2.1992217	0.5400017	-0.3819255	-2.2023227	0.5426938	-0.2113135	-2.1966067	0.5402194	-0.2642234	-2.2489659	0.1249282	-0.1456018	-2.2331969	0.1233388	-0.3534392	-2.2280687	0.1365418	-0.2188910	-2.2127708	0.1300639	-0.2740859	-2.3095738	0.1002846	-0.1952002	-2.3065307	0.0872642	-0.3083576	-2.1210183	0.0828459	-0.1746643	-2.0793438	0.0857877	-0.3091522	-2.1639771	0.0774565	-0.1282422	-2.1233838	0.0785814	-0.3645003	-2.1184356	0.8132010	-0.0680152	-2.1578169	0.7025880	-0.0558014	-2.2347451	0.8229125	-0.0402073	-2.1025271	0.8165359	-0.3964053	-2.1430658	0.7080378	-0.4138202	-2.2221308	0.8294442	-0.4263651	-2.2237046	0.4107590	-0.1093305	-2.2055581	0.2898383	-0.1117155	-2.2654383	0.2979307	-0.1100168	-2.2103003	0.4152027	-0.3794495	-2.1875551	0.2910527	-0.3809371	-2.2580645	0.3012221	-0.3840073	-2.2078329	0.9824890	-0.1396711	-2.1972141	0.9812503	-0.3176992	-2.2034023	1.1775087	0.0191163	-2.2173818	1.1827669	-0.4674823	-2.2352189	1.1659668	-0.0618110	-2.2470279	1.1768451	-0.3790874	-2.1388839	0.9289896	-0.0214322	-2.1478730	0.9394768	-0.4427472	-2.2206959	0.9204352	-0.0061141	-2.2228355	0.9265743	-0.4447083
61	1.0000000	-2.2040600	1.4454779	-0.2283900	-2.1914300	1.4420779	-0.0724000	-2.2200200	1.1684679	-0.0252200	-2.1877100	0.8967179	-0.0201200	-2.1996900	1.4495379	-0.3847000	-2.2328600	1.1759079	-0.4246400	-2.1876100	0.9280479	-0.4326700	-2.1690600	0.9748079	-0.2264700	-2.1696700	0.9734079	-0.1240000	-2.2189800	0.5335079	-0.1545800	-2.2418300	0.1257379	-0.1814600	-2.1611700	0.9768579	-0.3288900	-2.1996200	0.5265179	-0.3154400	-2.2421000	0.1201079	-0.3106800	-2.0285100	0.0948779	-0.3084900	-2.0481100	0.0952879	-0.3127300	-2.2891100	0.0786279	-0.3045900	-2.0988400	0.0748079	-0.1556200	-2.1080300	0.0770079	-0.1540800	-2.2672500	0.0912579	-0.1950400	-2.2909417	1.4951006	-0.2397444	-2.2237322	1.4943451	-0.0965419	-2.1957182	1.4896915	-0.3738978	-2.1215714	1.0352388	-0.0755778	-2.1031137	1.0341319	-0.3676035	-2.2787654	1.0838138	-0.1760932	-2.2707654	1.0811456	-0.2904472	-2.2103533	0.5328408	-0.0959532	-2.1992550	0.5400893	-0.3820973	-2.2022739	0.5427822	-0.2114306	-2.1967061	0.5403099	-0.2643559	-2.2487551	0.1249986	-0.1458129	-2.2333070	0.1234437	-0.3537153	-2.2279217	0.1366632	-0.2191396	-2.2129293	0.1301740	-0.2743108	-2.3094964	0.1003334	-0.1954139	-2.3068163	0.0873463	-0.3086800	-2.1206766	0.0830236	-0.1749501	-2.0792731	0.0858874	-0.3092765	-2.1636577	0.0775782	-0.1284576	-2.1233351	0.0786820	-0.3647318	-2.1182546	0.8132523	-0.0680785	-2.1576738	0.7026391	-0.0558522	-2.2345946	0.8230257	-0.0402387	-2.1022835	0.8166144	-0.3965607	-2.1429234	0.7081138	-0.4139921	-2.2218972	0.8295987	-0.4265828	-2.2235635	0.4108142	-0.1094516	-2.2053565	0.2899129	-0.1118938	-2.2652635	0.2979577	-0.1101283	-2.2103425	0.4152919	-0.3796569	-2.1875896	0.2911519	-0.3811601	-2.2581577	0.3013208	-0.3842770	-2.2076573	0.9826396	-0.1397409	-2.1969070	0.9814258	-0.3178825	-2.2037862	1.1775872	0.0191162	-2.2174271	1.1829650	-0.4674266	-2.2355392	1.1661268	-0.0618578	-2.2471013	1.1770783	-0.3789935	-2.1391153	0.9290893	-0.0212941	-2.1479304	0.9396540	-0.4428418	-2.2210806	0.9205492	-0.0060258	-2.2229197	0.9266852	-0.4445888
62	1.0166667	-2.2028600	1.4453679	-0.2283200	-2.1908700	1.4412479	-0.0722900	-2.2199200	1.1667679	-0.0248100	-2.1879000	0.8969379	-0.0198900	-2.1979600	1.4495579	-0.3846300	-2.2311800	1.1760579	-0.4248600	-2.1877400	0.9286379	-0.4326400	-2.1697700	0.9750579	-0.2264600	-2.1703500	0.9737879	-0.1237700	-2.2189600	0.5338979	-0.1541800	-2.2430900	0.1266979	-0.1816000	-2.1618600	0.9774679	-0.3291000	-2.1983800	0.5278979	-0.3151100	-2.2433100	0.1204379	-0.3112600	-2.0332700	0.0932079	-0.3090100	-2.0521900	0.0936679	-0.3131600	-2.2908300	0.0799079	-0.3052500	-2.0997200	0.0748279	-0.1554100	-2.1089300	0.0769779	-0.1539100	-2.2667900	0.0916379	-0.1951400	-2.2919788	1.4953935	-0.2397575	-2.2248588	1.4947141	-0.0964765	-2.1965914	1.4900649	-0.3738594	-2.1223543	1.0354503	-0.0754591	-2.1037020	1.0344020	-0.3676129	-2.2794838	1.0841331	-0.1761438	-2.2714119	1.0814898	-0.2905413	-2.2111708	0.5330010	-0.0959511	-2.2002115	0.5402986	-0.3821729	-2.2031193	0.5429735	-0.2114480	-2.1977488	0.5405173	-0.2644041	-2.2495117	0.1252138	-0.1458717	-2.2344289	0.1236733	-0.3538862	-2.2287544	0.1369157	-0.2192058	-2.2141237	0.1303981	-0.2744434	-2.3103682	0.1005124	-0.1954538	-2.3080970	0.0875685	-0.3089202	-2.1213577	0.0833605	-0.1750676	-2.0802898	0.0860762	-0.3092855	-2.1643456	0.0778647	-0.1285227	-2.1243442	0.0788865	-0.3648394	-2.1190156	0.8134296	-0.0680749	-2.1584531	0.7028089	-0.0558390	-2.2353642	0.8232384	-0.0402075	-2.1029851	0.8168134	-0.3965727	-2.1437136	0.7083125	-0.4140373	-2.2225904	0.8298702	-0.4266794	-2.2243344	0.4109900	-0.1094868	-2.2061064	0.2901162	-0.1119618	-2.2660066	0.2981228	-0.1101359	-2.2113278	0.4155022	-0.3797605	-2.1886035	0.2913595	-0.3812642	-2.2592032	0.3015565	-0.3844518	-2.2084282	0.9828907	-0.1397174	-2.1975575	0.9817095	-0.3179366	-2.2049239	1.1776078	0.0192125	-2.2180781	1.1832437	-0.4672995	-2.2366098	1.1662491	-0.0617402	-2.2478472	1.1773632	-0.3788466	-2.1401629	0.9291328	-0.0210425	-2.1486753	0.9398463	-0.4428193	-2.2222662	0.9206095	-0.0058594	-2.2236697	0.9269003	-0.4444540
63	1.0333333	-2.2018600	1.4453279	-0.2283400	-2.1895000	1.4417779	-0.0724500	-2.2196000	1.1664379	-0.0245000	-2.1880800	0.8960279	-0.0197100	-2.1972500	1.4494479	-0.3845400	-2.2303600	1.1753279	-0.4250700	-2.1880100	0.9278679	-0.4326700	-2.1707000	0.9751579	-0.2264300	-2.1711400	0.9735079	-0.1235900	-2.2187700	0.5356379	-0.1538000	-2.2432700	0.1256179	-0.1815400	-2.1629100	0.9777679	-0.3292200	-2.1972900	0.5283579	-0.3148300	-2.2441200	0.1206279	-0.3116100	-2.0388900	0.0918279	-0.3102800	-2.0571900	0.0925779	-0.3142900	-2.2911700	0.0794779	-0.3054700	-2.1003700	0.0749879	-0.1553000	-2.1096400	0.0770779	-0.1538300	-2.2660700	0.0918379	-0.1948800	-2.2931106	1.4955526	-0.2397498	-2.2261013	1.4949255	-0.0964147	-2.1975748	1.4902887	-0.3737704	-2.1233592	1.0354987	-0.0753315	-2.1045285	1.0345164	-0.3675838	-2.2804222	1.0842614	-0.1761688	-2.2722854	1.0816484	-0.2905995	-2.2121020	0.5330277	-0.0959386	-2.2013118	0.5403684	-0.3822311	-2.2040772	0.5430253	-0.2114422	-2.1989110	0.5405800	-0.2644508	-2.2504297	0.1252870	-0.1458464	-2.2357868	0.1237506	-0.3540238	-2.2297346	0.1370085	-0.2191686	-2.2155457	0.1304560	-0.2745700	-2.3113682	0.1005473	-0.1953933	-2.3095619	0.0876641	-0.3091235	-2.1222438	0.0835264	-0.1750914	-2.0816434	0.0860525	-0.3093263	-2.1652269	0.0779977	-0.1285110	-2.1256736	0.0789017	-0.3649395	-2.1199612	0.8134937	-0.0680660	-2.1593905	0.7028569	-0.0558220	-2.2363136	0.8232984	-0.0401770	-2.1039040	0.8168815	-0.3965690	-2.1446969	0.7083792	-0.4140620	-2.2234941	0.8299972	-0.4267361	-2.2252412	0.4110324	-0.1094939	-2.2070134	0.2901782	-0.1119732	-2.2668919	0.2981609	-0.1101063	-2.2124829	0.4155687	-0.3798333	-2.1898317	0.2914057	-0.3813340	-2.2604289	0.3016620	-0.3845847	-2.2094112	0.9829830	-0.1396831	-2.1984311	0.9818417	-0.3179603	-2.2059203	1.1774471	0.0193413	-2.2186647	1.1833100	-0.4672523	-2.2375703	1.1661499	-0.0615598	-2.2485356	1.1774008	-0.3787885	-2.1412138	0.9289129	-0.0208377	-2.1493922	0.9397776	-0.4427689	-2.2233609	0.9204215	-0.0056771	-2.2243857	0.9269015	-0.4444630
64	1.0500000	-2.2014900	1.4453779	-0.2283000	-2.1885400	1.4411779	-0.0725600	-2.2185900	1.1668079	-0.0242700	-2.1879800	0.8970479	-0.0195800	-2.1975800	1.4498979	-0.3843600	-2.2305100	1.1750479	-0.4251700	-2.1880300	0.9287879	-0.4327200	-2.1711600	0.9752679	-0.2264300	-2.1712600	0.9739279	-0.1235000	-2.2177600	0.5357679	-0.1534700	-2.2435100	0.1270579	-0.1812900	-2.1637000	0.9778379	-0.3293200	-2.1961500	0.5296179	-0.3145800	-2.2452300	0.1207279	-0.3117900	-2.0454300	0.0890879	-0.3124200	-2.0629800	0.0898779	-0.3162000	-2.2911300	0.0807079	-0.3051900	-2.1008300	0.0747479	-0.1554300	-2.1102600	0.0770479	-0.1539700	-2.2652300	0.0926479	-0.1942900	-2.2936672	1.4957228	-0.2397339	-2.2267633	1.4951129	-0.0963852	-2.1980319	1.4905228	-0.3736673	-2.1238885	1.0355597	-0.0752850	-2.1049308	1.0346319	-0.3675414	-2.2808728	1.0843366	-0.1762297	-2.2726904	1.0817494	-0.2906575	-2.2124422	0.5330834	-0.0959622	-2.2019177	0.5404486	-0.3823238	-2.2044503	0.5430930	-0.2114542	-2.1995437	0.5406352	-0.2645545	-2.2508326	0.1253841	-0.1457785	-2.2367680	0.1238338	-0.3542148	-2.2301834	0.1371022	-0.2190728	-2.2165705	0.1304982	-0.2747797	-2.3118132	0.1006145	-0.1952699	-2.3105856	0.0878112	-0.3093644	-2.1226592	0.0836634	-0.1750679	-2.0827215	0.0859373	-0.3095204	-2.1656233	0.0781285	-0.1284676	-2.1267205	0.0788633	-0.3651414	-2.1203876	0.8136039	-0.0681165	-2.1597790	0.7029429	-0.0558610	-2.2367301	0.8233693	-0.0402050	-2.1043821	0.8169588	-0.3965967	-2.1452240	0.7084608	-0.4141134	-2.2239466	0.8301374	-0.4267824	-2.2255897	0.4111006	-0.1095131	-2.2073895	0.2902551	-0.1119687	-2.2672379	0.2982417	-0.1100759	-2.2131811	0.4156452	-0.3799444	-2.1906534	0.2914512	-0.3814537	-2.2612177	0.3017928	-0.3847452	-2.2099014	0.9830772	-0.1397022	-2.1988434	0.9819694	-0.3179833	-2.2062031	1.1773474	0.0194363	-2.2187588	1.1834132	-0.4672310	-2.2378547	1.1660905	-0.0614154	-2.2486371	1.1774675	-0.3787801	-2.1415713	0.9288157	-0.0207147	-2.1496015	0.9398478	-0.4427549	-2.2237125	0.9203413	-0.0055739	-2.2245764	0.9270305	-0.4445033
65	1.0666667	-2.2015300	1.4453979	-0.2281200	-2.1877500	1.4412579	-0.0725400	-2.2173500	1.1676079	-0.0241700	-2.1877300	0.8973379	-0.0194900	-2.1984900	1.4499579	-0.3840600	-2.2309700	1.1745679	-0.4251700	-2.1875800	0.9292879	-0.4327500	-2.1709800	0.9753179	-0.2263600	-2.1707800	0.9739379	-0.1234500	-2.2166900	0.5360679	-0.1532300	-2.2434400	0.1268779	-0.1811600	-2.1638300	0.9777479	-0.3292400	-2.1949100	0.5300779	-0.3144100	-2.2466700	0.1208379	-0.3118100	-2.0513600	0.0869179	-0.3146200	-2.0682900	0.0878879	-0.3181700	-2.2904700	0.0812179	-0.3045100	-2.1013500	0.0744079	-0.1558300	-2.1108400	0.0765679	-0.1543400	-2.2647300	0.0924079	-0.1938300	-2.2935588	1.4958448	-0.2396015	-2.2267297	1.4952256	-0.0962884	-2.1978875	1.4907230	-0.3734551	-2.1237735	1.0355853	-0.0752105	-2.1047266	1.0346912	-0.3674017	-2.2806921	1.0842885	-0.1762334	-2.2724761	1.0817206	-0.2906299	-2.2120954	0.5331034	-0.0959084	-2.2018971	0.5404736	-0.3823573	-2.2041527	0.5431102	-0.2113890	-2.1995035	0.5406209	-0.2646140	-2.2506074	0.1254097	-0.1455677	-2.2372417	0.1238379	-0.3543446	-2.2299853	0.1371015	-0.2188352	-2.2170489	0.1304410	-0.2749529	-2.3115908	0.1006249	-0.1949840	-2.3110166	0.0879238	-0.3095086	-2.1224741	0.0836617	-0.1749290	-2.0833971	0.0856483	-0.3097761	-2.1654047	0.0781512	-0.1283141	-2.1273659	0.0786887	-0.3653449	-2.1201443	0.8136756	-0.0681176	-2.1594853	0.7029917	-0.0558435	-2.2364678	0.8233868	-0.0401682	-2.1042650	0.8169641	-0.3965781	-2.1451497	0.7084827	-0.4141074	-2.2238003	0.8302162	-0.4267308	-2.2252829	0.4111222	-0.1094313	-2.2071228	0.2902669	-0.1118386	-2.2669497	0.2982819	-0.1099334	-2.2132954	0.4156628	-0.3799945	-2.1909375	0.2914231	-0.3815259	-2.2614480	0.3018697	-0.3848219	-2.2097391	0.9831021	-0.1396654	-2.1986257	0.9820144	-0.3179169	-2.2056941	1.1772638	0.0196097	-2.2183362	1.1834622	-0.4671616	-2.2373954	1.1660154	-0.0612004	-2.2481530	1.1774782	-0.3787275	-2.1412031	0.9287482	-0.0205867	-2.1492291	0.9399462	-0.4427091	-2.2233009	0.9202929	-0.0054283	-2.2241902	0.9271506	-0.4444882
66	1.0833333	-2.2017800	1.4456879	-0.2279500	-2.1875600	1.4416579	-0.0724700	-2.2171500	1.1679379	-0.0241900	-2.1873200	0.8974679	-0.0194600	-2.1992500	1.4498679	-0.3838100	-2.2309700	1.1743179	-0.4251600	-2.1870100	0.9289079	-0.4327700	-2.1704900	0.9751379	-0.2262000	-2.1700900	0.9736979	-0.1233600	-2.2162500	0.5364779	-0.1531100	-2.2435000	0.1270879	-0.1812100	-2.1635500	0.9774679	-0.3290200	-2.1938700	0.5299079	-0.3144000	-2.2479200	0.1212779	-0.3117900	-2.0528500	0.0869579	-0.3155800	-2.0695800	0.0878979	-0.3190400	-2.2906700	0.0809279	-0.3041600	-2.1015100	0.0739779	-0.1562900	-2.1110600	0.0761479	-0.1547600	-2.2652100	0.0933679	-0.1937900	-2.2931678	1.4957712	-0.2393875	-2.2263588	1.4951323	-0.0961106	-2.1974944	1.4907238	-0.3731968	-2.1233731	1.0354214	-0.0750441	-2.1042093	1.0345444	-0.3671860	-2.2802469	1.0839892	-0.1761689	-2.2719842	1.0814362	-0.2905393	-2.2114573	0.5329113	-0.0957493	-2.2015474	0.5402673	-0.3823316	-2.2035714	0.5429133	-0.2112363	-2.1991259	0.5403769	-0.2645981	-2.2501005	0.1251862	-0.1452546	-2.2375148	0.1236026	-0.3543884	-2.2295036	0.1368488	-0.2185098	-2.2173048	0.1301366	-0.2750363	-2.3110790	0.1003936	-0.1946023	-2.3112221	0.0878026	-0.3095417	-2.1220009	0.0833920	-0.1747084	-2.0838973	0.0851094	-0.3099932	-2.1648959	0.0779144	-0.1280772	-2.1278461	0.0782688	-0.3654862	-2.1195936	0.8135174	-0.0680192	-2.1588854	0.7028161	-0.0557224	-2.2359032	0.8231733	-0.0400176	-2.1038197	0.8167261	-0.3965016	-2.1447435	0.7082669	-0.4140465	-2.2233426	0.8300537	-0.4266180	-2.2246916	0.4109218	-0.1092412	-2.2065697	0.2900425	-0.1116011	-2.2663872	0.2980958	-0.1096831	-2.2131257	0.4154488	-0.3799777	-2.1909741	0.2911584	-0.3815324	-2.2614299	0.3017134	-0.3848156	-2.2092787	0.9828908	-0.1395324	-2.1980945	0.9818108	-0.3177720	-2.2049310	1.1770335	0.0198303	-2.2177386	1.1832684	-0.4670044	-2.2366822	1.1657766	-0.0609486	-2.2474696	1.1772630	-0.3785876	-2.1405777	0.9285359	-0.0204305	-2.1486288	0.9398531	-0.4425969	-2.2226154	0.9201015	-0.0052312	-2.2235839	0.9270432	-0.4443990
67	1.1000000	-2.2024700	1.4454379	-0.2279200	-2.1885600	1.4415379	-0.0724300	-2.2177700	1.1677279	-0.0242200	-2.1867400	0.8973579	-0.0194800	-2.1995900	1.4497479	-0.3837800	-2.2306500	1.1746779	-0.4251600	-2.1868300	0.9294879	-0.4328500	-2.1699500	0.9748979	-0.2260400	-2.1693600	0.9736679	-0.1232400	-2.2160500	0.5355879	-0.1530500	-2.2429700	0.1266079	-0.1813200	-2.1632100	0.9771979	-0.3288300	-2.1929200	0.5299379	-0.3144300	-2.2482100	0.1203879	-0.3119200	-2.0496900	0.0868079	-0.3154200	-2.0666400	0.0877779	-0.3189200	-2.2926000	0.0806779	-0.3045800	-2.1014500	0.0743679	-0.1566700	-2.1110200	0.0765379	-0.1551200	-2.2645000	0.0920679	-0.1939900	-2.2927734	1.4956519	-0.2392048	-2.2259458	1.4949949	-0.0959305	-2.1970934	1.4906651	-0.3730027	-2.1229555	1.0352301	-0.0748518	-2.1036186	1.0343567	-0.3670013	-2.2798022	1.0836567	-0.1761258	-2.2714704	1.0811128	-0.2904918	-2.2108201	0.5326622	-0.0955707	-2.2010924	0.5399920	-0.3823093	-2.2029812	0.5426633	-0.2110741	-2.1986603	0.5400718	-0.2645544	-2.2495601	0.1248514	-0.1449866	-2.2377415	0.1232788	-0.3544654	-2.2289969	0.1364958	-0.2182402	-2.2175104	0.1297438	-0.2751216	-2.3105468	0.1000580	-0.1942788	-2.3114182	0.0875640	-0.3095933	-2.1214877	0.0830129	-0.1745390	-2.0842904	0.0845260	-0.3102221	-2.1643478	0.0775627	-0.1278911	-2.1282398	0.0777904	-0.3656571	-2.1190267	0.8132882	-0.0678964	-2.1582745	0.7025745	-0.0555749	-2.2353299	0.8229013	-0.0398441	-2.1032611	0.8164282	-0.3964416	-2.1442200	0.7079854	-0.4140050	-2.2228016	0.8298173	-0.4265483	-2.2240857	0.4106471	-0.1090494	-2.2059912	0.2897298	-0.1113861	-2.2658036	0.2978181	-0.1094446	-2.2128699	0.4151600	-0.3799768	-2.1909309	0.2908180	-0.3815648	-2.2613540	0.3014727	-0.3848371	-2.2087920	0.9826231	-0.1393866	-2.1975026	0.9815397	-0.3176496	-2.2043453	1.1767757	0.0199944	-2.2172355	1.1830589	-0.4668366	-2.2361071	1.1655241	-0.0607719	-2.2468710	1.1770489	-0.3784485	-2.1399996	0.9283592	-0.0202850	-2.1480818	0.9397825	-0.4425353	-2.2220139	0.9199252	-0.0050804	-2.2230321	0.9269359	-0.4442962
68	1.1166667	-2.2032600	1.4456079	-0.2280300	-2.1898400	1.4418079	-0.0724800	-2.2181200	1.1672179	-0.0242100	-2.1862500	0.8973579	-0.0195300	-2.1998900	1.4496479	-0.3839400	-2.2306800	1.1756179	-0.4251100	-2.1872600	0.9294179	-0.4330500	-2.1693000	0.9747279	-0.2259500	-2.1685600	0.9736079	-0.1231400	-2.2157700	0.5353579	-0.1531100	-2.2419600	0.1267179	-0.1813100	-2.1627000	0.9770579	-0.3287500	-2.1918100	0.5300179	-0.3144500	-2.2472900	0.1199479	-0.3120000	-2.0469100	0.0876479	-0.3153100	-2.0639900	0.0885179	-0.3188300	-2.2932900	0.0798679	-0.3050600	-2.1013200	0.0744879	-0.1569400	-2.1108900	0.0766879	-0.1553900	-2.2628700	0.0922779	-0.1940600	-2.2923320	1.4956107	-0.2391087	-2.2254650	1.4949410	-0.0958115	-2.1966379	1.4906791	-0.3729191	-2.1224323	1.0351367	-0.0747058	-2.1029145	1.0342467	-0.3669189	-2.2792749	1.0834415	-0.1761476	-2.2708717	1.0808988	-0.2905290	-2.2100933	0.5324892	-0.0954471	-2.2005007	0.5397821	-0.3823345	-2.2022919	0.5424974	-0.2109707	-2.1980591	0.5398378	-0.2645427	-2.2489074	0.1245941	-0.1448571	-2.2377899	0.1230389	-0.3546251	-2.2283836	0.1362313	-0.2181111	-2.2175306	0.1294422	-0.2752751	-2.3099123	0.0998068	-0.1940910	-2.3114608	0.0873831	-0.3097202	-2.1208755	0.0827229	-0.1745184	-2.0844604	0.0840761	-0.3105193	-2.1636943	0.0772899	-0.1278479	-2.1284258	0.0774308	-0.3659122	-2.1183702	0.8131259	-0.0678237	-2.1575760	0.7024026	-0.0554771	-2.2346687	0.8227047	-0.0397231	-2.1025674	0.8162060	-0.3964552	-2.1435628	0.7077726	-0.4140303	-2.2221448	0.8296416	-0.4265615	-2.2233784	0.4104475	-0.1089385	-2.2053064	0.2894934	-0.1112796	-2.2651116	0.2976110	-0.1093047	-2.2124667	0.4149377	-0.3800338	-2.1907214	0.2905570	-0.3816709	-2.2611291	0.3012998	-0.3849274	-2.2082052	0.9824355	-0.1392964	-2.1968022	0.9813361	-0.3176104	-2.2038660	1.1766074	0.0200408	-2.2168105	1.1829593	-0.4667524	-2.2355948	1.1653640	-0.0607233	-2.2463497	1.1769580	-0.3784017	-2.1394158	0.9283069	-0.0202064	-2.1476425	0.9397892	-0.4425971	-2.2214351	0.9198494	-0.0050361	-2.2226080	0.9269047	-0.4442733
69	1.1333333	-2.2037700	1.4459479	-0.2282100	-2.1900900	1.4422079	-0.0726700	-2.2176800	1.1670579	-0.0242600	-2.1862500	0.8974279	-0.0195800	-2.2007100	1.4497679	-0.3841100	-2.2314300	1.1767479	-0.4250500	-2.1881500	0.9295379	-0.4333000	-2.1684400	0.9748979	-0.2259800	-2.1673200	0.9737679	-0.1232300	-2.2148000	0.5355479	-0.1534800	-2.2408500	0.1267879	-0.1811800	-2.1622200	0.9772279	-0.3287300	-2.1906600	0.5302579	-0.3145200	-2.2456600	0.1201179	-0.3119600	-2.0460700	0.0879079	-0.3157000	-2.0632100	0.0888079	-0.3191900	-2.2916700	0.0802379	-0.3050800	-2.1016400	0.0743479	-0.1570700	-2.1111400	0.0765779	-0.1555200	-2.2609200	0.0926279	-0.1939400	-2.2917435	1.4958783	-0.2391157	-2.2248323	1.4952069	-0.0958087	-2.1960452	1.4910155	-0.3729418	-2.1216647	1.0353799	-0.0747131	-2.1020395	1.0344621	-0.3669452	-2.2785121	1.0835711	-0.1762672	-2.2700674	1.0810209	-0.2906453	-2.2091748	0.5326614	-0.0954460	-2.1997088	0.5399189	-0.3824516	-2.2014065	0.5426753	-0.2109792	-2.1972430	0.5399414	-0.2646390	-2.2480466	0.1246962	-0.1448849	-2.2375106	0.1231558	-0.3549021	-2.2275606	0.1363285	-0.2181380	-2.2172133	0.1294991	-0.2755503	-2.3090562	0.0999266	-0.1940513	-2.3111490	0.0875334	-0.3099607	-2.1200878	0.0827826	-0.1746675	-2.0843114	0.0840253	-0.3109438	-2.1628528	0.0773668	-0.1279733	-2.1282901	0.0774613	-0.3662917	-2.1175074	0.8133003	-0.0678781	-2.1566780	0.7025726	-0.0555048	-2.2337894	0.8228574	-0.0397321	-2.1016962	0.8163349	-0.3965673	-2.1427233	0.7079093	-0.4141464	-2.2213039	0.8298086	-0.4266569	-2.2224742	0.4105928	-0.1089593	-2.2044202	0.2896083	-0.1113177	-2.2642168	0.2977513	-0.1093063	-2.2118268	0.4150639	-0.3801943	-2.1902388	0.2906591	-0.3818917	-2.2606364	0.3014707	-0.3851215	-2.2073865	0.9825931	-0.1393299	-2.1959118	0.9814704	-0.3176676	-2.2032994	1.1767929	0.0199589	-2.2164643	1.1832324	-0.4667726	-2.2349958	1.1655565	-0.0608083	-2.2458885	1.1772482	-0.3784543	-2.1387512	0.9285944	-0.0202204	-2.1473715	0.9401117	-0.4428233	-2.2208060	0.9201195	-0.0050996	-2.2223667	0.9272133	-0.4443422
70	1.1500000	-2.2037700	1.4462379	-0.2284100	-2.1886800	1.4425879	-0.0730400	-2.2169500	1.1671279	-0.0244500	-2.1866400	0.8974979	-0.0196800	-2.2021900	1.4498779	-0.3842000	-2.2324600	1.1777679	-0.4251000	-2.1893700	0.9300179	-0.4335000	-2.1675800	0.9753379	-0.2261200	-2.1657300	0.9741679	-0.1235100	-2.2130000	0.5366279	-0.1541000	-2.2400700	0.1269779	-0.1810400	-2.1621300	0.9776379	-0.3287500	-2.1901500	0.5306479	-0.3146200	-2.2450500	0.1205179	-0.3119700	-2.0451900	0.0882779	-0.3159500	-2.0626500	0.0891079	-0.3194200	-2.2902300	0.0809179	-0.3050800	-2.1024500	0.0737979	-0.1571600	-2.1118300	0.0760379	-0.1556000	-2.2593700	0.0931979	-0.1937300	-2.2911896	1.4963868	-0.2391966	-2.2242082	1.4957273	-0.0959083	-2.1955275	1.4916051	-0.3730523	-2.1208363	1.0358727	-0.0748912	-2.1012177	1.0349225	-0.3670552	-2.2776973	1.0839536	-0.1764635	-2.2692563	1.0813925	-0.2908037	-2.2082415	0.5331086	-0.0955631	-2.1989714	0.5403445	-0.3826659	-2.2005226	0.5431236	-0.2110958	-2.1964654	0.5403250	-0.2648465	-2.2471862	0.1250843	-0.1450159	-2.2371661	0.1235501	-0.3552709	-2.2267509	0.1367097	-0.2182730	-2.2168157	0.1298352	-0.2759137	-2.3081859	0.1003430	-0.1940979	-2.3107368	0.0879375	-0.3102790	-2.1193397	0.0831190	-0.1749510	-2.0840913	0.0842939	-0.3114637	-2.1620312	0.0777217	-0.1282267	-2.1280815	0.0778011	-0.3667640	-2.1166156	0.8137471	-0.0680718	-2.1557527	0.7030182	-0.0556645	-2.2328624	0.8232875	-0.0398633	-2.1008806	0.8167433	-0.3967647	-2.1419415	0.7083308	-0.4143467	-2.2205089	0.8302550	-0.4268199	-2.2215557	0.4110135	-0.1090889	-2.2035240	0.2900035	-0.1114694	-2.2633107	0.2981706	-0.1094079	-2.2112078	0.4154783	-0.3804600	-2.1897398	0.2910556	-0.3822196	-2.2601368	0.3019165	-0.3854108	-2.2065294	0.9830237	-0.1394829	-2.1950500	0.9818745	-0.3177977	-2.2027217	1.1772475	0.0197906	-2.2164226	1.1837861	-0.4668482	-2.2344346	1.1660153	-0.0609714	-2.2457097	1.1778204	-0.3785436	-2.1382038	0.9290987	-0.0203229	-2.1475210	0.9406573	-0.4431813	-2.2203253	0.9206366	-0.0052491	-2.2225546	0.9277897	-0.4444544
71	1.1666667	-2.2032800	1.4460979	-0.2285800	-2.1865400	1.4424779	-0.0734100	-2.2168300	1.1669279	-0.0246300	-2.1868800	0.8974279	-0.0198800	-2.2034400	1.4496379	-0.3842500	-2.2332400	1.1774879	-0.4252300	-2.1907800	0.9303379	-0.4336300	-2.1672500	0.9757579	-0.2262800	-2.1651100	0.9746479	-0.1237600	-2.2116800	0.5374479	-0.1544700	-2.2393800	0.1272679	-0.1810700	-2.1620800	0.9780179	-0.3288300	-2.1909900	0.5311679	-0.3145900	-2.2462600	0.1204279	-0.3119900	-2.0436800	0.0900879	-0.3155200	-2.0615800	0.0906379	-0.3190500	-2.2912800	0.0802979	-0.3052400	-2.1028100	0.0727379	-0.1573900	-2.1121000	0.0748979	-0.1558000	-2.2584500	0.0943279	-0.1936100	-2.2911448	1.4968476	-0.2392618	-2.2240502	1.4962090	-0.0960184	-2.1955683	1.4921389	-0.3731692	-2.1204826	1.0363214	-0.0751168	-2.1009565	1.0353368	-0.3671852	-2.2773801	1.0843120	-0.1766419	-2.2689767	1.0817409	-0.2909338	-2.2077790	0.5335259	-0.0956953	-2.1988502	0.5407591	-0.3829001	-2.2001335	0.5435435	-0.2112308	-2.1962987	0.5407044	-0.2650605	-2.2468089	0.1254642	-0.1451448	-2.2373559	0.1239225	-0.3556020	-2.2264488	0.1370828	-0.2184089	-2.2169411	0.1301607	-0.2762290	-2.3077969	0.1007547	-0.1941312	-2.3108531	0.0882945	-0.3105467	-2.1191017	0.0834501	-0.1752530	-2.0843540	0.0846009	-0.3119262	-2.1617041	0.0780713	-0.1284938	-2.1283635	0.0781570	-0.3671873	-2.1162014	0.8141811	-0.0683012	-2.1552981	0.7034460	-0.0558509	-2.2324054	0.8236948	-0.0400027	-2.1006367	0.8171289	-0.3969763	-2.1417506	0.7087340	-0.4145642	-2.2202957	0.8306836	-0.4269980	-2.2211053	0.4114115	-0.1092293	-2.2031006	0.2903835	-0.1116363	-2.2628717	0.2985705	-0.1095071	-2.2111853	0.4158828	-0.3807329	-2.1898048	0.2914441	-0.3825406	-2.2602172	0.3023371	-0.3856890	-2.2061750	0.9834406	-0.1396516	-2.1947428	0.9822627	-0.3179316	-2.2025529	1.1776235	0.0196365	-2.2170513	1.1842655	-0.4668928	-2.2343369	1.1663938	-0.0610988	-2.2462012	1.1783139	-0.3785667	-2.1381700	0.9294826	-0.0204325	-2.1484418	0.9410777	-0.4435597	-2.2203904	0.9210488	-0.0054153	-2.2235218	0.9282978	-0.4445290
72	1.1833333	-2.2025200	1.4464379	-0.2286800	-2.1851400	1.4427479	-0.0736100	-2.2173100	1.1671979	-0.0245900	-2.1870400	0.8973279	-0.0202200	-2.2033300	1.4502479	-0.3842700	-2.2334400	1.1773879	-0.4253300	-2.1922000	0.9294879	-0.4337300	-2.1677900	0.9757279	-0.2263900	-2.1663800	0.9742979	-0.1237700	-2.2118600	0.5378779	-0.1542700	-2.2383800	0.1266679	-0.1813300	-2.1618900	0.9781479	-0.3290100	-2.1924200	0.5311179	-0.3143800	-2.2477200	0.1195679	-0.3117700	-2.0426400	0.0889479	-0.3148700	-2.0606800	0.0899779	-0.3184400	-2.2937200	0.0796279	-0.3051500	-2.1024400	0.0730979	-0.1577500	-2.1118200	0.0754879	-0.1561200	-2.2575000	0.0935879	-0.1937100	-2.2919002	1.4968636	-0.2392609	-2.2246757	1.4962337	-0.0960583	-2.1964128	1.4922071	-0.3732252	-2.1209702	1.0363139	-0.0752496	-2.1015452	1.0352882	-0.3673070	-2.2779442	1.0842810	-0.1767423	-2.2695813	1.0816987	-0.2910212	-2.2081210	0.5334751	-0.0957731	-2.1996025	0.5407130	-0.3830762	-2.2005455	0.5435035	-0.2113177	-2.1970002	0.5406388	-0.2651885	-2.2472100	0.1253786	-0.1452334	-2.2383869	0.1238335	-0.3558136	-2.2269396	0.1369943	-0.2184867	-2.2179005	0.1300377	-0.2764201	-2.3081878	0.1006986	-0.1941122	-2.3118368	0.0881882	-0.3106898	-2.1196748	0.0833229	-0.1755077	-2.0853996	0.0844614	-0.3122545	-2.1621785	0.0779564	-0.1287222	-2.1294454	0.0780524	-0.3674877	-2.1166292	0.8141815	-0.0684602	-2.1556738	0.7034267	-0.0559700	-2.2328036	0.8236485	-0.0400719	-2.1012515	0.8170682	-0.3971620	-2.1424277	0.7086834	-0.4147501	-2.2209714	0.8306551	-0.4271556	-2.2214491	0.4113446	-0.1093327	-2.2034715	0.2903011	-0.1117704	-2.2632074	0.2985007	-0.1095723	-2.2120299	0.4158254	-0.3809239	-2.1907219	0.2913677	-0.3827657	-2.2611618	0.3022926	-0.3858699	-2.2066949	0.9834228	-0.1397485	-2.1953166	0.9822137	-0.3180364	-2.2030269	1.1775614	0.0195331	-2.2183913	1.1842786	-0.4668814	-2.2349096	1.1663209	-0.0611189	-2.2474656	1.1783244	-0.3785327	-2.1388575	0.9293534	-0.0205368	-2.1501681	0.9409297	-0.4438192	-2.2211436	0.9209525	-0.0055421	-2.2253101	0.9283031	-0.4445925
73	1.2000000	-2.2024000	1.4461779	-0.2286800	-2.1852000	1.4423879	-0.0736100	-2.2174800	1.1671579	-0.0244900	-2.1875300	0.8973879	-0.0205900	-2.2030000	1.4502179	-0.3842700	-2.2332700	1.1771879	-0.4254300	-2.1932100	0.9293979	-0.4338600	-2.1685200	0.9754879	-0.2264900	-2.1677700	0.9740979	-0.1238200	-2.2119600	0.5374779	-0.1540100	-2.2375200	0.1267879	-0.1815300	-2.1619500	0.9779379	-0.3291500	-2.1929300	0.5316479	-0.3142400	-2.2470700	0.1199179	-0.3112900	-2.0442400	0.0880479	-0.3146300	-2.0615900	0.0888979	-0.3181600	-2.2930200	0.0796779	-0.3045200	-2.1019600	0.0736179	-0.1580000	-2.1114000	0.0760179	-0.1563400	-2.2566000	0.0934479	-0.1938800	-2.2927586	1.4966491	-0.2392113	-2.2254244	1.4960024	-0.0960627	-2.1973570	1.4920388	-0.3732164	-2.1216360	1.0360843	-0.0753502	-2.1023215	1.0350170	-0.3674297	-2.2786900	1.0840652	-0.1768103	-2.2703716	1.0814682	-0.2910932	-2.2085794	0.5332053	-0.0958487	-2.2004790	0.5404438	-0.3832061	-2.2010532	0.5432487	-0.2113980	-2.1978084	0.5403588	-0.2652773	-2.2476879	0.1250884	-0.1453459	-2.2394682	0.1235491	-0.3559269	-2.2274933	0.1367043	-0.2185641	-2.2189115	0.1297307	-0.2765351	-2.3086360	0.1004381	-0.1941115	-2.3128652	0.0878952	-0.3107428	-2.1203506	0.0829943	-0.1757574	-2.0865097	0.0841356	-0.3124940	-2.1627554	0.0776366	-0.1289626	-2.1305885	0.0777517	-0.3676894	-2.1172267	0.8139902	-0.0685903	-2.1562054	0.7032037	-0.0560708	-2.2333837	0.8233895	-0.0401355	-2.1020455	0.8168082	-0.3973378	-2.1432684	0.7084201	-0.4149119	-2.2218333	0.8304067	-0.4272860	-2.2219027	0.4110622	-0.1094523	-2.2039469	0.2900095	-0.1119215	-2.2636328	0.2982165	-0.1096704	-2.2129771	0.4155496	-0.3810448	-2.1917282	0.2910796	-0.3829059	-2.2621837	0.3020360	-0.3859616	-2.2074019	0.9832018	-0.1398294	-2.1960863	0.9819642	-0.3181356	-2.2035597	1.1772909	0.0194336	-2.2196787	1.1840968	-0.4668630	-2.2355502	1.1660440	-0.0611224	-2.2486940	1.1781289	-0.3785194	-2.1396041	0.9290145	-0.0206506	-2.1518723	0.9405693	-0.4440556	-2.2219511	0.9206446	-0.0056683	-2.2270667	0.9281275	-0.4446961
74	1.2166667	-2.2029700	1.4464479	-0.2286500	-2.1855400	1.4428479	-0.0735800	-2.2167900	1.1675479	-0.0247400	-2.1879200	0.8976079	-0.0208400	-2.2038700	1.4499579	-0.3842600	-2.2330000	1.1769879	-0.4255700	-2.1936900	0.9291879	-0.4340600	-2.1683100	0.9756279	-0.2266200	-2.1670200	0.9743279	-0.1242300	-2.2105300	0.5377879	-0.1543900	-2.2369800	0.1279479	-0.1815300	-2.1623400	0.9778379	-0.3290200	-2.1923900	0.5317579	-0.3145000	-2.2434100	0.1207179	-0.3107500	-2.0458900	0.0879179	-0.3144500	-2.0627100	0.0889379	-0.3179300	-2.2874400	0.0811879	-0.3036600	-2.1024300	0.0738979	-0.1578300	-2.1118300	0.0763579	-0.1561500	-2.2562300	0.0945879	-0.1940600	-2.2926532	1.4967930	-0.2391472	-2.2252254	1.4961182	-0.0960783	-2.1973506	1.4922444	-0.3731905	-2.1213411	1.0362126	-0.0755255	-2.1021892	1.0351122	-0.3675362	-2.2784450	1.0842031	-0.1768952	-2.2701912	1.0815878	-0.2911508	-2.2080946	0.5333314	-0.0959653	-2.2003163	0.5405638	-0.3833264	-2.2005981	0.5433786	-0.2115004	-2.1975535	0.5404582	-0.2654038	-2.2472032	0.1251934	-0.1455141	-2.2393651	0.1236687	-0.3559841	-2.2270503	0.1368060	-0.2186916	-2.2187426	0.1298327	-0.2766248	-2.3080756	0.1005812	-0.1941722	-2.3126463	0.0880201	-0.3107526	-2.1200836	0.0830405	-0.1760489	-2.0865261	0.0842112	-0.3126897	-2.1623926	0.0776966	-0.1292587	-2.1306081	0.0778498	-0.3678220	-2.1168886	0.8141876	-0.0687567	-2.1558026	0.7033728	-0.0562141	-2.2330192	0.8235209	-0.0402621	-2.1019122	0.8169567	-0.3975096	-2.1431401	0.7085567	-0.4150583	-2.2217377	0.8305402	-0.4273754	-2.2214167	0.4111695	-0.1096098	-2.2034773	0.2901111	-0.1121100	-2.2631161	0.2983242	-0.1098272	-2.2128387	0.4156624	-0.3811438	-2.1916216	0.2911900	-0.3830082	-2.2620700	0.3021656	-0.3860070	-2.2071448	0.9833555	-0.1399606	-2.1959261	0.9820980	-0.3182325	-2.2031485	1.1774290	0.0192933	-2.2199547	1.1842734	-0.4668878	-2.2352484	1.1661641	-0.0611839	-2.2488918	1.1782960	-0.3785820	-2.1394485	0.9290732	-0.0208088	-2.1525633	0.9405876	-0.4443409	-2.2218374	0.9207513	-0.0058327	-2.2278029	0.9283125	-0.4448571
75	1.2333333	-2.2042500	1.4461679	-0.2286200	-2.1862200	1.4428279	-0.0735600	-2.2160600	1.1687179	-0.0253100	-2.1876900	0.8982679	-0.0209400	-2.2057600	1.4493179	-0.3842500	-2.2328400	1.1767179	-0.4257300	-2.1939400	0.9289279	-0.4342700	-2.1672500	0.9762579	-0.2267500	-2.1646700	0.9756079	-0.1248900	-2.2084300	0.5381679	-0.1553400	-2.2372700	0.1303579	-0.1815300	-2.1626300	0.9778079	-0.3286700	-2.1922000	0.5312579	-0.3150600	-2.2395700	0.1217479	-0.3103800	-2.0450100	0.0908479	-0.3135300	-2.0619700	0.0915979	-0.3171000	-2.2813700	0.0831179	-0.3031700	-2.1031000	0.0738779	-0.1571800	-2.1124500	0.0763379	-0.1555100	-2.2577600	0.0973579	-0.1943700	-2.2917603	1.4973762	-0.2390405	-2.2242262	1.4966884	-0.0960726	-2.1965851	1.4929101	-0.3731473	-2.1201791	1.0368121	-0.0757720	-2.1012413	1.0356876	-0.3675865	-2.2772996	1.0847754	-0.1769763	-2.2691302	1.0821404	-0.2911556	-2.2068320	0.5339595	-0.0960732	-2.1992736	0.5411872	-0.3834346	-2.1993605	0.5439951	-0.2115955	-2.1964180	0.5410541	-0.2655494	-2.2459612	0.1258130	-0.1456837	-2.2382184	0.1243049	-0.3559637	-2.2258239	0.1374168	-0.2188468	-2.2175405	0.1304601	-0.2766488	-2.3067274	0.1012456	-0.1942643	-2.3113215	0.0886582	-0.3106974	-2.1190366	0.0835916	-0.1763359	-2.0855644	0.0848409	-0.3127754	-2.1612628	0.0782641	-0.1295525	-2.1296158	0.0784888	-0.3678325	-2.1157127	0.8148604	-0.0689281	-2.1545855	0.7040303	-0.0563603	-2.2318124	0.8241513	-0.0404011	-2.1009496	0.8176057	-0.3976373	-2.1421584	0.7091954	-0.4151655	-2.2207797	0.8311646	-0.4274113	-2.2201626	0.4117760	-0.1097422	-2.2022375	0.2907181	-0.1122778	-2.2618522	0.2989408	-0.1099707	-2.2117698	0.4162821	-0.3812173	-2.1905421	0.2918237	-0.3830618	-2.2609736	0.3027874	-0.3860033	-2.2060124	0.9839887	-0.1401159	-2.1949232	0.9827168	-0.3182898	-2.2020656	1.1780438	0.0191515	-2.2194769	1.1848547	-0.4668782	-2.2342591	1.1667615	-0.0612943	-2.2483232	1.1789003	-0.3786213	-2.1385621	0.9296410	-0.0209191	-2.1525227	0.9410550	-0.4446531	-2.2210564	0.9213802	-0.0059932	-2.2277810	0.9289171	-0.4449468
76	1.2500000	-2.2053900	1.4463479	-0.2286500	-2.1873600	1.4434379	-0.0735400	-2.2162700	1.1694579	-0.0257700	-2.1873400	0.8982579	-0.0209700	-2.2068100	1.4494079	-0.3843200	-2.2329900	1.1768779	-0.4257900	-2.1943100	0.9284679	-0.4344200	-2.1664700	0.9766579	-0.2268900	-2.1634800	0.9757179	-0.1253400	-2.2078000	0.5390079	-0.1560600	-2.2377700	0.1297079	-0.1816700	-2.1623300	0.9779979	-0.3284900	-2.1928300	0.5300279	-0.3155200	-2.2388000	0.1228179	-0.3102200	-2.0425400	0.0916679	-0.3124300	-2.0601300	0.0925279	-0.3161700	-2.2797900	0.0837279	-0.3031200	-2.1023600	0.0747479	-0.1565900	-2.1118400	0.0772479	-0.1549600	-2.2600800	0.0971179	-0.1947700	-2.2912623	1.4977022	-0.2389241	-2.2236178	1.4970212	-0.0960455	-2.1962056	1.4933355	-0.3731073	-2.1192897	1.0371977	-0.0760411	-2.1005590	1.0360373	-0.3676472	-2.2764460	1.0851296	-0.1770774	-2.2683573	1.0824719	-0.2911721	-2.2059629	0.5343576	-0.0961641	-2.1985776	0.5415870	-0.3835509	-2.1985193	0.5443738	-0.2116964	-2.1956396	0.5414364	-0.2656834	-2.2451355	0.1262049	-0.1458293	-2.2373300	0.1247043	-0.3559123	-2.2250087	0.1377945	-0.2190088	-2.2165982	0.1308608	-0.2766275	-2.3058060	0.1016798	-0.1943563	-2.3102515	0.0890510	-0.3106084	-2.1183620	0.0839115	-0.1766026	-2.0848351	0.0852576	-0.3127903	-2.1605176	0.0786027	-0.1298199	-2.1288560	0.0789008	-0.3677833	-2.1148465	0.8152860	-0.0690915	-2.1537094	0.7044511	-0.0564932	-2.2309275	0.8245630	-0.0405257	-2.1002805	0.8180085	-0.3977720	-2.1414871	0.7095974	-0.4152815	-2.2201185	0.8315538	-0.4274691	-2.2193066	0.4121534	-0.1098456	-2.2013935	0.2910947	-0.1124148	-2.2610055	0.2993309	-0.1100821	-2.2110207	0.4166782	-0.3812889	-2.1897483	0.2922366	-0.3831054	-2.2601792	0.3031668	-0.3859910	-2.2051672	0.9843950	-0.1402819	-2.1942011	0.9831004	-0.3183554	-2.2014461	1.1784190	0.0189702	-2.2193396	1.1851616	-0.4668662	-2.2336974	1.1671276	-0.0614454	-2.2481453	1.1792535	-0.3786583	-2.1380756	0.9299783	-0.0209996	-2.1528243	0.9412367	-0.4449609	-2.2207068	0.9217873	-0.0061618	-2.2280992	0.9292175	-0.4449944
77	1.2666667	-2.2059200	1.4462179	-0.2287500	-2.1890300	1.4426979	-0.0735000	-2.2177700	1.1688579	-0.0259300	-2.1873400	0.8981079	-0.0210200	-2.2062300	1.4495079	-0.3845200	-2.2333500	1.1778979	-0.4257300	-2.1948200	0.9294479	-0.4345100	-2.1667800	0.9766479	-0.2270600	-2.1651500	0.9756379	-0.1254800	-2.2098800	0.5375779	-0.1560800	-2.2388300	0.1293179	-0.1817800	-2.1612700	0.9784079	-0.3286700	-2.1940700	0.5296479	-0.3158100	-2.2408200	0.1221579	-0.3100900	-2.0413500	0.0934579	-0.3118100	-2.0594300	0.0939979	-0.3156900	-2.2831500	0.0834479	-0.3031000	-2.0982500	0.0753079	-0.1564400	-2.1080600	0.0775279	-0.1548200	-2.2625100	0.0960279	-0.1951300	-2.2918942	1.4975866	-0.2388402	-2.2241650	1.4969184	-0.0960263	-2.1969166	1.4933204	-0.3730802	-2.1195191	1.0372030	-0.0762848	-2.1009127	1.0359943	-0.3677911	-2.2767428	1.0851068	-0.1772225	-2.2687029	1.0824277	-0.2912720	-2.2062513	0.5343152	-0.0962522	-2.1991163	0.5415585	-0.3836919	-2.1988452	0.5443199	-0.2118415	-2.1961179	0.5414272	-0.2657905	-2.2454036	0.1261877	-0.1459436	-2.2376851	0.1246942	-0.3558524	-2.2253001	0.1377690	-0.2191624	-2.2169078	0.1308708	-0.2765847	-2.3060377	0.1016638	-0.1944457	-2.3104863	0.0890138	-0.3105153	-2.1186796	0.0839005	-0.1768099	-2.0852553	0.0853256	-0.3127561	-2.1607901	0.0785881	-0.1300183	-2.1292659	0.0789350	-0.3677089	-2.1150759	0.8152782	-0.0692411	-2.1539533	0.7044353	-0.0566091	-2.2311828	0.8245547	-0.0406215	-2.1007061	0.8179478	-0.3979580	-2.1419636	0.7095446	-0.4154498	-2.2205784	0.8315104	-0.4276169	-2.2195859	0.4121099	-0.1099436	-2.2016548	0.2910612	-0.1125338	-2.2612836	0.2992971	-0.1101698	-2.2115097	0.4166607	-0.3813637	-2.1901847	0.2922394	-0.3831431	-2.2606295	0.3031262	-0.3859858	-2.2054464	0.9843972	-0.1404567	-2.1945542	0.9830708	-0.3184877	-2.2020764	1.1783091	0.0187319	-2.2201778	1.1851168	-0.4668785	-2.2343319	1.1670580	-0.0616550	-2.2490063	1.1792673	-0.3787076	-2.1386679	0.9299213	-0.0210610	-2.1540372	0.9410791	-0.4452804	-2.2214917	0.9217647	-0.0063866	-2.2293264	0.9291763	-0.4450384
78	1.2833333	-2.2058300	1.4462579	-0.2289700	-2.1901500	1.4429779	-0.0736400	-2.2198700	1.1688479	-0.0260200	-2.1876700	0.8973079	-0.0211300	-2.2047500	1.4499779	-0.3847600	-2.2336100	1.1786579	-0.4256000	-2.1954000	0.9290279	-0.4346500	-2.1679600	0.9759879	-0.2272400	-2.1687000	0.9740879	-0.1254400	-2.2140900	0.5367279	-0.1557100	-2.2392800	0.1258479	-0.1818600	-2.1600400	0.9784479	-0.3289700	-2.1954000	0.5282679	-0.3161500	-2.2435200	0.1219479	-0.3098700	-2.0387000	0.0926379	-0.3112100	-2.0576100	0.0936379	-0.3152600	-2.2878600	0.0817479	-0.3030300	-2.0922400	0.0769879	-0.1563900	-2.1025900	0.0791879	-0.1547800	-2.2641400	0.0926879	-0.1955000	-2.2933556	1.4968415	-0.2388384	-2.2255872	1.4961773	-0.0960182	-2.1983643	1.4926560	-0.3731078	-2.1206803	1.0365896	-0.0764201	-2.1020345	1.0353338	-0.3680390	-2.2779991	1.0845201	-0.1774011	-2.2699450	1.0818223	-0.2914909	-2.2074844	0.5336006	-0.0963225	-2.2005572	0.5408621	-0.3838196	-2.2001103	0.5436085	-0.2120146	-2.1975244	0.5407940	-0.2658396	-2.2464310	0.1254692	-0.1460261	-2.2390079	0.1240269	-0.3557903	-2.2263632	0.1370620	-0.2193041	-2.2182056	0.1302388	-0.2765266	-2.3071194	0.1008897	-0.1945411	-2.3118037	0.0882887	-0.3104376	-2.1196102	0.0832907	-0.1769452	-2.0865199	0.0847912	-0.3126754	-2.1617171	0.0779380	-0.1301314	-2.1305504	0.0783348	-0.3676262	-2.1162033	0.8146042	-0.0693343	-2.1551163	0.7037482	-0.0566723	-2.2323979	0.8238893	-0.0406615	-2.1019487	0.8172078	-0.3981936	-2.1432873	0.7088080	-0.4156580	-2.2218875	0.8307950	-0.4278507	-2.2207514	0.4113996	-0.1100298	-2.2027345	0.2903613	-0.1126313	-2.2624021	0.2985613	-0.1102345	-2.2129148	0.4159838	-0.3814116	-2.1915531	0.2915758	-0.3831535	-2.2620172	0.3024271	-0.3859758	-2.2066588	0.9837578	-0.1406033	-2.1957451	0.9824021	-0.3186998	-2.2035606	1.1775990	0.0184677	-2.2215774	1.1845088	-0.4669775	-2.2357793	1.1663903	-0.0618667	-2.2505105	1.1786979	-0.3788423	-2.1400327	0.9292483	-0.0211661	-2.1557170	0.9403097	-0.4455248	-2.2229907	0.9210881	-0.0066399	-2.2310348	0.9285254	-0.4451838
79	1.3000000	-2.2057700	1.4459579	-0.2291800	-2.1908500	1.4425379	-0.0739100	-2.2212600	1.1685279	-0.0260700	-2.1882200	0.8973879	-0.0212600	-2.2039000	1.4499779	-0.3848600	-2.2335300	1.1792779	-0.4254900	-2.1956500	0.9292779	-0.4348100	-2.1688600	0.9755279	-0.2273200	-2.1708900	0.9733979	-0.1253200	-2.2173400	0.5355479	-0.1553300	-2.2395900	0.1246979	-0.1818700	-2.1596300	0.9781579	-0.3292100	-2.1962100	0.5277279	-0.3164300	-2.2446700	0.1216679	-0.3096000	-2.0378700	0.0923879	-0.3111600	-2.0570800	0.0933579	-0.3152800	-2.2901200	0.0807179	-0.3028600	-2.0890400	0.0777679	-0.1565100	-2.0996800	0.0798779	-0.1549100	-2.2645800	0.0911979	-0.1956100	-2.2944792	1.4963041	-0.2388086	-2.2266994	1.4956460	-0.0959432	-2.1994284	1.4921861	-0.3731036	-2.1216030	1.0361762	-0.0764048	-2.1028398	1.0348824	-0.3682185	-2.2789855	1.0841601	-0.1774904	-2.2708892	1.0814439	-0.2916564	-2.2084788	0.5330875	-0.0963100	-2.2017108	0.5403575	-0.3837973	-2.2011378	0.5431068	-0.2121019	-2.1986627	0.5403660	-0.2657546	-2.2470797	0.1249457	-0.1460294	-2.2400567	0.1235683	-0.3556536	-2.2270544	0.1365674	-0.2193725	-2.2192641	0.1298227	-0.2764019	-2.3078824	0.1002613	-0.1945737	-2.3129261	0.0877562	-0.3103181	-2.1200600	0.0829674	-0.1769739	-2.0874618	0.0844910	-0.3124861	-2.1621890	0.0775426	-0.1301235	-2.1315161	0.0779575	-0.3674599	-2.1170752	0.8141159	-0.0693233	-2.1560315	0.7032504	-0.0566372	-2.2333707	0.8234250	-0.0406002	-2.1028929	0.8166606	-0.3983121	-2.1443152	0.7082575	-0.4157383	-2.2228824	0.8302748	-0.4279768	-2.2216349	0.4108975	-0.1100316	-2.2034833	0.2898770	-0.1126468	-2.2632003	0.2980096	-0.1102146	-2.2140250	0.4155030	-0.3813232	-2.1926387	0.2911091	-0.3830373	-2.2631094	0.3019350	-0.3858631	-2.2076139	0.9833188	-0.1406386	-2.1966326	0.9819426	-0.3188382	-2.2047747	1.1771370	0.0183054	-2.2224386	1.1841764	-0.4670110	-2.2369271	1.1659719	-0.0620067	-2.2514831	1.1783909	-0.3789247	-2.1410495	0.9288441	-0.0211922	-2.1567764	0.9398420	-0.4456244	-2.2241075	0.9206483	-0.0068210	-2.2321155	0.9281572	-0.4452872
80	1.3166667	-2.2059400	1.4459279	-0.2292200	-2.1911400	1.4426279	-0.0740900	-2.2211600	1.1682579	-0.0260100	-2.1888900	0.8970279	-0.0213000	-2.2040100	1.4496779	-0.3847600	-2.2333700	1.1793079	-0.4254300	-2.1953400	0.9291079	-0.4349300	-2.1688000	0.9754879	-0.2272700	-2.1702700	0.9734779	-0.1251200	-2.2180800	0.5348479	-0.1550100	-2.2392100	0.1247679	-0.1818200	-2.1601200	0.9779779	-0.3293300	-2.1960800	0.5274979	-0.3164300	-2.2447000	0.1216679	-0.3094900	-2.0419500	0.0908579	-0.3125600	-2.0604700	0.0919679	-0.3164800	-2.2890000	0.0808579	-0.3025600	-2.0911300	0.0772479	-0.1571300	-2.1016500	0.0794079	-0.1555100	-2.2633700	0.0916379	-0.1953400	-2.2946719	1.4961882	-0.2387059	-2.2268927	1.4955657	-0.0958244	-2.1995788	1.4921525	-0.3730189	-2.1215536	1.0361566	-0.0763153	-2.1027402	1.0348372	-0.3682162	-2.2789434	1.0841541	-0.1774510	-2.2708327	1.0814199	-0.2916500	-2.2085550	0.5330158	-0.0962298	-2.2019261	0.5402866	-0.3836188	-2.2012589	0.5430397	-0.2120678	-2.1988528	0.5403398	-0.2655822	-2.2468061	0.1248871	-0.1459576	-2.2401479	0.1235402	-0.3554516	-2.2268188	0.1365318	-0.2193497	-2.2193765	0.1298191	-0.2762435	-2.3077014	0.1000918	-0.1945050	-2.3130533	0.0876832	-0.3101492	-2.1196083	0.0831060	-0.1769464	-2.0875379	0.0845415	-0.3122754	-2.1617447	0.0776119	-0.1300553	-2.1315924	0.0779680	-0.3672500	-2.1170146	0.8140303	-0.0692556	-2.1560180	0.7031719	-0.0565512	-2.2333591	0.8233899	-0.0404841	-2.1029416	0.8165425	-0.3982545	-2.1444337	0.7081439	-0.4156353	-2.2229216	0.8301980	-0.4278909	-2.2216048	0.4108437	-0.1099520	-2.2033204	0.2898493	-0.1125810	-2.2630776	0.2979111	-0.1101208	-2.2141831	0.4154509	-0.3811103	-2.1927824	0.2910679	-0.3828182	-2.2632361	0.3018885	-0.3856457	-2.2075768	0.9832864	-0.1405680	-2.1965645	0.9819000	-0.3188113	-2.2050224	1.1771264	0.0182908	-2.2222420	1.1842719	-0.4669532	-2.2371096	1.1659832	-0.0620247	-2.2513909	1.1784977	-0.3789299	-2.1411896	0.9288428	-0.0211177	-2.1567220	0.9398168	-0.4455956	-2.2243028	0.9206313	-0.0068825	-2.2320834	0.9281951	-0.4453129
81	1.3333333	-2.2063200	1.4459879	-0.2291300	-2.1917300	1.4419679	-0.0740400	-2.2207700	1.1681179	-0.0260000	-2.1890800	0.8973579	-0.0212200	-2.2043300	1.4499179	-0.3846300	-2.2332900	1.1793879	-0.4254100	-2.1946300	0.9293679	-0.4349800	-2.1683100	0.9754379	-0.2272600	-2.1686500	0.9739579	-0.1251200	-2.2177000	0.5336279	-0.1548200	-2.2388400	0.1260079	-0.1818200	-2.1607500	0.9777379	-0.3293600	-2.1962700	0.5279279	-0.3163400	-2.2452800	0.1211679	-0.3098000	-2.0458800	0.0912079	-0.3140100	-2.0636700	0.0919579	-0.3177300	-2.2882200	0.0818679	-0.3025900	-2.0936900	0.0761279	-0.1576800	-2.1040200	0.0783079	-0.1560500	-2.2632900	0.0925579	-0.1952600	-2.2945107	1.4960623	-0.2386789	-2.2267333	1.4955135	-0.0958088	-2.1993934	1.4921206	-0.3729952	-2.1210767	1.0361023	-0.0763199	-2.1022505	1.0347916	-0.3682011	-2.2784389	1.0840443	-0.1774629	-2.2703280	1.0813067	-0.2916501	-2.2082656	0.5329345	-0.0962146	-2.2017708	0.5402209	-0.3835240	-2.2010165	0.5429560	-0.2120804	-2.1986790	0.5402937	-0.2655230	-2.2461883	0.1248358	-0.1459401	-2.2399177	0.1235150	-0.3553443	-2.2262346	0.1364950	-0.2193780	-2.2191589	0.1297988	-0.2761885	-2.3071464	0.0999469	-0.1944886	-2.3128076	0.0876299	-0.3100637	-2.1188320	0.0832200	-0.1769849	-2.0873554	0.0845490	-0.3122042	-2.1609706	0.0776720	-0.1300545	-2.1313949	0.0779639	-0.3671548	-2.1165476	0.8139025	-0.0692630	-2.1556131	0.7030655	-0.0565422	-2.2329151	0.8233338	-0.0404466	-2.1026057	0.8164051	-0.3982202	-2.1441701	0.7080276	-0.4155707	-2.2225408	0.8301345	-0.4278222	-2.2212180	0.4107827	-0.1099263	-2.2028090	0.2898188	-0.1125636	-2.2626081	0.2978171	-0.1100828	-2.2139913	0.4154078	-0.3809963	-2.1925917	0.2910331	-0.3827012	-2.2630204	0.3018559	-0.3855214	-2.2070887	0.9832188	-0.1405595	-2.1960671	0.9818414	-0.3187969	-2.2048998	1.1771217	0.0182480	-2.2216237	1.1843797	-0.4669152	-2.2369145	1.1659994	-0.0620866	-2.2508703	1.1786221	-0.3789656	-2.1409867	0.9288575	-0.0210876	-2.1561913	0.9398576	-0.4455890	-2.2241426	0.9206433	-0.0069981	-2.2315643	0.9282585	-0.4453394
82	1.3500000	-2.2066000	1.4457379	-0.2291000	-2.1920900	1.4424879	-0.0739700	-2.2211400	1.1681179	-0.0262500	-2.1883900	0.8970179	-0.0211800	-2.2043900	1.4495079	-0.3846300	-2.2333800	1.1795479	-0.4254600	-2.1941800	0.9287879	-0.4349900	-2.1682200	0.9751179	-0.2274800	-2.1680400	0.9734379	-0.1255400	-2.2178100	0.5341779	-0.1549300	-2.2388600	0.1254679	-0.1819700	-2.1612200	0.9773579	-0.3293900	-2.1975300	0.5270879	-0.3163800	-2.2472800	0.1210579	-0.3103900	-2.0437500	0.0905279	-0.3141400	-2.0621100	0.0916479	-0.3179100	-2.2900400	0.0810479	-0.3030200	-2.0928900	0.0764379	-0.1574900	-2.1032800	0.0786479	-0.1559200	-2.2663500	0.0916379	-0.1957700	-2.2947841	1.4956803	-0.2389172	-2.2269846	1.4952240	-0.0960212	-2.1996256	1.4918138	-0.3732555	-2.1210230	1.0357856	-0.0765182	-2.1021230	1.0345137	-0.3684485	-2.2783827	1.0836817	-0.1777110	-2.2702441	1.0809577	-0.2919122	-2.2084230	0.5325707	-0.0963762	-2.2020369	0.5398854	-0.3837159	-2.2012300	0.5425877	-0.2123098	-2.1989442	0.5399825	-0.2657200	-2.2460553	0.1244635	-0.1460913	-2.2402181	0.1232052	-0.3555181	-2.2261495	0.1361395	-0.2196124	-2.2194624	0.1294852	-0.2763868	-2.3071282	0.0994975	-0.1946677	-2.3131313	0.0872954	-0.3102414	-2.1184734	0.0829849	-0.1772108	-2.0876402	0.0842488	-0.3123993	-2.1606383	0.0773890	-0.1302211	-2.1316856	0.0776588	-0.3673402	-2.1164800	0.8134909	-0.0694622	-2.1556235	0.7026758	-0.0567122	-2.2329011	0.8229978	-0.0405801	-2.1026441	0.8159933	-0.3984548	-2.1442940	0.7076409	-0.4157885	-2.2225514	0.8298095	-0.4280433	-2.2212804	0.4104264	-0.1100675	-2.2027472	0.2894792	-0.1127162	-2.2626145	0.2974237	-0.1101965	-2.2142606	0.4150923	-0.3811716	-2.1928817	0.2907176	-0.3828735	-2.2632993	0.3015492	-0.3856898	-2.2070260	0.9828727	-0.1407646	-2.1959576	0.9815198	-0.3190389	-2.2051633	1.1768810	0.0180118	-2.2213791	1.1842203	-0.4671025	-2.2370983	1.1657685	-0.0623439	-2.2507425	1.1784781	-0.3792120	-2.1411018	0.9286305	-0.0212794	-2.1559656	0.9396407	-0.4457425	-2.2242896	0.9204001	-0.0073117	-2.2313460	0.9280396	-0.4455549
83	1.3666667	-2.2061400	1.4456879	-0.2292200	-2.1918900	1.4424579	-0.0741000	-2.2216300	1.1675879	-0.0266100	-2.1876300	0.8965979	-0.0215200	-2.2035900	1.4496979	-0.3847300	-2.2337800	1.1793179	-0.4256900	-2.1945000	0.9287979	-0.4349700	-2.1690000	0.9752879	-0.2279300	-2.1685500	0.9738279	-0.1261200	-2.2174200	0.5347979	-0.1552000	-2.2398300	0.1255879	-0.1821300	-2.1622800	0.9774479	-0.3297200	-2.1988100	0.5273079	-0.3163500	-2.2494500	0.1207779	-0.3108100	-2.0425800	0.0909179	-0.3141900	-2.0614500	0.0919479	-0.3180500	-2.2927900	0.0810979	-0.3030600	-2.0918000	0.0763979	-0.1571700	-2.1022300	0.0784779	-0.1556400	-2.2699100	0.0912279	-0.1962100	-2.2958613	1.4957951	-0.2393580	-2.2280198	1.4954189	-0.0964214	-2.2006694	1.4919780	-0.3737430	-2.1218337	1.0359644	-0.0769100	-2.1028579	1.0347418	-0.3689566	-2.2792132	1.0838566	-0.1781648	-2.2710453	1.0811540	-0.2924069	-2.2093544	0.5326927	-0.0967308	-2.2031833	0.5400308	-0.3841304	-2.2022374	0.5427033	-0.2127452	-2.2000874	0.5401579	-0.2661231	-2.2468012	0.1245862	-0.1464021	-2.2414447	0.1233749	-0.3559347	-2.2269564	0.1362762	-0.2200258	-2.2206947	0.1296548	-0.2768159	-2.3080481	0.0995592	-0.1950068	-2.3144363	0.0874469	-0.3106600	-2.1189497	0.0832113	-0.1776073	-2.0887871	0.0844180	-0.3128165	-2.1611561	0.0775777	-0.1305359	-2.1328579	0.0778249	-0.3677669	-2.1172331	0.8135918	-0.0698798	-2.1564340	0.7027879	-0.0570857	-2.2337172	0.8231513	-0.0409046	-2.1035455	0.8160766	-0.3989302	-2.1452914	0.7077428	-0.4162443	-2.2234413	0.8299760	-0.4285112	-2.2221408	0.4105548	-0.1103853	-2.2035086	0.2896201	-0.1130417	-2.2634535	0.2975300	-0.1104653	-2.2154210	0.4152524	-0.3815726	-2.1940724	0.2908765	-0.3832749	-2.2644859	0.3017233	-0.3860965	-2.2078388	0.9830214	-0.1411832	-2.1967202	0.9816994	-0.3195271	-2.2061175	1.1770570	0.0175906	-2.2218877	1.1845287	-0.4675005	-2.2379785	1.1659590	-0.0627810	-2.2513835	1.1787885	-0.3796317	-2.1418035	0.9288368	-0.0216772	-2.1564656	0.9398735	-0.4460419	-2.2250182	0.9205550	-0.0078197	-2.2318517	0.9282765	-0.4459535
84	1.3833333	-2.2050600	1.4461779	-0.2293400	-2.1910300	1.4428679	-0.0743200	-2.2214300	1.1672279	-0.0267800	-2.1883200	0.8958279	-0.0223100	-2.2023300	1.4500979	-0.3847300	-2.2343100	1.1783179	-0.4261100	-2.1953800	0.9290479	-0.4349500	-2.1707500	0.9759579	-0.2285000	-2.1699600	0.9744679	-0.1265000	-2.2156400	0.5364779	-0.1552500	-2.2408700	0.1256879	-0.1822000	-2.1643400	0.9779979	-0.3304900	-2.1984300	0.5284579	-0.3160000	-2.2507500	0.1212379	-0.3109100	-2.0483400	0.0890779	-0.3157300	-2.0665500	0.0902579	-0.3194000	-2.2928400	0.0816379	-0.3022600	-2.0949000	0.0755979	-0.1575200	-2.1051200	0.0778879	-0.1559600	-2.2693300	0.0915979	-0.1958300	-2.2977446	1.4964287	-0.2398570	-2.2298813	1.4960965	-0.0969303	-2.2025566	1.4926439	-0.3742674	-2.1235587	1.0366180	-0.0774402	-2.1046266	1.0354518	-0.3695527	-2.2809520	1.0845292	-0.1786925	-2.2728027	1.0818511	-0.2929573	-2.2110068	0.5333223	-0.0972408	-2.2052010	0.5406770	-0.3846357	-2.2039775	0.5433171	-0.2132786	-2.2020500	0.5408113	-0.2666542	-2.2484254	0.1252653	-0.1467886	-2.2435460	0.1240396	-0.3564375	-2.2286368	0.1369462	-0.2204752	-2.2227883	0.1303105	-0.2773673	-2.3098111	0.1002045	-0.1953620	-2.3165635	0.0881423	-0.3111615	-2.1204095	0.0839184	-0.1781017	-2.0909035	0.0849834	-0.3133932	-2.1626269	0.0782784	-0.1309547	-2.1349896	0.0784268	-0.3683179	-2.1188749	0.8142474	-0.0704760	-2.1580688	0.7034369	-0.0576380	-2.2353736	0.8238066	-0.0414074	-2.1054437	0.8167062	-0.3995157	-2.1472517	0.7083767	-0.4167927	-2.2253177	0.8306556	-0.4290379	-2.2237745	0.4111969	-0.1108370	-2.2051071	0.2902784	-0.1134779	-2.2650915	0.2981858	-0.1108567	-2.2174480	0.4158980	-0.3820591	-2.1961499	0.2915114	-0.3837623	-2.2665331	0.3024063	-0.3865766	-2.2095787	0.9836705	-0.1417313	-2.1984806	0.9823892	-0.3201094	-2.2076188	1.1776127	0.0171018	-2.2231001	1.1852680	-0.4680197	-2.2394738	1.1665259	-0.0632438	-2.2527484	1.1794900	-0.3801506	-2.1431904	0.9293519	-0.0222339	-2.1576916	0.9404871	-0.4463854	-2.2263702	0.9210301	-0.0084089	-2.2330659	0.9289316	-0.4464939
85	1.4000000	-2.2045300	1.4461479	-0.2292900	-2.1909100	1.4422479	-0.0743300	-2.2210700	1.1668079	-0.0266800	-2.1902400	0.8964679	-0.0231300	-2.2014000	1.4506079	-0.3846100	-2.2344300	1.1773779	-0.4265600	-2.1960300	0.9295179	-0.4349200	-2.1727000	0.9758779	-0.2290300	-2.1718100	0.9744879	-0.1266500	-2.2132700	0.5380379	-0.1550000	-2.2416200	0.1264779	-0.1821800	-2.1663400	0.9778979	-0.3313900	-2.1967900	0.5298579	-0.3155600	-2.2509700	0.1228579	-0.3108200	-2.0575900	0.0866779	-0.3180700	-2.0743000	0.0878579	-0.3213700	-2.2903900	0.0837679	-0.3011700	-2.1004900	0.0739979	-0.1581800	-2.1102800	0.0764679	-0.1565700	-2.2655900	0.0936979	-0.1949200	-2.2996335	1.4963616	-0.2402344	-2.2317957	1.4960191	-0.0973762	-2.2044731	1.4925989	-0.3746211	-2.1254627	1.0364901	-0.0779625	-2.1066541	1.0354045	-0.3700397	-2.2828356	1.0843834	-0.1791636	-2.2747371	1.0817402	-0.2934153	-2.2125523	0.5332190	-0.0977621	-2.2072185	0.5405832	-0.3851096	-2.2055790	0.5431897	-0.2137556	-2.2039525	0.5407009	-0.2671919	-2.2500984	0.1252683	-0.1471172	-2.2457033	0.1239875	-0.3568094	-2.2303333	0.1369127	-0.2207934	-2.2249006	0.1302347	-0.2778393	-2.3115105	0.1002236	-0.1956054	-2.3186259	0.0881807	-0.3115107	-2.1221037	0.0838382	-0.1785219	-2.0932366	0.0847324	-0.3139749	-2.1642942	0.0782408	-0.1313414	-2.1373186	0.0782554	-0.3688013	-2.1206442	0.8142214	-0.0710762	-2.1597482	0.7033816	-0.0582118	-2.2371107	0.8236967	-0.0419634	-2.1075257	0.8166357	-0.4000695	-2.1493379	0.7083006	-0.4172988	-2.2273753	0.8305967	-0.4294737	-2.2253591	0.4111126	-0.1112935	-2.2067356	0.2902136	-0.1138835	-2.2667009	0.2981612	-0.1112610	-2.2194999	0.4158021	-0.3824833	-2.1982923	0.2913982	-0.3841689	-2.2686031	0.3023758	-0.3869397	-2.2114794	0.9835526	-0.1422671	-2.2004558	0.9823319	-0.3206208	-2.2090093	1.1773853	0.0166782	-2.2242173	1.1852468	-0.4684566	-2.2409088	1.1663159	-0.0636126	-2.2540055	1.1794141	-0.3806174	-2.1446672	0.9290650	-0.0228210	-2.1588511	0.9403891	-0.4466141	-2.2277369	0.9207237	-0.0089747	-2.2341819	0.9288928	-0.4470009
86	1.4166667	-2.2046500	1.4460379	-0.2291500	-2.1913000	1.4422179	-0.0741800	-2.2209000	1.1671579	-0.0265700	-2.1913800	0.8963079	-0.0234500	-2.2012700	1.4502779	-0.3844700	-2.2340300	1.1768079	-0.4268200	-2.1962700	0.9296379	-0.4348800	-2.1733800	0.9756479	-0.2292200	-2.1725400	0.9742479	-0.1265500	-2.2117900	0.5389779	-0.1547700	-2.2414900	0.1268579	-0.1820200	-2.1669400	0.9777079	-0.3318700	-2.1956700	0.5305079	-0.3154300	-2.2498900	0.1234479	-0.3105700	-2.0625700	0.0846179	-0.3194500	-2.0783000	0.0860079	-0.3224800	-2.2879200	0.0846679	-0.3004800	-2.1041900	0.0732579	-0.1582300	-2.1136500	0.0758579	-0.1566100	-2.2620400	0.0947279	-0.1941400	-2.3001049	1.4961847	-0.2402157	-2.2323239	1.4957859	-0.0974461	-2.2049740	1.4924351	-0.3745519	-2.1261248	1.0362027	-0.0781586	-2.1074010	1.0352155	-0.3701329	-2.2834499	1.0840239	-0.1793267	-2.2753853	1.0814221	-0.2935422	-2.2126822	0.5329800	-0.0979363	-2.2077888	0.5403436	-0.3852761	-2.2057151	0.5429134	-0.2138547	-2.2043727	0.5404322	-0.2674258	-2.2504404	0.1251096	-0.1470706	-2.2465114	0.1237778	-0.3567753	-2.2306522	0.1366953	-0.2206906	-2.2256214	0.1299892	-0.2779243	-2.3117656	0.1001220	-0.1954682	-2.3192376	0.0881120	-0.3114197	-2.1226031	0.0834944	-0.1785265	-2.0943222	0.0842414	-0.3142536	-2.1647496	0.0779811	-0.1313637	-2.1383961	0.0778727	-0.3689227	-2.1211406	0.8140917	-0.0713228	-2.1601066	0.7032075	-0.0584448	-2.2375587	0.8234270	-0.0422269	-2.1082820	0.8164416	-0.4003189	-2.1500528	0.7080973	-0.4174966	-2.2281230	0.8303892	-0.4295698	-2.2255672	0.4108771	-0.1114044	-2.2070336	0.2899811	-0.1139184	-2.2669501	0.2980017	-0.1113393	-2.2201503	0.4155577	-0.3825750	-2.1990696	0.2911229	-0.3842258	-2.2692870	0.3022002	-0.3869174	-2.2121134	0.9832689	-0.1424889	-2.2011476	0.9821188	-0.3207838	-2.2091044	1.1770556	0.0166118	-2.2239910	1.1850644	-0.4685612	-2.2410442	1.1659935	-0.0636590	-2.2538915	1.1791834	-0.3807763	-2.1449931	0.9286511	-0.0231066	-2.1586884	0.9401901	-0.4465121	-2.2279104	0.9203151	-0.0091995	-2.2339782	0.9287388	-0.4472112
87	1.4333333	-2.2047200	1.4459679	-0.2291100	-2.1913600	1.4423779	-0.0741100	-2.2207700	1.1673679	-0.0266200	-2.1906100	0.8961979	-0.0232100	-2.2013400	1.4499679	-0.3844500	-2.2334700	1.1765679	-0.4268500	-2.1965600	0.9293179	-0.4348500	-2.1724400	0.9760879	-0.2289500	-2.1711900	0.9748579	-0.1261300	-2.2114900	0.5384479	-0.1548200	-2.2398900	0.1269379	-0.1815800	-2.1663800	0.9781479	-0.3317700	-2.1955600	0.5301479	-0.3156200	-2.2481100	0.1225079	-0.3101500	-2.0616700	0.0840779	-0.3193700	-2.0772600	0.0853579	-0.3223500	-2.2875900	0.0833379	-0.3004600	-2.1043500	0.0733379	-0.1576400	-2.1136500	0.0757979	-0.1560500	-2.2596500	0.0950479	-0.1935300	-2.2988853	1.4966871	-0.2397172	-2.2311547	1.4962046	-0.0970252	-2.2037922	1.4929435	-0.3740199	-2.1251858	1.0366037	-0.0779057	-2.1064907	1.0356976	-0.3697467	-2.2824701	1.0843168	-0.1790696	-2.2744150	1.0817480	-0.2932369	-2.2112518	0.5334027	-0.0976107	-2.2067253	0.5407538	-0.3849960	-2.2042600	0.5432884	-0.2134585	-2.2031561	0.5408132	-0.2671817	-2.2491870	0.1255369	-0.1465495	-2.2457352	0.1241752	-0.3563047	-2.2293415	0.1370580	-0.2201096	-2.2247316	0.1303475	-0.2775449	-2.3103562	0.1006142	-0.1948771	-2.3182322	0.0886666	-0.3108597	-2.1215524	0.0837084	-0.1780273	-2.0938136	0.0843299	-0.3141156	-2.1636491	0.0782891	-0.1309119	-2.1378946	0.0780743	-0.3686156	-2.1200689	0.8146300	-0.0710701	-2.1589008	0.7036976	-0.0581826	-2.2364407	0.8238297	-0.0420259	-2.1073893	0.8168974	-0.4001330	-2.1491185	0.7085472	-0.4172598	-2.2272475	0.8308383	-0.4292333	-2.2242160	0.4112805	-0.1110205	-2.2057615	0.2903651	-0.1134581	-2.2656376	0.2984640	-0.1109438	-2.2191929	0.4159590	-0.3822331	-2.1982390	0.2914852	-0.3838592	-2.2683850	0.3026486	-0.3864543	-2.2111470	0.9836577	-0.1422633	-2.2002057	0.9825619	-0.3204876	-2.2078082	1.1773911	0.0169711	-2.2223704	1.1854701	-0.4682403	-2.2397223	1.1663301	-0.0633533	-2.2523452	1.1795765	-0.3804908	-2.1438780	0.9289306	-0.0228944	-2.1572346	0.9406016	-0.4460636	-2.2266846	0.9205975	-0.0089772	-2.2325212	0.9291806	-0.4469901
88	1.4500000	-2.2044200	1.4462479	-0.2292200	-2.1910900	1.4429879	-0.0742000	-2.2205400	1.1676679	-0.0268200	-2.1892500	0.8960379	-0.0228200	-2.2011100	1.4493979	-0.3845900	-2.2333800	1.1763879	-0.4267700	-2.1970500	0.9296779	-0.4349000	-2.1711800	0.9770979	-0.2285200	-2.1692300	0.9758279	-0.1256600	-2.2118900	0.5371079	-0.1550300	-2.2375800	0.1268279	-0.1810700	-2.1658300	0.9790179	-0.3313900	-2.1957300	0.5299779	-0.3158700	-2.2469100	0.1206979	-0.3099100	-2.0593100	0.0843179	-0.3188000	-2.0751400	0.0856179	-0.3218400	-2.2889300	0.0817779	-0.3008500	-2.1030200	0.0737679	-0.1571800	-2.1123200	0.0761979	-0.1556200	-2.2572800	0.0940079	-0.1930400	-2.2973400	1.4977368	-0.2390747	-2.2296448	1.4971618	-0.0964586	-2.2023048	1.4939942	-0.3733584	-2.1239040	1.0376021	-0.0775116	-2.1052486	1.0367295	-0.3692043	-2.2811873	1.0852029	-0.1786668	-2.2731443	1.0826471	-0.2927776	-2.2096409	0.5343678	-0.0971085	-2.2054410	0.5416992	-0.3845456	-2.2026136	0.5442033	-0.2128998	-2.2017240	0.5417320	-0.2667314	-2.2476373	0.1264482	-0.1459067	-2.2447019	0.1250692	-0.3557499	-2.2277198	0.1379079	-0.2194115	-2.2235708	0.1312023	-0.2770441	-2.3086111	0.1015774	-0.1941676	-2.3169702	0.0897009	-0.3101939	-2.1202206	0.0844335	-0.1774066	-2.0929991	0.0849356	-0.3138792	-2.1622527	0.0790950	-0.1303487	-2.1371051	0.0787822	-0.3682227	-2.1187337	0.8157086	-0.0706337	-2.1574616	0.7047296	-0.0577406	-2.2350633	0.8248110	-0.0416500	-2.1061944	0.8178828	-0.3997913	-2.1479106	0.7095302	-0.4168671	-2.2260937	0.8318375	-0.4287554	-2.2226580	0.4122148	-0.1104740	-2.2042408	0.2912673	-0.1128489	-2.2640913	0.2994275	-0.1104053	-2.2180075	0.4168926	-0.3817533	-2.1971494	0.2923808	-0.3833876	-2.2672644	0.3036040	-0.3858781	-2.2098667	0.9846351	-0.1418788	-2.1989519	0.9835597	-0.3200265	-2.2064100	1.1782266	0.0174255	-2.2207586	1.1863458	-0.4678195	-2.2382547	1.1671709	-0.0629782	-2.2507879	1.1804596	-0.3800721	-2.1425744	0.9297584	-0.0224618	-2.1559060	0.9414595	-0.4456136	-2.2253402	0.9214228	-0.0086088	-2.2312139	0.9300798	-0.4466138
89	1.4666667	-2.2041600	1.4462779	-0.2294000	-2.1912500	1.4432179	-0.0743400	-2.2205200	1.1675779	-0.0270800	-2.1889000	0.8959579	-0.0226800	-2.2004200	1.4491879	-0.3847900	-2.2339700	1.1761879	-0.4267400	-2.1973900	0.9294179	-0.4350800	-2.1707800	0.9771079	-0.2283200	-2.1685900	0.9759779	-0.1255500	-2.2123000	0.5365479	-0.1551300	-2.2365300	0.1267479	-0.1809500	-2.1656700	0.9789779	-0.3311200	-2.1956300	0.5297379	-0.3160300	-2.2471200	0.1206879	-0.3100800	-2.0588600	0.0845979	-0.3185100	-2.0747900	0.0858879	-0.3216200	-2.2896900	0.0816079	-0.3012800	-2.1019500	0.0736079	-0.1573300	-2.1113100	0.0759879	-0.1557400	-2.2561000	0.0943179	-0.1928800	-2.2966834	1.4977889	-0.2387028	-2.2290219	1.4971159	-0.0961674	-2.2017132	1.4940429	-0.3729564	-2.1234665	1.0376296	-0.0773445	-2.1048659	1.0367453	-0.3689141	-2.2807838	1.0851324	-0.1784949	-2.2727583	1.0825741	-0.2925579	-2.2089516	0.5343168	-0.0968535	-2.2050673	0.5416216	-0.3843246	-2.2018807	0.5441156	-0.2126058	-2.2012139	0.5416388	-0.2664895	-2.2469272	0.1263579	-0.1455721	-2.2445425	0.1249657	-0.3554652	-2.2269418	0.1377667	-0.2190152	-2.2232839	0.1310632	-0.2768014	-2.3076970	0.1015372	-0.1937499	-2.3165952	0.0897087	-0.3097995	-2.1197435	0.0841911	-0.1771129	-2.0930352	0.0846012	-0.3138953	-2.1616956	0.0789173	-0.1301100	-2.1371708	0.0785297	-0.3680950	-2.1182774	0.8157725	-0.0704159	-2.1569186	0.7047457	-0.0575270	-2.2345770	0.8247926	-0.0414934	-2.1058615	0.8178404	-0.3996790	-2.1475844	0.7094839	-0.4167088	-2.2258160	0.8318174	-0.4285258	-2.2219957	0.4121441	-0.1102010	-2.2035917	0.2911700	-0.1125293	-2.2634160	0.2993760	-0.1101534	-2.2177232	0.4168133	-0.3815106	-2.1969404	0.2922785	-0.3831714	-2.2670419	0.3035439	-0.3855562	-2.2094495	0.9846308	-0.1417152	-2.1985687	0.9835485	-0.3198007	-2.2059933	1.1780448	0.0175663	-2.2202141	1.1861960	-0.4676789	-2.2377456	1.1669992	-0.0628739	-2.2503068	1.1803202	-0.3799234	-2.1422180	0.9295977	-0.0222481	-2.1556869	0.9412582	-0.4454710	-2.2249594	0.9212575	-0.0084964	-2.2310283	0.9299365	-0.4464794
90	1.4833333	-2.2040000	1.4458579	-0.2295300	-2.1917000	1.4425979	-0.0744600	-2.2208700	1.1668979	-0.0272900	-2.1894400	0.8962479	-0.0227500	-2.1995600	1.4493979	-0.3849100	-2.2347100	1.1761579	-0.4267800	-2.1972300	0.9289879	-0.4353000	-2.1707900	0.9769079	-0.2283700	-2.1689700	0.9754879	-0.1257500	-2.2122900	0.5364779	-0.1550600	-2.2372100	0.1270579	-0.1812000	-2.1653500	0.9787679	-0.3310100	-2.1951700	0.5291179	-0.3160600	-2.2476500	0.1227079	-0.3104500	-2.0594700	0.0853479	-0.3184100	-2.0753200	0.0865179	-0.3215700	-2.2889900	0.0829479	-0.3015800	-2.1013200	0.0733179	-0.1577900	-2.1108500	0.0757779	-0.1561600	-2.2563700	0.0954779	-0.1930300	-2.2964548	1.4976130	-0.2386133	-2.2288433	1.4968422	-0.0961689	-2.2015427	1.4938648	-0.3728097	-2.1234568	1.0374436	-0.0774276	-2.1048883	1.0365371	-0.3688737	-2.2807961	1.0848592	-0.1785843	-2.2727800	1.0822936	-0.2925999	-2.2086863	0.5340493	-0.0968692	-2.2050752	0.5413309	-0.3843550	-2.2015643	0.5438232	-0.2125906	-2.2011077	0.5413424	-0.2665062	-2.2466149	0.1260879	-0.1455376	-2.2447409	0.1246887	-0.3554359	-2.2265724	0.1374561	-0.2189142	-2.2233773	0.1307545	-0.2768222	-2.3071929	0.1013271	-0.1936251	-2.3165920	0.0895093	-0.3096867	-2.1196609	0.0837836	-0.1771327	-2.0934395	0.0841597	-0.3141316	-2.1615309	0.0785673	-0.1301812	-2.1375884	0.0781481	-0.3681969	-2.1182353	0.8156215	-0.0704503	-2.1567948	0.7045458	-0.0575706	-2.2345149	0.8245589	-0.0415910	-2.1059140	0.8175852	-0.3997980	-2.1476385	0.7092194	-0.4167905	-2.2259146	0.8315774	-0.4285459	-2.2217417	0.4118697	-0.1102159	-2.2033458	0.2908818	-0.1125095	-2.2631382	0.2991239	-0.1101904	-2.2178101	0.4165333	-0.3815130	-2.1970991	0.2919886	-0.3831953	-2.2671760	0.3032889	-0.3854884	-2.2094478	0.9844217	-0.1418035	-2.1985897	0.9833267	-0.3198270	-2.2061318	1.1776229	0.0174252	-2.2201776	1.1858285	-0.4678095	-2.2377627	1.1665975	-0.0630392	-2.2503354	1.1799698	-0.3800262	-2.1423703	0.9292258	-0.0222523	-2.1559325	0.9408444	-0.4456192	-2.2251188	0.9208737	-0.0086358	-2.2313286	0.9295799	-0.4466098
91	1.5000000	-2.2037100	1.4459679	-0.2295900	-2.1916000	1.4425579	-0.0745700	-2.2215300	1.1666379	-0.0273500	-2.1900400	0.8959779	-0.0228700	-2.1991400	1.4493479	-0.3849100	-2.2352000	1.1764879	-0.4268800	-2.1968500	0.9296179	-0.4354400	-2.1707100	0.9765979	-0.2284900	-2.1694100	0.9752079	-0.1260000	-2.2119600	0.5357479	-0.1549100	-2.2386100	0.1270079	-0.1815400	-2.1647700	0.9785579	-0.3309700	-2.1944100	0.5294979	-0.3159300	-2.2474900	0.1239079	-0.3107200	-2.0593600	0.0851879	-0.3184200	-2.0752400	0.0866979	-0.3216100	-2.2878500	0.0859379	-0.3016100	-2.1017000	0.0739179	-0.1582100	-2.1113600	0.0764279	-0.1565500	-2.2572000	0.0956579	-0.1932900	-2.2961620	1.4973185	-0.2386278	-2.2286141	1.4964569	-0.0962589	-2.2012813	1.4935711	-0.3727563	-2.1233870	1.0371322	-0.0775870	-2.1048069	1.0362135	-0.3688871	-2.2807153	1.0844766	-0.1787663	-2.2726927	1.0819065	-0.2927268	-2.2083538	0.5336823	-0.0969715	-2.2049152	0.5409444	-0.3844563	-2.2011662	0.5434385	-0.2126522	-2.2008520	0.5409533	-0.2666069	-2.2462596	0.1257427	-0.1456193	-2.2447801	0.1243407	-0.3554882	-2.2261683	0.1370784	-0.2189222	-2.2233316	0.1303750	-0.2769280	-2.3066550	0.1010511	-0.1936212	-2.3164512	0.0892193	-0.3096793	-2.1195453	0.0833049	-0.1772620	-2.0936880	0.0836787	-0.3144125	-2.1613352	0.0781434	-0.1303668	-2.1378375	0.0777189	-0.3683557	-2.1181289	0.8153604	-0.0705634	-2.1566073	0.7042401	-0.0576951	-2.2343860	0.8242155	-0.0417810	-2.1058328	0.8172409	-0.3999710	-2.1475410	0.7088606	-0.4169319	-2.2258700	0.8312306	-0.4286289	-2.2214185	0.4115016	-0.1103301	-2.2030454	0.2905077	-0.1126016	-2.2627923	0.2987831	-0.1103319	-2.2177260	0.4161632	-0.3815880	-2.1970945	0.2916152	-0.3832879	-2.2671366	0.3029516	-0.3855016	-2.2093653	0.9841015	-0.1419734	-2.1985049	0.9830006	-0.3199214	-2.2063122	1.1771375	0.0172129	-2.2201596	1.1854193	-0.4680106	-2.2378193	1.1661358	-0.0632697	-2.2503599	1.1795685	-0.3802014	-2.1425677	0.9288013	-0.0223289	-2.1560620	0.9404285	-0.4458375	-2.2253070	0.9204366	-0.0088450	-2.2315257	0.9291960	-0.4467913
92	1.5166667	-2.2038200	1.4455679	-0.2295500	-2.1915000	1.4418279	-0.0745700	-2.2226400	1.1658179	-0.0272200	-2.1905500	0.8963079	-0.0230700	-2.1994500	1.4495379	-0.3848200	-2.2358500	1.1764279	-0.4270400	-2.1968800	0.9293579	-0.4354900	-2.1709600	0.9763979	-0.2286800	-2.1701800	0.9746579	-0.1262500	-2.2118300	0.5365179	-0.1547100	-2.2406500	0.1272579	-0.1819100	-2.1645100	0.9785079	-0.3310900	-2.1934800	0.5295679	-0.3157100	-2.2482200	0.1260679	-0.3109700	-2.0595800	0.0861479	-0.3187600	-2.0754400	0.0877279	-0.3219300	-2.2868400	0.0873679	-0.3013400	-2.1031800	0.0733779	-0.1586000	-2.1128400	0.0758879	-0.1569100	-2.2590500	0.0967779	-0.1936900	-2.2962214	1.4971315	-0.2387102	-2.2287332	1.4961901	-0.0964058	-2.2013654	1.4933903	-0.3727814	-2.1236622	1.0369120	-0.0778217	-2.1050491	1.0360020	-0.3689574	-2.2809537	1.0841947	-0.1790227	-2.2729160	1.0816293	-0.2929200	-2.2083416	0.5334424	-0.0971383	-2.2050160	0.5406942	-0.3846332	-2.2010974	0.5431862	-0.2127769	-2.2008549	0.5407032	-0.2667973	-2.2463193	0.1255622	-0.1457789	-2.2450890	0.1241541	-0.3556049	-2.2261916	0.1368656	-0.2190178	-2.2235636	0.1301575	-0.2771060	-2.3065574	0.1009437	-0.1937000	-2.3165844	0.0890843	-0.3097489	-2.1198335	0.0829915	-0.1774799	-2.0942176	0.0833749	-0.3147380	-2.1615482	0.0778838	-0.1306327	-2.1383587	0.0774625	-0.3685633	-2.1183488	0.8152107	-0.0707586	-2.1567427	0.7040524	-0.0578943	-2.2345789	0.8239815	-0.0420427	-2.1060593	0.8170368	-0.4002106	-2.1477336	0.7086391	-0.4171399	-2.2261224	0.8310027	-0.4287688	-2.2214343	0.4112691	-0.1105092	-2.2031133	0.2902754	-0.1127711	-2.2628116	0.2985920	-0.1105333	-2.2179007	0.4159320	-0.3817337	-2.1973592	0.2913887	-0.3834450	-2.2673525	0.3027637	-0.3855832	-2.2096160	0.9838855	-0.1422193	-2.1987395	0.9827919	-0.3200829	-2.2069308	1.1767588	0.0169895	-2.2205208	1.1851280	-0.4682582	-2.2383037	1.1657805	-0.0635356	-2.2507515	1.1792899	-0.3804040	-2.1431099	0.9285094	-0.0224367	-2.1564747	0.9401617	-0.4460949	-2.2258715	0.9201064	-0.0091138	-2.2320295	0.9289344	-0.4469958
93	1.5333333	-2.2042800	1.4454779	-0.2294200	-2.1917400	1.4415579	-0.0745000	-2.2235800	1.1655779	-0.0270300	-2.1911200	0.8959979	-0.0233500	-2.2001200	1.4496679	-0.3846500	-2.2366600	1.1765179	-0.4271700	-2.1972500	0.9293779	-0.4355400	-2.1715500	0.9760079	-0.2289800	-2.1711100	0.9741679	-0.1265300	-2.2115100	0.5371679	-0.1545200	-2.2425700	0.1271779	-0.1822500	-2.1647500	0.9782879	-0.3314000	-2.1929500	0.5299279	-0.3155900	-2.2494000	0.1265779	-0.3113000	-2.0606300	0.0855079	-0.3193800	-2.0763000	0.0867679	-0.3225100	-2.2866300	0.0884579	-0.3011200	-2.1052200	0.0733379	-0.1588600	-2.1147900	0.0758279	-0.1571500	-2.2609400	0.0965279	-0.1941600	-2.2966511	1.4967565	-0.2388816	-2.2292164	1.4957400	-0.0966277	-2.2018085	1.4930303	-0.3729052	-2.1242814	1.0364983	-0.0781625	-2.1056284	1.0356096	-0.3691335	-2.2815274	1.0837277	-0.1793885	-2.2734722	1.0811742	-0.2932208	-2.2086508	0.5330351	-0.0974005	-2.2053952	0.5402768	-0.3849235	-2.2013556	0.5427673	-0.2129916	-2.2011246	0.5402826	-0.2671060	-2.2468191	0.1252408	-0.1460465	-2.2457179	0.1238110	-0.3558260	-2.2266622	0.1365077	-0.2192204	-2.2241115	0.1297825	-0.2773948	-2.3069161	0.1006932	-0.1938906	-2.3170373	0.0888101	-0.3099256	-2.1205684	0.0825338	-0.1777951	-2.0950786	0.0828815	-0.3151710	-2.1622109	0.0774828	-0.1309980	-2.1392128	0.0770298	-0.3688765	-2.1189052	0.8148786	-0.0710664	-2.1572086	0.7036882	-0.0581991	-2.2351033	0.8235621	-0.0424131	-2.1066103	0.8166720	-0.4005693	-2.1482348	0.7082556	-0.4174627	-2.2266985	0.8305955	-0.4290139	-2.2218029	0.4108729	-0.1107878	-2.2035743	0.2898813	-0.1130467	-2.2632129	0.2982553	-0.1108335	-2.2183636	0.4155300	-0.3819886	-2.1979305	0.2909928	-0.3837110	-2.2678667	0.3024160	-0.3857701	-2.2102088	0.9834764	-0.1425767	-2.1993098	0.9823980	-0.3203548	-2.2078808	1.1762347	0.0167269	-2.2212530	1.1847108	-0.4685724	-2.2391458	1.1652697	-0.0638307	-2.2515048	1.1788689	-0.3806903	-2.1439593	0.9280695	-0.0226441	-2.1571519	0.9397793	-0.4463907	-2.2267250	0.9196197	-0.0094550	-2.2328023	0.9285353	-0.4472418
94	1.5500000	-2.2047200	1.4453279	-0.2293100	-2.1921000	1.4413479	-0.0744800	-2.2234700	1.1655179	-0.0270300	-2.1916300	0.8955679	-0.0235400	-2.2006200	1.4497779	-0.3844400	-2.2369800	1.1765379	-0.4272400	-2.1973400	0.9295079	-0.4356300	-2.1717100	0.9760379	-0.2293200	-2.1711200	0.9741579	-0.1268900	-2.2099200	0.5379779	-0.1545700	-2.2430700	0.1277879	-0.1822900	-2.1650600	0.9783579	-0.3317300	-2.1927500	0.5301379	-0.3156800	-2.2496400	0.1266179	-0.3116200	-2.0632300	0.0846679	-0.3198100	-2.0786900	0.0860579	-0.3228800	-2.2857100	0.0890379	-0.3012600	-2.1064600	0.0731879	-0.1587500	-2.1159400	0.0757679	-0.1570700	-2.2619500	0.0969879	-0.1942900	-2.2966774	1.4967845	-0.2390284	-2.2292974	1.4956884	-0.0968505	-2.2018652	1.4930945	-0.3729953	-2.1244579	1.0365062	-0.0785583	-2.1058065	1.0356446	-0.3693340	-2.2816526	1.0836552	-0.1797777	-2.2735958	1.0811185	-0.2935307	-2.2084745	0.5330627	-0.0976828	-2.2053376	0.5402940	-0.3852476	-2.2011454	0.5427767	-0.2132249	-2.2009410	0.5402899	-0.2674622	-2.2469596	0.1253870	-0.1463136	-2.2459435	0.1239188	-0.3560718	-2.2267739	0.1366045	-0.2194215	-2.2242540	0.1298558	-0.2777248	-2.3069190	0.1009061	-0.1940746	-2.3170600	0.0890261	-0.3101315	-2.1209549	0.0825346	-0.1781017	-2.0955911	0.0827772	-0.3156430	-2.1625241	0.0775483	-0.1313565	-2.1397089	0.0770082	-0.3692127	-2.1189955	0.8149749	-0.0714225	-2.1571997	0.7037547	-0.0585420	-2.2351576	0.8235656	-0.0428173	-2.1067549	0.8167393	-0.4009613	-2.1483217	0.7083070	-0.4178144	-2.2268559	0.8306152	-0.4292745	-2.2217264	0.4109168	-0.1110802	-2.2036287	0.2899292	-0.1133303	-2.2632030	0.2983821	-0.1111379	-2.2183983	0.4155616	-0.3822717	-2.1980917	0.2910330	-0.3840019	-2.2679560	0.3025147	-0.3859801	-2.2103563	0.9834803	-0.1429781	-2.1994572	0.9824211	-0.3206537	-2.2083696	1.1761221	0.0164837	-2.2215664	1.1847320	-0.4688737	-2.2395560	1.1651611	-0.0641012	-2.2518276	1.1788746	-0.3809801	-2.1443725	0.9280195	-0.0228700	-2.1573567	0.9398347	-0.4466803	-2.2271469	0.9195346	-0.0097810	-2.2330904	0.9285619	-0.4474771
95	1.5666667	-2.2047000	1.4456879	-0.2293300	-2.1913300	1.4417679	-0.0746900	-2.2217500	1.1660579	-0.0274300	-2.1918900	0.8957679	-0.0235300	-2.2014400	1.4498379	-0.3843100	-2.2362200	1.1760179	-0.4273000	-2.1965800	0.9293479	-0.4357100	-2.1708700	0.9766579	-0.2295900	-2.1695300	0.9750879	-0.1273600	-2.2066200	0.5392179	-0.1550700	-2.2416400	0.1287679	-0.1819700	-2.1650000	0.9788079	-0.3318100	-2.1925700	0.5304279	-0.3159500	-2.2477300	0.1262479	-0.3117400	-2.0649300	0.0845479	-0.3192600	-2.0803400	0.0860479	-0.3223800	-2.2827900	0.0889879	-0.3018100	-2.1062500	0.0730779	-0.1581200	-2.1156100	0.0755779	-0.1564900	-2.2617100	0.0972879	-0.1940000	-2.2957378	1.4973692	-0.2390351	-2.2284039	1.4961878	-0.0969793	-2.2009949	1.4937401	-0.3729350	-2.1236059	1.0371011	-0.0789328	-2.1050368	1.0362692	-0.3694261	-2.2807427	1.0841314	-0.1800745	-2.2727162	1.0816115	-0.2937136	-2.2072673	0.5336886	-0.0978733	-2.2043062	0.5409087	-0.3854881	-2.1999179	0.5433683	-0.2133675	-2.1997824	0.5408824	-0.2677530	-2.2461240	0.1261346	-0.1464534	-2.2451773	0.1246205	-0.3562290	-2.2259000	0.1372890	-0.2195055	-2.2234155	0.1305204	-0.2779753	-2.3059281	0.1017212	-0.1941333	-2.3160499	0.0898619	-0.3102608	-2.1203721	0.0831169	-0.1782781	-2.0951834	0.0832289	-0.3160146	-2.1618668	0.0782065	-0.1315868	-2.1392599	0.0775572	-0.3694353	-2.1180478	0.8156639	-0.0717167	-2.1561529	0.7044176	-0.0588113	-2.2341708	0.8241658	-0.0431485	-2.1059367	0.8173996	-0.4012469	-2.1474396	0.7089551	-0.4180643	-2.2260307	0.8312294	-0.4294278	-2.2206417	0.4115553	-0.1112636	-2.2026862	0.2905712	-0.1134942	-2.2622059	0.2991152	-0.1113246	-2.2174500	0.4161873	-0.3824710	-2.1972689	0.2916684	-0.3842005	-2.2670532	0.3032049	-0.3861065	-2.2094736	0.9840661	-0.1433230	-2.1986226	0.9830277	-0.3208500	-2.2077754	1.1765947	0.0163287	-2.2209055	1.1852694	-0.4690536	-2.2389379	1.1656140	-0.0642615	-2.2511493	1.1793879	-0.3811699	-2.1438641	0.9284768	-0.0230306	-2.1565852	0.9404066	-0.4468726	-2.2266336	0.9200133	-0.0099823	-2.2323558	0.9290992	-0.4476036
96	1.5833333	-2.2045500	1.4456179	-0.2294800	-2.1895400	1.4418879	-0.0750500	-2.2194000	1.1657179	-0.0279900	-2.1914600	0.8963279	-0.0232900	-2.2029800	1.4497279	-0.3843400	-2.2343300	1.1750179	-0.4273400	-2.1951300	0.9288979	-0.4357300	-2.1692100	0.9776079	-0.2296000	-2.1668100	0.9766179	-0.1277100	-2.2034300	0.5399179	-0.1558400	-2.2393300	0.1302579	-0.1815100	-2.1644400	0.9792679	-0.3315300	-2.1926500	0.5305479	-0.3163300	-2.2441100	0.1249379	-0.3115600	-2.0628500	0.0873779	-0.3175200	-2.0786300	0.0884779	-0.3208300	-2.2790100	0.0876079	-0.3026400	-2.1041100	0.0724179	-0.1570700	-2.1134600	0.0748679	-0.1555200	-2.2614600	0.0984779	-0.1936700	-2.2940264	1.4982377	-0.2387476	-2.2266869	1.4969782	-0.0968451	-2.1994104	1.4946767	-0.3726122	-2.1218956	1.0380235	-0.0791104	-2.1034976	1.0372162	-0.3692291	-2.2789785	1.0849079	-0.1800834	-2.2710179	1.0823994	-0.2935733	-2.2052803	0.5346358	-0.0977785	-2.2025138	0.5418476	-0.3854586	-2.1979236	0.5442672	-0.2132517	-2.1978876	0.5417951	-0.2677707	-2.2444658	0.1271777	-0.1462965	-2.2435546	0.1256290	-0.3561036	-2.2241955	0.1382669	-0.2193334	-2.2217428	0.1314985	-0.2779301	-2.3041062	0.1028280	-0.1939222	-2.3141626	0.0909855	-0.3101209	-2.1189259	0.0840007	-0.1781651	-2.0939391	0.0840431	-0.3160407	-2.1603532	0.0791634	-0.1315178	-2.1379483	0.0784499	-0.3693213	-2.1162486	0.8166656	-0.0717446	-2.1542782	0.7053988	-0.0588032	-2.2323482	0.8251021	-0.0431941	-2.1043218	0.8183796	-0.4012220	-2.1457659	0.7099235	-0.4180201	-2.2243997	0.8321673	-0.4293031	-2.2187661	0.4125068	-0.1111422	-2.2009251	0.2915246	-0.1133544	-2.2604239	0.3001513	-0.1112020	-2.2157080	0.4171341	-0.3823999	-2.1956180	0.2926311	-0.3841152	-2.2653333	0.3041940	-0.3859680	-2.2077391	0.9849788	-0.1434169	-2.1969906	0.9839573	-0.3207507	-2.2062954	1.1773248	0.0164097	-2.2194754	1.1859705	-0.4689250	-2.2374825	1.1663053	-0.0641797	-2.2496552	1.1800730	-0.3810578	-2.1426190	0.9291360	-0.0229424	-2.1550621	0.9411668	-0.4468406	-2.2254009	0.9207594	-0.0099068	-2.2308158	0.9298226	-0.4474406
97	1.6000000	-2.2043900	1.4459979	-0.2296500	-2.1875700	1.4433879	-0.0753500	-2.2177500	1.1660479	-0.0283700	-2.1903700	0.8956179	-0.0229900	-2.2046400	1.4492379	-0.3844600	-2.2318100	1.1745179	-0.4273500	-2.1938900	0.9287779	-0.4356900	-2.1677000	0.9785879	-0.2293800	-2.1644300	0.9777079	-0.1276800	-2.2025600	0.5403479	-0.1564100	-2.2369400	0.1298279	-0.1812100	-2.1638400	0.9797779	-0.3311400	-2.1932800	0.5300679	-0.3167100	-2.2407500	0.1233079	-0.3112200	-2.0581600	0.0884779	-0.3157300	-2.0746300	0.0899379	-0.3192400	-2.2764100	0.0857479	-0.3034200	-2.1020100	0.0738479	-0.1561700	-2.1114100	0.0763879	-0.1546700	-2.2607000	0.0969679	-0.1937200	-2.2925404	1.4990985	-0.2382644	-2.2251263	1.4977817	-0.0965098	-2.1980860	1.4955962	-0.3721490	-2.1202860	1.0389923	-0.0790904	-2.1021336	1.0381730	-0.3688230	-2.2773607	1.0857498	-0.1798318	-2.2694966	1.0832336	-0.2931678	-2.2035939	0.5355985	-0.0974584	-2.2009357	0.5427975	-0.3851935	-2.1962320	0.5451768	-0.2129456	-2.1962307	0.5427182	-0.2675236	-2.2429802	0.1281706	-0.1459420	-2.2419858	0.1266055	-0.3557573	-2.2226599	0.1392002	-0.2190021	-2.2201362	0.1324523	-0.2776386	-2.3024538	0.1038647	-0.1935397	-2.3123349	0.0920336	-0.3097633	-2.1176134	0.0848670	-0.1778633	-2.0927112	0.0849020	-0.3157869	-2.1589743	0.0800881	-0.1312530	-2.1366474	0.0793585	-0.3689489	-2.1146152	0.8176668	-0.0715243	-2.1526189	0.7063892	-0.0585494	-2.2307182	0.8260848	-0.0429781	-2.1028650	0.8193766	-0.4009476	-2.1442649	0.7109054	-0.4177375	-2.2229449	0.8331218	-0.4289642	-2.2171544	0.4134604	-0.1107943	-2.1993751	0.2924705	-0.1129977	-2.2588829	0.3011550	-0.1108620	-2.2141293	0.4180831	-0.3820972	-2.1940697	0.2935974	-0.3838020	-2.2637470	0.3051533	-0.3856122	-2.2061385	0.9859374	-0.1432697	-2.1955360	0.9849100	-0.3204058	-2.2048500	1.1780497	0.0166562	-2.2181959	1.1865679	-0.4685679	-2.2361164	1.1669717	-0.0639017	-2.2482824	1.1806467	-0.3807336	-2.1415444	0.9297115	-0.0226910	-2.1536861	0.9418106	-0.4466265	-2.2243251	0.9214878	-0.0096022	-2.2293620	0.9304489	-0.4470733
98	1.6166667	-2.2045900	1.4463679	-0.2297400	-2.1869200	1.4432579	-0.0754100	-2.2176800	1.1657179	-0.0285400	-2.1894100	0.8963479	-0.0228400	-2.2058800	1.4493579	-0.3846100	-2.2296700	1.1745479	-0.4273700	-2.1935200	0.9288279	-0.4356400	-2.1673100	0.9786379	-0.2291600	-2.1639400	0.9780079	-0.1275000	-2.2035500	0.5386579	-0.1566000	-2.2358900	0.1306679	-0.1811500	-2.1635500	0.9798479	-0.3308900	-2.1941000	0.5295879	-0.3169900	-2.2391500	0.1226279	-0.3110800	-2.0557900	0.0900679	-0.3147700	-2.0724400	0.0911279	-0.3184000	-2.2756000	0.0858979	-0.3039400	-2.1006000	0.0733379	-0.1557700	-2.1099700	0.0758379	-0.1543100	-2.2605300	0.0975479	-0.1941400	-2.2922277	1.4990180	-0.2378152	-2.2246898	1.4976641	-0.0962089	-2.1979641	1.4955629	-0.3717600	-2.1197539	1.0390453	-0.0790915	-2.1019198	1.0381755	-0.3684496	-2.2768580	1.0856952	-0.1795470	-2.2691208	1.0831548	-0.2927334	-2.2031151	0.5356126	-0.0971718	-2.2005813	0.5427975	-0.3849336	-2.1957511	0.5451481	-0.2126987	-2.1958155	0.5427011	-0.2672555	-2.2425968	0.1282238	-0.1456528	-2.2414566	0.1266383	-0.3554100	-2.2222308	0.1392059	-0.2187514	-2.2195773	0.1324756	-0.2773349	-2.3019114	0.1039509	-0.1932321	-2.3115685	0.0920820	-0.3094081	-2.1173784	0.0848305	-0.1776268	-2.0924563	0.0849313	-0.3154916	-2.1586709	0.0800943	-0.1310462	-2.1363232	0.0793981	-0.3685554	-2.1140992	0.8177131	-0.0713013	-2.1521123	0.7064282	-0.0583020	-2.2302261	0.8261410	-0.0427448	-2.1025521	0.8194150	-0.4006623	-2.1439379	0.7109289	-0.4174562	-2.2226528	0.8331308	-0.4286418	-2.2167177	0.4134760	-0.1104896	-2.1989611	0.2924866	-0.1126914	-2.2584918	0.3012076	-0.1105713	-2.2137203	0.4180913	-0.3817933	-2.1936251	0.2936366	-0.3834883	-2.2632894	0.3051502	-0.3852612	-2.2056401	0.9859831	-0.1431083	-2.1952274	0.9849269	-0.3200508	-2.2044895	1.1778566	0.0168132	-2.2179330	1.1862190	-0.4682039	-2.2358294	1.1667300	-0.0637008	-2.2478836	1.1802834	-0.3804226	-2.1414551	0.9294276	-0.0224920	-2.1533330	0.9415429	-0.4464303	-2.2242449	0.9213410	-0.0093677	-2.2288880	0.9301880	-0.4467287
99	1.6333333	-2.2054500	1.4457179	-0.2298300	-2.1871100	1.4435679	-0.0754000	-2.2185400	1.1657079	-0.0287000	-2.1892100	0.8959579	-0.0228200	-2.2072000	1.4486279	-0.3848500	-2.2288200	1.1740379	-0.4274300	-2.1939000	0.9280679	-0.4356000	-2.1678800	0.9775979	-0.2290800	-2.1653000	0.9767279	-0.1275200	-2.2048000	0.5385279	-0.1567200	-2.2354400	0.1298379	-0.1812300	-2.1633400	0.9790779	-0.3306900	-2.1946300	0.5282479	-0.3171400	-2.2393500	0.1233279	-0.3112300	-2.0546900	0.0909079	-0.3143300	-2.0716200	0.0922979	-0.3180400	-2.2755800	0.0857079	-0.3041900	-2.1000400	0.0735779	-0.1555800	-2.1093700	0.0760579	-0.1541300	-2.2610600	0.0967979	-0.1947100	-2.2929072	1.4978612	-0.2375726	-2.2252275	1.4964830	-0.0961069	-2.1988254	1.4944394	-0.3715806	-2.1201943	1.0380236	-0.0791856	-2.1026433	1.0370789	-0.3682789	-2.2773491	1.0845949	-0.1793928	-2.2697263	1.0820208	-0.2924739	-2.2036210	0.5345376	-0.0970420	-2.2011811	0.5417034	-0.3848329	-2.1962449	0.5440489	-0.2126346	-2.1963637	0.5416066	-0.2671273	-2.2431292	0.1272212	-0.1455650	-2.2417789	0.1256112	-0.3551709	-2.2227222	0.1381697	-0.2186974	-2.2198744	0.1314543	-0.2771525	-2.3023077	0.1029753	-0.1931362	-2.3116801	0.0910278	-0.3091702	-2.1180330	0.0837697	-0.1775727	-2.0930070	0.0839979	-0.3153003	-2.1592672	0.0790646	-0.1310240	-2.1368115	0.0784404	-0.3682717	-2.1145449	0.8166695	-0.0711924	-2.1525806	0.7053770	-0.0581796	-2.2307250	0.8251059	-0.0426255	-2.1031717	0.8183559	-0.4005454	-2.1445527	0.7098519	-0.4173462	-2.2233139	0.8320373	-0.4285012	-2.2172436	0.4124193	-0.1103694	-2.1994912	0.2914439	-0.1125751	-2.2590392	0.3001832	-0.1104769	-2.2142395	0.4170178	-0.3816180	-2.1940794	0.2926055	-0.3832934	-2.2637269	0.3040645	-0.3850284	-2.2061184	0.9849512	-0.1430600	-2.1958766	0.9838537	-0.3198653	-2.2050306	1.1766966	0.0167891	-2.2185041	1.1848365	-0.4680390	-2.2364418	1.1655148	-0.0636834	-2.2482897	1.1788799	-0.3803247	-2.1421698	0.9282025	-0.0224749	-2.1537925	0.9402536	-0.4463680	-2.2249525	0.9202220	-0.0092891	-2.2291998	0.9289227	-0.4465901
100	1.6500000	-2.2063200	1.4454879	-0.2299600	-2.1878600	1.4433079	-0.0754100	-2.2193500	1.1656879	-0.0288200	-2.1893100	0.8958579	-0.0227800	-2.2081700	1.4483679	-0.3851000	-2.2293500	1.1736879	-0.4275300	-2.1945400	0.9278679	-0.4355900	-2.1685800	0.9772579	-0.2290700	-2.1667200	0.9763879	-0.1276700	-2.2050400	0.5381979	-0.1569100	-2.2357100	0.1297979	-0.1813400	-2.1633400	0.9785079	-0.3305000	-2.1950000	0.5275479	-0.3172700	-2.2407000	0.1241179	-0.3114400	-2.0532900	0.0922479	-0.3141500	-2.0705700	0.0935279	-0.3179300	-2.2767400	0.0866279	-0.3041900	-2.0990200	0.0735779	-0.1554200	-2.1084300	0.0760379	-0.1539800	-2.2632600	0.0970179	-0.1951500	-2.2937017	1.4973980	-0.2374534	-2.2258810	1.4960067	-0.0961108	-2.1997811	1.4939957	-0.3715256	-2.1208010	1.0376903	-0.0793164	-2.1034644	1.0366758	-0.3682111	-2.2779826	1.0842075	-0.1793217	-2.2704483	1.0815997	-0.2923251	-2.2042301	0.5341592	-0.0969933	-2.2019132	0.5413127	-0.3848068	-2.1968423	0.5436612	-0.2126546	-2.1970636	0.5412307	-0.2670701	-2.2437600	0.1269391	-0.1455637	-2.2421991	0.1252944	-0.3550011	-2.2233287	0.1378677	-0.2187306	-2.2202859	0.1311529	-0.2770400	-2.3028522	0.1027158	-0.1931455	-2.3119476	0.0906451	-0.3090141	-2.1187341	0.0834539	-0.1775799	-2.0935704	0.0838504	-0.3151500	-2.1599314	0.0787694	-0.1310614	-2.1373253	0.0782409	-0.3680486	-2.1151163	0.8163293	-0.0711504	-2.1531662	0.7050253	-0.0581258	-2.2313577	0.8247622	-0.0425691	-2.1038959	0.8179919	-0.4005077	-2.1452792	0.7094704	-0.4173172	-2.2240815	0.8316412	-0.4284518	-2.2178627	0.4120672	-0.1103372	-2.2001143	0.2911162	-0.1125524	-2.2596747	0.2998655	-0.1104661	-2.2148807	0.4166545	-0.3815114	-2.1946463	0.2922844	-0.3831590	-2.2642717	0.3036849	-0.3848681	-2.2067455	0.9846228	-0.1430708	-2.1966354	0.9834863	-0.3197725	-2.2056912	1.1762878	0.0166866	-2.2191685	1.1842028	-0.4679934	-2.2371486	1.1650592	-0.0637798	-2.2487703	1.1782336	-0.3803223	-2.1428704	0.9277801	-0.0224993	-2.1543483	0.9397235	-0.4463931	-2.2256685	0.9198645	-0.0092692	-2.2296101	0.9284180	-0.4465621
101	1.6666667	-2.2067600	1.4454079	-0.2299900	-2.1884900	1.4430879	-0.0754200	-2.2193600	1.1657779	-0.0287900	-2.1895400	0.8958679	-0.0227400	-2.2084200	1.4484279	-0.3851500	-2.2306200	1.1734279	-0.4276700	-2.1950600	0.9275379	-0.4356300	-2.1691300	0.9770179	-0.2291000	-2.1672500	0.9761579	-0.1277200	-2.2043200	0.5382479	-0.1570000	-2.2365300	0.1296179	-0.1814800	-2.1639200	0.9782679	-0.3305000	-2.1947300	0.5275179	-0.3173600	-2.2422500	0.1240479	-0.3113600	-2.0531900	0.0917379	-0.3147500	-2.0705600	0.0930279	-0.3184700	-2.2777200	0.0867479	-0.3036300	-2.0981800	0.0740879	-0.1556400	-2.1077200	0.0763279	-0.1541800	-2.2654300	0.0963779	-0.1951300	-2.2943328	1.4970482	-0.2374103	-2.2263695	1.4956483	-0.0961698	-2.2005561	1.4936596	-0.3715553	-2.1212782	1.0374562	-0.0794484	-2.1041138	1.0363777	-0.3682156	-2.2784704	1.0839445	-0.1792965	-2.2710060	1.0813061	-0.2922513	-2.2046191	0.5338924	-0.0969896	-2.2024662	0.5410330	-0.3848100	-2.1972337	0.5433954	-0.2127099	-2.1975770	0.5409711	-0.2670552	-2.2442439	0.1267809	-0.1456028	-2.2424806	0.1250862	-0.3548923	-2.2238071	0.1376943	-0.2188026	-2.2205641	0.1309603	-0.2769960	-2.3033027	0.1025752	-0.1931924	-2.3121236	0.0903780	-0.3089227	-2.1192524	0.0832669	-0.1776264	-2.0939495	0.0837860	-0.3150701	-2.1604258	0.0786001	-0.1311289	-2.1376710	0.0781301	-0.3679036	-2.1155209	0.8161052	-0.0711595	-2.1535627	0.7047864	-0.0581202	-2.2318166	0.8245169	-0.0425516	-2.1044627	0.8177401	-0.4005279	-2.1458429	0.7092007	-0.4173337	-2.2246841	0.8313505	-0.4284405	-2.2182762	0.4118300	-0.1103490	-2.2005562	0.2909035	-0.1125793	-2.2601182	0.2996668	-0.1104913	-2.2153504	0.4163967	-0.3814407	-2.1950603	0.2920604	-0.3830687	-2.2646524	0.3034232	-0.3847533	-2.2072356	0.9843969	-0.1431104	-2.1972299	0.9832263	-0.3197425	-2.2061261	1.1760221	0.0165648	-2.2197091	1.1837317	-0.4680255	-2.2376274	1.1647521	-0.0638997	-2.2491349	1.1777540	-0.3803762	-2.1433040	0.9275223	-0.0225355	-2.1548033	0.9393401	-0.4464683	-2.2261141	0.9196491	-0.0092586	-2.2299351	0.9280609	-0.4466018
102	1.6833333	-2.2064500	1.4453279	-0.2298600	-2.1887600	1.4428779	-0.0753700	-2.2186300	1.1662579	-0.0286900	-2.1902700	0.8961179	-0.0228400	-2.2075400	1.4485279	-0.3849100	-2.2315400	1.1732979	-0.4278200	-2.1950100	0.9276179	-0.4356600	-2.1694700	0.9762179	-0.2292300	-2.1672900	0.9752679	-0.1276600	-2.2029100	0.5385179	-0.1567700	-2.2376400	0.1291179	-0.1815400	-2.1645300	0.9777379	-0.3308300	-2.1932700	0.5279279	-0.3172900	-2.2432700	0.1238379	-0.3108400	-2.0576000	0.0895879	-0.3165700	-2.0743000	0.0910679	-0.3200200	-2.2770900	0.0870679	-0.3023100	-2.0988500	0.0738979	-0.1565300	-2.1085200	0.0762979	-0.1550000	-2.2656600	0.0960579	-0.1944000	-2.2947534	1.4961762	-0.2374623	-2.2266594	1.4947634	-0.0963415	-2.2011225	1.4928096	-0.3716655	-2.1215477	1.0366721	-0.0796487	-2.1045737	1.0355358	-0.3683403	-2.2787434	1.0831161	-0.1793616	-2.2713540	1.0804534	-0.2922877	-2.2046608	0.5330967	-0.0971148	-2.2027609	0.5402117	-0.3849110	-2.1972984	0.5426081	-0.2128648	-2.1977859	0.5401614	-0.2671741	-2.2445245	0.1261364	-0.1457298	-2.2425974	0.1243525	-0.3548739	-2.2240913	0.1370245	-0.2189350	-2.2206607	0.1302328	-0.2770832	-2.3035652	0.1019528	-0.1932902	-2.3121135	0.0896371	-0.3089146	-2.1195977	0.0825669	-0.1777730	-2.0942256	0.0830946	-0.3151741	-2.1607389	0.0779332	-0.1312948	-2.1379207	0.0774302	-0.3679062	-2.1156762	0.8153526	-0.0713037	-2.1536701	0.7040168	-0.0582522	-2.2319964	0.8237092	-0.0426569	-2.1048530	0.8169468	-0.4006807	-2.1462105	0.7083923	-0.4174606	-2.2250909	0.8305108	-0.4285017	-2.2183882	0.4110740	-0.1104847	-2.2007491	0.2901734	-0.1127176	-2.2602851	0.2989750	-0.1106287	-2.2155883	0.4155932	-0.3814579	-2.1952898	0.2912826	-0.3830723	-2.2648150	0.3026458	-0.3847120	-2.2075084	0.9836046	-0.1432397	-2.1976166	0.9824067	-0.3198269	-2.2062641	1.1753100	0.0163622	-2.2200206	1.1828360	-0.4681568	-2.2378281	1.1640097	-0.0640737	-2.2493047	1.1768480	-0.3805320	-2.1435254	0.9268057	-0.0226803	-2.1550488	0.9385304	-0.4466001	-2.2263087	0.9189789	-0.0093211	-2.2300505	0.9272833	-0.4467529
103	1.7000000	-2.2052500	1.4453879	-0.2296300	-2.1889600	1.4418379	-0.0752200	-2.2177600	1.1669179	-0.0285900	-2.1909800	0.8973079	-0.0230400	-2.2049900	1.4494279	-0.3845100	-2.2313800	1.1732379	-0.4279200	-2.1942900	0.9276579	-0.4356700	-2.1691200	0.9757179	-0.2293400	-2.1667600	0.9747379	-0.1274700	-2.2014100	0.5385279	-0.1563200	-2.2384600	0.1292279	-0.1814600	-2.1643200	0.9773079	-0.3312500	-2.1914100	0.5287979	-0.3170600	-2.2434600	0.1237579	-0.3103300	-2.0652700	0.0867079	-0.3189600	-2.0807600	0.0883679	-0.3220400	-2.2749500	0.0881479	-0.3010400	-2.1013600	0.0731379	-0.1576300	-2.1109800	0.0757379	-0.1560300	-2.2637600	0.0967879	-0.1933700	-2.2944881	1.4956395	-0.2374647	-2.2263123	1.4942079	-0.0965197	-2.2010120	1.4923192	-0.3716646	-2.1211422	1.0361868	-0.0798427	-2.1043770	1.0350141	-0.3684055	-2.2783063	1.0825122	-0.1794247	-2.2709982	1.0798373	-0.2922992	-2.2039152	0.5326266	-0.0972649	-2.2023307	0.5397131	-0.3850154	-2.1965822	0.5421399	-0.2129952	-2.1972283	0.5396510	-0.2673474	-2.2441720	0.1258520	-0.1457985	-2.2421419	0.1239419	-0.3548320	-2.2237308	0.1366925	-0.2189633	-2.2201636	0.1298069	-0.2771943	-2.3031480	0.1017026	-0.1932876	-2.3114475	0.0892950	-0.3088726	-2.1193949	0.0821723	-0.1778621	-2.0940761	0.0825753	-0.3153735	-2.1604837	0.0776032	-0.1314230	-2.1377310	0.0769615	-0.3679404	-2.1151324	0.8149189	-0.0714826	-2.1530436	0.7035674	-0.0584252	-2.2314284	0.8231953	-0.0428065	-2.1046007	0.8164669	-0.4008288	-2.1459106	0.7079079	-0.4175737	-2.2248163	0.8299900	-0.4285013	-2.2177716	0.4106495	-0.1106278	-2.2002744	0.2897732	-0.1128308	-2.2597502	0.2986473	-0.1107625	-2.2151501	0.4151092	-0.3814702	-2.1949096	0.2908076	-0.3830669	-2.2643242	0.3022150	-0.3846396	-2.2070762	0.9830908	-0.1433667	-2.1973101	0.9818787	-0.3198817	-2.2057793	1.1749795	0.0161945	-2.2195319	1.1823507	-0.4682627	-2.2373674	1.1636703	-0.0642222	-2.2487537	1.1763679	-0.3806426	-2.1431923	0.9264560	-0.0227865	-2.1545690	0.9381260	-0.4466695	-2.2259547	0.9186748	-0.0093603	-2.2294635	0.9269234	-0.4469302
104	1.7166667	-2.2034600	1.4455479	-0.2294100	-2.1885000	1.4420579	-0.0751400	-2.2171000	1.1680379	-0.0285500	-2.1905000	0.8978079	-0.0230700	-2.2018800	1.4494979	-0.3841100	-2.2302700	1.1729179	-0.4279000	-2.1933100	0.9277179	-0.4357100	-2.1677500	0.9759479	-0.2291900	-2.1650000	0.9749679	-0.1270600	-2.2006600	0.5386779	-0.1560200	-2.2385300	0.1292579	-0.1813100	-2.1632800	0.9777779	-0.3313700	-2.1903800	0.5289279	-0.3169100	-2.2429100	0.1233279	-0.3103600	-2.0715400	0.0842179	-0.3205700	-2.0860300	0.0860579	-0.3233900	-2.2726500	0.0880879	-0.3008700	-2.1036100	0.0725579	-0.1582100	-2.1130700	0.0751679	-0.1565900	-2.2618600	0.0974479	-0.1929300	-2.2932217	1.4958474	-0.2372114	-2.2250144	1.4944019	-0.0964803	-2.1998981	1.4925925	-0.3713497	-2.1197393	1.0364328	-0.0798172	-2.1031662	1.0352454	-0.3681486	-2.2768477	1.0825553	-0.1792702	-2.2696126	1.0798792	-0.2920485	-2.2022181	0.5328911	-0.0971785	-2.2009247	0.5399548	-0.3849076	-2.1949057	0.5423899	-0.2128629	-2.1956814	0.5398530	-0.2673361	-2.2429495	0.1262790	-0.1455699	-2.2408806	0.1242319	-0.3545941	-2.2224736	0.1370495	-0.2186743	-2.2188424	0.1300512	-0.2771248	-2.3017919	0.1021714	-0.1929792	-2.3098896	0.0897212	-0.3086244	-2.1183894	0.0824430	-0.1776475	-2.0932571	0.0826011	-0.3154470	-2.1594124	0.0779648	-0.1312726	-2.1368522	0.0770984	-0.3677988	-2.1136191	0.8152009	-0.0714320	-2.1514536	0.7038414	-0.0583734	-2.2298605	0.8234078	-0.0427457	-2.1033756	0.8167099	-0.4007231	-2.1446336	0.7081628	-0.4174416	-2.2235348	0.8302188	-0.4282245	-2.2162436	0.4109517	-0.1105122	-2.1989176	0.2900869	-0.1126577	-2.2583260	0.2990570	-0.1106374	-2.2137930	0.4153578	-0.3812833	-2.1936665	0.2910426	-0.3828662	-2.2629502	0.3025248	-0.3843601	-2.2056234	0.9832851	-0.1432643	-2.1959721	0.9820678	-0.3196570	-2.2044531	1.1754215	0.0162873	-2.2179738	1.1826164	-0.4681486	-2.2359985	1.1641116	-0.0641490	-2.2472130	1.1766506	-0.3805016	-2.1420381	0.9268444	-0.0226022	-2.1531113	0.9384407	-0.4465033	-2.2247985	0.9191109	-0.0091442	-2.2279382	0.9272922	-0.4469276
105	1.7333333	-2.2018500	1.4462679	-0.2293500	-2.1872800	1.4432079	-0.0752100	-2.2165400	1.1690679	-0.0285900	-2.1891500	0.8978179	-0.0229500	-2.1999800	1.4493579	-0.3839000	-2.2291200	1.1729479	-0.4278200	-2.1927800	0.9282179	-0.4358100	-2.1661200	0.9774779	-0.2289300	-2.1625400	0.9766879	-0.1267300	-2.2005600	0.5385279	-0.1560000	-2.2383700	0.1296679	-0.1811600	-2.1624700	0.9791979	-0.3312100	-2.1903400	0.5290879	-0.3169600	-2.2421400	0.1220279	-0.3107200	-2.0746700	0.0831979	-0.3211700	-2.0886000	0.0847979	-0.3239100	-2.2715900	0.0879279	-0.3014100	-2.1035400	0.0720679	-0.1582300	-2.1130000	0.0746179	-0.1566200	-2.2618000	0.0974779	-0.1930900	-2.2917108	1.4973243	-0.2368616	-2.2234841	1.4958765	-0.0963560	-2.1985513	1.4941370	-0.3709249	-2.1180683	1.0379816	-0.0797498	-2.1017015	1.0367880	-0.3677210	-2.2751334	1.0838533	-0.1790292	-2.2679748	1.0811786	-0.2916561	-2.2004459	0.5344254	-0.0969726	-2.1994245	0.5414796	-0.3847211	-2.1931584	0.5438898	-0.2126259	-2.1940460	0.5413168	-0.2672478	-2.2416238	0.1278974	-0.1451907	-2.2396043	0.1257306	-0.3543702	-2.2210919	0.1385835	-0.2182651	-2.2174958	0.1314784	-0.2770491	-2.3002980	0.1038291	-0.1925402	-2.3082678	0.0913829	-0.3083819	-2.1172684	0.0838849	-0.1772972	-2.0924840	0.0837486	-0.3155362	-2.1582254	0.0795051	-0.1309888	-2.1360064	0.0783911	-0.3676579	-2.1119001	0.8167361	-0.0712806	-2.1497033	0.7053770	-0.0582135	-2.2280891	0.8249200	-0.0425769	-2.1019646	0.8182181	-0.4004907	-2.1431992	0.7096972	-0.4171990	-2.2220458	0.8317573	-0.4278256	-2.2146429	0.4125026	-0.1102469	-2.1974623	0.2916266	-0.1123256	-2.2568411	0.3006986	-0.1103602	-2.2123684	0.4168774	-0.3810582	-2.1923694	0.2925311	-0.3826513	-2.2615358	0.3040864	-0.3840651	-2.2039078	0.9847700	-0.1430811	-2.1943763	0.9835460	-0.3192866	-2.2030010	1.1770745	0.0164982	-2.2162149	1.1840938	-0.4679567	-2.2344521	1.1657682	-0.0639951	-2.2455191	1.1781515	-0.3802518	-2.1407263	0.9284141	-0.0222434	-2.1515579	0.9399052	-0.4463150	-2.2235347	0.9207378	-0.0088212	-2.2263624	0.9288207	-0.4468529
106	1.7500000	-2.2011300	1.4460679	-0.2295200	-2.1860100	1.4432379	-0.0753800	-2.2157200	1.1693979	-0.0287000	-2.1883900	0.8979279	-0.0229200	-2.1998100	1.4489679	-0.3840800	-2.2286600	1.1732379	-0.4278700	-2.1925600	0.9283579	-0.4359700	-2.1652600	0.9788379	-0.2289400	-2.1609200	0.9783479	-0.1268600	-2.2004000	0.5388079	-0.1561200	-2.2386900	0.1300479	-0.1810100	-2.1624100	0.9799779	-0.3311200	-2.1904000	0.5294379	-0.3170300	-2.2422700	0.1221479	-0.3108500	-2.0749500	0.0836379	-0.3212100	-2.0888400	0.0852279	-0.3239500	-2.2720800	0.0875179	-0.3016300	-2.1022700	0.0726079	-0.1582600	-2.1119600	0.0751079	-0.1566300	-2.2634500	0.0975079	-0.1930900	-2.2909850	1.4985854	-0.2367958	-2.2226985	1.4971377	-0.0965066	-2.1980157	1.4954486	-0.3708135	-2.1171554	1.0393830	-0.0799889	-2.1010118	1.0381683	-0.3675504	-2.2742185	1.0849935	-0.1790515	-2.2671413	1.0823167	-0.2915054	-2.1995600	0.5357555	-0.0970039	-2.1988227	0.5428058	-0.3848063	-2.1923174	0.5451778	-0.2126769	-2.1933142	0.5425830	-0.2674073	-2.2411317	0.1292600	-0.1450609	-2.2392558	0.1270083	-0.3544812	-2.2205453	0.1398611	-0.2181582	-2.2170665	0.1326763	-0.2772873	-2.2996624	0.1052200	-0.1923742	-2.3075721	0.0928109	-0.3084689	-2.1169127	0.0850918	-0.1772311	-2.0926301	0.0846864	-0.3159433	-2.1578127	0.0807989	-0.1309666	-2.1360822	0.0794714	-0.3678403	-2.1109485	0.8180668	-0.0713860	-2.1487601	0.7067089	-0.0582955	-2.2271222	0.8262595	-0.0426275	-2.1013609	0.8195214	-0.4005159	-2.1426052	0.7110285	-0.4172241	-2.2213716	0.8331153	-0.4277019	-2.2139114	0.4138384	-0.1102042	-2.1968385	0.2929367	-0.1122257	-2.2562345	0.3021074	-0.1102977	-2.2118542	0.4181948	-0.3811257	-2.1919808	0.2938196	-0.3827516	-2.2610496	0.3054334	-0.3840826	-2.2029644	0.9860888	-0.1431735	-2.1935605	0.9848466	-0.3191671	-2.2022852	1.1783915	0.0164681	-2.2152987	1.1852886	-0.4680067	-2.2336554	1.1670997	-0.0640712	-2.2446781	1.1793698	-0.3802477	-2.1401552	0.9296552	-0.0220868	-2.1509162	0.9410412	-0.4464644	-2.2230740	0.9220549	-0.0087704	-2.2257147	0.9300316	-0.4469871
107	1.7666667	-2.2004800	1.4453679	-0.2298600	-2.1848000	1.4426479	-0.0755600	-2.2145100	1.1688879	-0.0288000	-2.1882000	0.8978679	-0.0230600	-2.1996400	1.4483879	-0.3846200	-2.2281100	1.1730879	-0.4279600	-2.1917200	0.9279179	-0.4361100	-2.1648000	0.9790279	-0.2291800	-2.1602800	0.9784879	-0.1272600	-2.1998800	0.5394579	-0.1562600	-2.2398200	0.1306579	-0.1807500	-2.1621600	0.9798879	-0.3311800	-2.1899100	0.5298879	-0.3169200	-2.2426000	0.1232379	-0.3106900	-2.0713200	0.0853179	-0.3204700	-2.0856600	0.0869379	-0.3233100	-2.2740700	0.0872079	-0.3015600	-2.1014500	0.0733879	-0.1584900	-2.1114300	0.0759079	-0.1567800	-2.2655000	0.0976979	-0.1925200	-2.2906696	1.4986570	-0.2370036	-2.2222638	1.4972116	-0.0968888	-2.1978940	1.4955323	-0.3710254	-2.1166680	1.0396341	-0.0804372	-2.1007007	1.0383884	-0.3676447	-2.2737542	1.0850139	-0.1792984	-2.2667406	1.0823340	-0.2916024	-2.1990834	0.5359038	-0.0972280	-2.1986021	0.5429488	-0.3851069	-2.1919019	0.5452904	-0.2129636	-2.1929883	0.5426873	-0.2677431	-2.2410570	0.1294340	-0.1451589	-2.2393283	0.1271196	-0.3547942	-2.2204422	0.1399622	-0.2183208	-2.2170615	0.1327216	-0.2777041	-2.2995117	0.1054193	-0.1924601	-2.3073606	0.0930310	-0.3087617	-2.1169059	0.0851352	-0.1774174	-2.0931080	0.0845518	-0.3165025	-2.1577651	0.0809157	-0.1311695	-2.1365083	0.0794435	-0.3682056	-2.1103706	0.8182244	-0.0716979	-2.1481999	0.7068641	-0.0585682	-2.2265661	0.8264251	-0.0428477	-2.1010993	0.8196475	-0.4007678	-2.1423638	0.7111735	-0.4174829	-2.2210712	0.8332858	-0.4278456	-2.2135753	0.4139921	-0.1103586	-2.1966026	0.2930612	-0.1123434	-2.2560388	0.3023298	-0.1104206	-2.2117365	0.4183300	-0.3814001	-2.1919910	0.2939352	-0.3830565	-2.2609790	0.3055946	-0.3843142	-2.2024410	0.9862462	-0.1434800	-2.1931390	0.9849799	-0.3192940	-2.2018310	1.1784275	0.0162175	-2.2147865	1.1852467	-0.4682526	-2.2331676	1.1671540	-0.0643162	-2.2442279	1.1793455	-0.3804697	-2.1399265	0.9296312	-0.0221668	-2.1506500	0.9409356	-0.4468456	-2.2229496	0.9221240	-0.0089745	-2.2254508	0.9299992	-0.4472782
108	1.7833333	-2.1993300	1.4449079	-0.2301000	-2.1836200	1.4423979	-0.0755100	-2.2128500	1.1686679	-0.0287000	-2.1877400	0.8975379	-0.0231500	-2.1985500	1.4472479	-0.3851700	-2.2267200	1.1727379	-0.4279200	-2.1904000	0.9288179	-0.4360800	-2.1641300	0.9783079	-0.2293300	-2.1599100	0.9780179	-0.1275500	-2.1993300	0.5388279	-0.1563900	-2.2405500	0.1316579	-0.1803700	-2.1611700	0.9795179	-0.3312100	-2.1889500	0.5305279	-0.3166200	-2.2414300	0.1238079	-0.3104700	-2.0643300	0.0867779	-0.3189200	-2.0793700	0.0881879	-0.3219600	-2.2755000	0.0884679	-0.3015300	-2.1009000	0.0743279	-0.1587300	-2.1110300	0.0768379	-0.1569300	-2.2659800	0.0981079	-0.1916900	-2.2901055	1.4978214	-0.2371796	-2.2215439	1.4963799	-0.0971669	-2.1974880	1.4946605	-0.3712555	-2.1160094	1.0389692	-0.0807374	-2.1001405	1.0376971	-0.3677059	-2.2731152	1.0841950	-0.1794504	-2.2661371	1.0815132	-0.2916533	-2.1983453	0.5351486	-0.0973322	-2.1980243	0.5421807	-0.3852871	-2.1912226	0.5445129	-0.2131401	-2.1923418	0.5419060	-0.2679222	-2.2407623	0.1287243	-0.1451981	-2.2390412	0.1263627	-0.3549586	-2.2201517	0.1392002	-0.2184392	-2.2167202	0.1319225	-0.2779441	-2.2992120	0.1047491	-0.1925059	-2.3068985	0.0923346	-0.3089224	-2.1166525	0.0843036	-0.1775423	-2.0930885	0.0836625	-0.3168246	-2.1574855	0.0801473	-0.1312941	-2.1364599	0.0786179	-0.3683897	-2.1095708	0.8174900	-0.0718926	-2.1474028	0.7061217	-0.0587138	-2.2258056	0.8256810	-0.0429407	-2.1005055	0.8188888	-0.4009254	-2.1417744	0.7104141	-0.4176497	-2.2204798	0.8325331	-0.4279453	-2.2129678	0.4132439	-0.1104145	-2.1961113	0.2922890	-0.1123926	-2.2555808	0.3016546	-0.1104432	-2.2112582	0.4175572	-0.3815419	-2.1916318	0.2931592	-0.3832143	-2.2605557	0.3048519	-0.3844235	-2.2017339	0.9855058	-0.1436716	-2.1924906	0.9842196	-0.3193657	-2.2010344	1.1775794	0.0160383	-2.2140379	1.1843550	-0.4683851	-2.2323895	1.1663287	-0.0644401	-2.2434911	1.1784610	-0.3806264	-2.1394287	0.9287609	-0.0222334	-2.1500425	0.9400360	-0.4470940	-2.2224881	0.9213496	-0.0091310	-2.2248270	0.9291644	-0.4474151
109	1.8000000	-2.1983900	1.4441879	-0.2300600	-2.1830100	1.4416479	-0.0751300	-2.2112300	1.1680179	-0.0283300	-2.1871400	0.8982779	-0.0230600	-2.1970900	1.4469979	-0.3854400	-2.2255600	1.1728779	-0.4276800	-2.1899100	0.9282779	-0.4358400	-2.1636000	0.9774979	-0.2293100	-2.1602100	0.9769979	-0.1275900	-2.1996500	0.5387179	-0.1563600	-2.2396000	0.1324579	-0.1801100	-2.1598100	0.9786579	-0.3311000	-2.1880200	0.5305779	-0.3162600	-2.2394000	0.1254579	-0.3102900	-2.0583000	0.0896679	-0.3174500	-2.0739500	0.0909079	-0.3207200	-2.2740800	0.0882579	-0.3013900	-2.0988500	0.0743579	-0.1589600	-2.1090300	0.0768479	-0.1570900	-2.2642000	0.0992479	-0.1911000	-2.2895714	1.4969066	-0.2371889	-2.2208623	1.4954567	-0.0972259	-2.1970711	1.4936757	-0.3713409	-2.1155024	1.0381852	-0.0807978	-2.0996808	1.0368964	-0.3676493	-2.2726214	1.0833523	-0.1794094	-2.2656632	1.0806693	-0.2915620	-2.1976715	0.5343167	-0.0972268	-2.1974471	0.5413334	-0.3852531	-2.1905974	0.5436729	-0.2131095	-2.1916982	0.5410699	-0.2678706	-2.2404707	0.1279848	-0.1450920	-2.2386167	0.1255974	-0.3548629	-2.2198757	0.1384280	-0.2184166	-2.2162554	0.1311453	-0.2779157	-2.2989611	0.1040606	-0.1924153	-2.3063668	0.0915792	-0.3088328	-2.1163754	0.0834572	-0.1775162	-2.0928307	0.0828997	-0.3168302	-2.1571946	0.0793513	-0.1312504	-2.1361884	0.0778688	-0.3682984	-2.1089001	0.8166930	-0.0718795	-2.1467146	0.7053113	-0.0586469	-2.2251858	0.8248539	-0.0428334	-2.0999708	0.8180760	-0.4009175	-2.1412259	0.7095815	-0.4176372	-2.2199793	0.8316835	-0.4278964	-2.2123947	0.4124293	-0.1102856	-2.1956364	0.2914692	-0.1122817	-2.2551357	0.3009162	-0.1102897	-2.2107344	0.4167181	-0.3814490	-2.1911880	0.2923453	-0.3831215	-2.2600545	0.3040525	-0.3842937	-2.2011857	0.9846893	-0.1436679	-2.1919721	0.9833923	-0.3192994	-2.2002834	1.1766934	0.0160320	-2.2133685	1.1834270	-0.4683357	-2.2316502	1.1654604	-0.0643883	-2.2428118	1.1775598	-0.3806123	-2.1389339	0.9278809	-0.0221561	-2.1495444	0.9391099	-0.4471030	-2.2220073	0.9205383	-0.0091373	-2.2243271	0.9283140	-0.4473678
110	1.8166667	-2.1974800	1.4441279	-0.2298900	-2.1825100	1.4413279	-0.0747300	-2.2101400	1.1687579	-0.0279800	-2.1869200	0.8986579	-0.0229400	-2.1957000	1.4472279	-0.3854800	-2.2254900	1.1734479	-0.4273200	-2.1902000	0.9284979	-0.4355700	-2.1631800	0.9771079	-0.2290900	-2.1611300	0.9765879	-0.1273400	-2.2006000	0.5378279	-0.1560600	-2.2382900	0.1320379	-0.1800900	-2.1580500	0.9782979	-0.3308600	-2.1877600	0.5306979	-0.3159600	-2.2382700	0.1263679	-0.3103800	-2.0548800	0.0904479	-0.3168400	-2.0709000	0.0916379	-0.3202400	-2.2730700	0.0888379	-0.3013200	-2.0962000	0.0750479	-0.1592900	-2.1065000	0.0774979	-0.1573800	-2.2623100	0.0987379	-0.1909000	-2.2890447	1.4964076	-0.2369999	-2.2202302	1.4949373	-0.0970488	-2.1966114	1.4930972	-0.3712211	-2.1151014	1.0377929	-0.0806123	-2.0992869	1.0364830	-0.3674232	-2.2722265	1.0829754	-0.1791656	-2.2652761	1.0802836	-0.2912982	-2.1971089	0.5339122	-0.0969145	-2.1969449	0.5409159	-0.3849905	-2.1900649	0.5432701	-0.2128616	-2.1911244	0.5406727	-0.2675820	-2.2401686	0.1277073	-0.1448169	-2.2381219	0.1252995	-0.3545407	-2.2195948	0.1381303	-0.2182154	-2.2157205	0.1308529	-0.2776559	-2.2987166	0.1038237	-0.1921567	-2.3058027	0.0912579	-0.3085147	-2.1160747	0.0831050	-0.1773078	-2.0924154	0.0826796	-0.3165939	-2.1568835	0.0790343	-0.1310199	-2.1357781	0.0776350	-0.3679917	-2.1083650	0.8163291	-0.0716425	-2.1461589	0.7049319	-0.0583637	-2.2247036	0.8244582	-0.0425272	-2.0995215	0.8176973	-0.4007211	-2.1407647	0.7091786	-0.4174225	-2.2195822	0.8312571	-0.4276602	-2.2118915	0.4120523	-0.1099708	-2.1951980	0.2911042	-0.1119967	-2.2547203	0.3006101	-0.1099599	-2.2102412	0.4163220	-0.3811283	-2.1907310	0.2919917	-0.3828025	-2.2595496	0.3036964	-0.3839361	-2.2007631	0.9843088	-0.1434519	-2.1915545	0.9829990	-0.3190532	-2.1995901	1.1763409	0.0162218	-2.2128657	1.1830213	-0.4681020	-2.2309741	1.1651186	-0.0641517	-2.2422855	1.1771882	-0.3804069	-2.1385091	0.9275313	-0.0219049	-2.1492736	0.9387007	-0.4468831	-2.2215774	0.9202455	-0.0089410	-2.2240733	0.9279945	-0.4471267
111	1.8333333	-2.1963000	1.4450179	-0.2298500	-2.1815300	1.4419779	-0.0746900	-2.2100600	1.1703179	-0.0279300	-2.1871200	0.8980779	-0.0229600	-2.1943400	1.4483379	-0.3854300	-2.2254700	1.1745479	-0.4269800	-2.1902100	0.9280979	-0.4354700	-2.1624100	0.9773279	-0.2287300	-2.1615900	0.9764179	-0.1268900	-2.2011800	0.5376279	-0.1556400	-2.2388400	0.1312979	-0.1801600	-2.1560200	0.9788679	-0.3305700	-2.1879400	0.5306379	-0.3157700	-2.2390400	0.1271679	-0.3107600	-2.0546200	0.0902479	-0.3171100	-2.0707100	0.0915579	-0.3205100	-2.2740700	0.0887679	-0.3014900	-2.0954900	0.0748279	-0.1596900	-2.1059100	0.0772379	-0.1577600	-2.2631000	0.0968779	-0.1909300	-2.2881755	1.4965394	-0.2366951	-2.2192920	1.4950639	-0.0967389	-2.1957751	1.4931678	-0.3709707	-2.1143567	1.0379989	-0.0802688	-2.0984931	1.0366625	-0.3670652	-2.2714770	1.0832077	-0.1788072	-2.2645120	1.0805038	-0.2909270	-2.1962992	0.5341256	-0.0964871	-2.1961785	0.5411272	-0.3845810	-2.1892830	0.5434925	-0.2124891	-2.1903035	0.5409044	-0.2671513	-2.2396125	0.1280543	-0.1444243	-2.2373357	0.1256048	-0.3541244	-2.2190731	0.1384605	-0.2178929	-2.2148959	0.1311645	-0.2772913	-2.2982329	0.1041935	-0.1917700	-2.3049714	0.0915338	-0.3080945	-2.1155065	0.0834010	-0.1769976	-2.0916477	0.0830574	-0.3162617	-2.1563007	0.0793570	-0.1306773	-2.1350300	0.0779984	-0.3676061	-2.1075372	0.8165605	-0.0712720	-2.1453284	0.7051577	-0.0579571	-2.2239190	0.8246822	-0.0420974	-2.0987444	0.8179107	-0.4003826	-2.1399991	0.7093861	-0.4170611	-2.2188418	0.8314545	-0.4272884	-2.2111332	0.4123019	-0.1095440	-2.1945026	0.2913674	-0.1116013	-2.2540445	0.3009227	-0.1095130	-2.2094795	0.4165563	-0.3806853	-2.1899882	0.2922607	-0.3823752	-2.2587706	0.3039608	-0.3834703	-2.2000111	0.9845446	-0.1430940	-2.1907689	0.9832161	-0.3186823	-2.1986202	1.1767135	0.0165136	-2.2120742	1.1832833	-0.4677879	-2.2300092	1.1654891	-0.0638345	-2.2415181	1.1774895	-0.3800901	-2.1379101	0.9278008	-0.0215669	-2.1487871	0.9388970	-0.4465408	-2.2209706	0.9205982	-0.0086115	-2.2236468	0.9282873	-0.4468388
112	1.8500000	-2.1958400	1.4446979	-0.2299200	-2.1808300	1.4415779	-0.0749500	-2.2107900	1.1710679	-0.0281000	-2.1874400	0.8980979	-0.0231000	-2.1941300	1.4482879	-0.3853100	-2.2248800	1.1742179	-0.4267700	-2.1896600	0.9285379	-0.4354800	-2.1613200	0.9778279	-0.2284200	-2.1608400	0.9770779	-0.1265000	-2.2008600	0.5373079	-0.1554100	-2.2406800	0.1306179	-0.1801600	-2.1545800	0.9793279	-0.3303300	-2.1878400	0.5306779	-0.3157100	-2.2405400	0.1275979	-0.3110700	-2.0571400	0.0909279	-0.3178400	-2.0729700	0.0921379	-0.3211400	-2.2754000	0.0887579	-0.3015000	-2.0973100	0.0740379	-0.1599800	-2.1077400	0.0764279	-0.1580400	-2.2661100	0.0967879	-0.1909900	-2.2871153	1.4969171	-0.2364860	-2.2181704	1.4954777	-0.0965448	-2.1947509	1.4935138	-0.3707971	-2.1133157	1.0384792	-0.0799993	-2.0973727	1.0371181	-0.3667337	-2.2704027	1.0836524	-0.1785298	-2.2634085	1.0809379	-0.2906131	-2.1953130	0.5346149	-0.0961457	-2.1952285	0.5416291	-0.3842315	-2.1883373	0.5439938	-0.2121964	-2.1893372	0.5414160	-0.2668047	-2.2389808	0.1286918	-0.1441229	-2.2364349	0.1261731	-0.3538243	-2.2184893	0.1390775	-0.2176603	-2.2139755	0.1317306	-0.2770460	-2.2976848	0.1048354	-0.1914725	-2.3040261	0.0920877	-0.3078016	-2.1148464	0.0840124	-0.1767848	-2.0907808	0.0836589	-0.3160412	-2.1556243	0.0799886	-0.1304278	-2.1341714	0.0786006	-0.3673322	-2.1064445	0.8170262	-0.0709808	-2.1442626	0.7056358	-0.0576353	-2.2228527	0.8251831	-0.0417392	-2.0976985	0.8183671	-0.4000609	-2.1389894	0.7098609	-0.4167267	-2.2177845	0.8319436	-0.4269506	-2.2102258	0.4128367	-0.1092028	-2.1936870	0.2919166	-0.1112960	-2.2532447	0.3015240	-0.1091481	-2.2085585	0.4170805	-0.3803266	-2.1891002	0.2928094	-0.3820413	-2.2578439	0.3045111	-0.3831086	-2.1989459	0.9850507	-0.1427968	-2.1896472	0.9837001	-0.3183574	-2.1976230	1.1773526	0.0167231	-2.2110549	1.1837861	-0.4675197	-2.2289989	1.1661422	-0.0636453	-2.2405282	1.1780439	-0.3797949	-2.1372727	0.9283337	-0.0212619	-2.1480775	0.9393706	-0.4463273	-2.2204072	0.9212336	-0.0083771	-2.2229970	0.9288335	-0.4465812
113	1.8666667	-2.1959200	1.4452279	-0.2300000	-2.1802600	1.4421979	-0.0753100	-2.2114000	1.1707879	-0.0282200	-2.1874200	0.8976679	-0.0232300	-2.1949300	1.4487779	-0.3851500	-2.2241000	1.1743779	-0.4266800	-2.1890400	0.9278779	-0.4355100	-2.1601300	0.9784079	-0.2282700	-2.1591400	0.9773779	-0.1263900	-2.2001100	0.5381279	-0.1555100	-2.2424700	0.1310579	-0.1800700	-2.1539200	0.9801079	-0.3301600	-2.1871100	0.5307579	-0.3157300	-2.2422100	0.1275379	-0.3110500	-2.0601400	0.0894279	-0.3185300	-2.0757200	0.0908579	-0.3217100	-2.2763000	0.0896079	-0.3011300	-2.0997000	0.0738179	-0.1600200	-2.1100100	0.0760879	-0.1580800	-2.2687900	0.0967279	-0.1910700	-2.2861473	1.4973668	-0.2364783	-2.2171110	1.4960089	-0.0965766	-2.1938427	1.4939599	-0.3708160	-2.1121863	1.0390491	-0.0799254	-2.0961803	1.0376736	-0.3665351	-2.2692320	1.0841293	-0.1784288	-2.2622120	1.0814122	-0.2904464	-2.1943575	0.5351813	-0.0959906	-2.1943036	0.5422182	-0.3840622	-2.1874453	0.5445711	-0.2120864	-2.1884259	0.5420009	-0.2666602	-2.2385172	0.1293934	-0.1440006	-2.2356997	0.1267941	-0.3537480	-2.2180861	0.1397527	-0.2176095	-2.2132331	0.1323320	-0.2770234	-2.2973226	0.1055352	-0.1913482	-2.3032463	0.0927335	-0.3077379	-2.1143431	0.0846827	-0.1767644	-2.0901227	0.0842169	-0.3160477	-2.1551030	0.0806835	-0.1303645	-2.1335113	0.0791945	-0.3672798	-2.1052902	0.8175276	-0.0708871	-2.1431632	0.7061666	-0.0575061	-2.2217064	0.8257595	-0.0415556	-2.0966079	0.8188774	-0.3998701	-2.1379527	0.7104075	-0.4165371	-2.2166398	0.8325254	-0.4267569	-2.2093897	0.4134478	-0.1090405	-2.1929815	0.2925314	-0.1111698	-2.2525537	0.3022053	-0.1089530	-2.2077052	0.4176828	-0.3801691	-2.1883172	0.2934205	-0.3819154	-2.2570219	0.3051413	-0.3829661	-2.1977748	0.9856229	-0.1426709	-2.1884246	0.9842538	-0.3181786	-2.1967496	1.1780216	0.0167525	-2.2100458	1.1843064	-0.4674002	-2.2280870	1.1668204	-0.0636334	-2.2395739	1.1786160	-0.3796564	-2.1367695	0.9288463	-0.0211091	-2.1473493	0.9398311	-0.4463002	-2.2199978	0.9218759	-0.0083421	-2.2223599	0.9293348	-0.4464510
114	1.8833333	-2.1963900	1.4446979	-0.2300400	-2.1800200	1.4417679	-0.0754500	-2.2114000	1.1702579	-0.0281100	-2.1867800	0.8980179	-0.0232800	-2.1961600	1.4480279	-0.3851200	-2.2240400	1.1734979	-0.4266800	-2.1884900	0.9282979	-0.4354700	-2.1593400	0.9784179	-0.2283200	-2.1576000	0.9775879	-0.1266100	-2.1991500	0.5383879	-0.1557900	-2.2434600	0.1313379	-0.1800500	-2.1539200	0.9798179	-0.3300500	-2.1863700	0.5308679	-0.3157300	-2.2443300	0.1276079	-0.3109000	-2.0632000	0.0895379	-0.3189700	-2.0786000	0.0908279	-0.3220900	-2.2773600	0.0898979	-0.3007000	-2.1010400	0.0729979	-0.1599300	-2.1112700	0.0752979	-0.1580200	-2.2706800	0.0977979	-0.1912200	-2.2857296	1.4972233	-0.2366715	-2.2165546	1.4959783	-0.0968580	-2.1935399	1.4938286	-0.3710270	-2.1114646	1.0390644	-0.0800782	-2.0954358	1.0376850	-0.3665231	-2.2684759	1.0839952	-0.1785202	-2.2614452	1.0812865	-0.2904527	-2.1938248	0.5351739	-0.0960369	-2.1938874	0.5422358	-0.3841150	-2.1870086	0.5445737	-0.2121930	-2.1880320	0.5420108	-0.2667405	-2.2386076	0.1295386	-0.1440577	-2.2356266	0.1268503	-0.3538727	-2.2182441	0.1398661	-0.2177445	-2.2131527	0.1323602	-0.2772086	-2.2975393	0.1056826	-0.1914028	-2.3031238	0.0928428	-0.3078725	-2.1143694	0.0847870	-0.1769229	-2.0901704	0.0841586	-0.3162765	-2.1551173	0.0808214	-0.1304709	-2.1335521	0.0791953	-0.3674354	-2.1045158	0.8174379	-0.0710186	-2.1424526	0.7061126	-0.0575894	-2.2209356	0.8257546	-0.0415580	-2.0959645	0.8187953	-0.3998666	-2.1373845	0.7103706	-0.4165473	-2.2159268	0.8325392	-0.4267596	-2.2090198	0.4134904	-0.1090710	-2.1927756	0.2925764	-0.1112277	-2.2523667	0.3023353	-0.1089347	-2.2074094	0.4177125	-0.3802249	-2.1881375	0.2934554	-0.3819958	-2.2567951	0.3052119	-0.3830349	-2.1969903	0.9856110	-0.1427490	-2.1876105	0.9842284	-0.3181865	-2.1963997	1.1780524	0.0166133	-2.2096029	1.1842194	-0.4674176	-2.2277176	1.1668688	-0.0637805	-2.2391284	1.1785784	-0.3796675	-2.1366172	0.9288203	-0.0211030	-2.1470740	0.9397459	-0.4464733	-2.2199887	0.9219503	-0.0085124	-2.2221539	0.9292572	-0.4463586
115	1.9000000	-2.1964200	1.4445679	-0.2299800	-2.1799500	1.4416479	-0.0752200	-2.2113400	1.1696979	-0.0278300	-2.1859600	0.8980279	-0.0231600	-2.1962700	1.4479079	-0.3852300	-2.2244100	1.1732379	-0.4267700	-2.1882500	0.9281679	-0.4353500	-2.1596200	0.9778279	-0.2284700	-2.1575900	0.9770679	-0.1269400	-2.1986700	0.5385179	-0.1559500	-2.2430900	0.1315979	-0.1802000	-2.1545100	0.9792179	-0.3300200	-2.1864000	0.5309079	-0.3156700	-2.2462500	0.1275279	-0.3108700	-2.0657100	0.0897479	-0.3195100	-2.0810600	0.0910479	-0.3225900	-2.2781200	0.0900379	-0.3004500	-2.1012800	0.0730679	-0.1600600	-2.1114700	0.0753579	-0.1581800	-2.2705200	0.0979979	-0.1915300	-2.2863931	1.4965073	-0.2369611	-2.2170619	1.4953706	-0.0972690	-2.1943457	1.4931183	-0.3713058	-2.1118174	1.0384984	-0.0803124	-2.0957836	1.0371215	-0.3666271	-2.2688163	1.0832820	-0.1786989	-2.2617835	1.0805901	-0.2905593	-2.1942730	0.5345724	-0.0961713	-2.1945202	0.5416514	-0.3842922	-2.1875606	0.5439843	-0.2123970	-2.1886711	0.5414194	-0.2669273	-2.2397096	0.1291083	-0.1441918	-2.2367348	0.1263397	-0.3540591	-2.2194088	0.1394044	-0.2179439	-2.2142400	0.1318200	-0.2774654	-2.2987709	0.1052623	-0.1915314	-2.3041785	0.0923988	-0.3080568	-2.1154158	0.0843074	-0.1771385	-2.0914338	0.0835186	-0.3166128	-2.1561549	0.0803839	-0.1306381	-2.1348143	0.0786245	-0.3676806	-2.1047723	0.8167683	-0.0712481	-2.1427529	0.7054713	-0.0577628	-2.2211993	0.8251427	-0.0416447	-2.0963781	0.8181256	-0.3999891	-2.1378738	0.7097383	-0.4166880	-2.2162950	0.8319520	-0.4268903	-2.2096488	0.4129429	-0.1091949	-2.1935811	0.2920350	-0.1113664	-2.2531818	0.3018877	-0.1090080	-2.2082043	0.4171416	-0.3803763	-2.1890943	0.2928918	-0.3821590	-2.2576930	0.3047053	-0.3831823	-2.1972725	0.9849949	-0.1429192	-2.1878758	0.9836055	-0.3183011	-2.1969637	1.1774733	0.0164303	-2.2101979	1.1835721	-0.4675342	-2.2282923	1.1662991	-0.0639201	-2.2397282	1.1779640	-0.3797876	-2.1372207	0.9282478	-0.0211899	-2.1477072	0.9390916	-0.4466670	-2.2207105	0.9214216	-0.0087520	-2.2228568	0.9286021	-0.4463053
116	1.9166667	-2.1957700	1.4451079	-0.2297500	-2.1797100	1.4420879	-0.0748300	-2.2112200	1.1694079	-0.0276400	-2.1852200	0.8975479	-0.0228700	-2.1951300	1.4486479	-0.3851400	-2.2242500	1.1735279	-0.4269200	-2.1882100	0.9275879	-0.4352100	-2.1603800	0.9771579	-0.2285900	-2.1584900	0.9761579	-0.1271800	-2.1984100	0.5382379	-0.1558900	-2.2412700	0.1313279	-0.1803700	-2.1551400	0.9787679	-0.3300200	-2.1866400	0.5304879	-0.3156600	-2.2473100	0.1272379	-0.3109000	-2.0679300	0.0890079	-0.3203900	-2.0831700	0.0907779	-0.3233900	-2.2771700	0.0910679	-0.3002000	-2.1009200	0.0734979	-0.1603900	-2.1110300	0.0759979	-0.1585400	-2.2672600	0.0975679	-0.1919400	-2.2873964	1.4957748	-0.2371887	-2.2179349	1.4947099	-0.0976380	-2.1954923	1.4923765	-0.3714834	-2.1126400	1.0378561	-0.0804830	-2.0966188	1.0364891	-0.3667172	-2.2696454	1.0825316	-0.1788287	-2.2626206	1.0798600	-0.2906392	-2.1950336	0.5339002	-0.0962710	-2.1955355	0.5409817	-0.3844526	-2.1884074	0.5433249	-0.2125560	-2.1896511	0.5407405	-0.2670815	-2.2410543	0.1286157	-0.1442861	-2.2382612	0.1257823	-0.3541731	-2.2207989	0.1388806	-0.2180707	-2.2157175	0.1312329	-0.2776644	-2.3002108	0.1047906	-0.1916054	-2.3056257	0.0919054	-0.3081459	-2.1167624	0.0837488	-0.1772881	-2.0931480	0.0828406	-0.3169491	-2.1574835	0.0798772	-0.1307560	-2.1365375	0.0780174	-0.3679004	-2.1054639	0.8160660	-0.0714340	-2.1434474	0.7047792	-0.0578958	-2.2218988	0.8244475	-0.0417065	-2.0972403	0.8174086	-0.4001246	-2.1387964	0.7090420	-0.4168346	-2.2171526	0.8312869	-0.4270133	-2.2105818	0.4123222	-0.1092965	-2.1946799	0.2914258	-0.1114694	-2.2542703	0.3013736	-0.1090706	-2.2093957	0.4164898	-0.3804843	-2.1904693	0.2922517	-0.3822714	-2.2589944	0.3041385	-0.3832605	-2.1980309	0.9843010	-0.1430514	-2.1886314	0.9829136	-0.3183942	-2.1977341	1.1768584	0.0163299	-2.2110652	1.1829212	-0.4676483	-2.2290939	1.1656729	-0.0639447	-2.2406195	1.1773225	-0.3799206	-2.1379318	0.9276285	-0.0212625	-2.1485285	0.9383845	-0.4467312	-2.2214603	0.9208013	-0.0088771	-2.2237499	0.9279107	-0.4462869
117	1.9333333	-2.1948300	1.4450779	-0.2293900	-2.1789000	1.4419379	-0.0745500	-2.2102900	1.1686479	-0.0276300	-2.1841400	0.8977079	-0.0224600	-2.1941900	1.4482679	-0.3847100	-2.2228800	1.1732179	-0.4270800	-2.1878000	0.9276279	-0.4351700	-2.1602100	0.9764779	-0.2285700	-2.1584200	0.9756779	-0.1272800	-2.1970500	0.5377079	-0.1558400	-2.2397200	0.1306079	-0.1802600	-2.1548800	0.9781279	-0.3298800	-2.1860100	0.5305479	-0.3157800	-2.2474200	0.1277579	-0.3107900	-2.0709600	0.0891779	-0.3213200	-2.0856200	0.0905779	-0.3241900	-2.2743900	0.0917879	-0.2998400	-2.1012100	0.0726679	-0.1603700	-2.1109800	0.0748979	-0.1585500	-2.2631400	0.0990279	-0.1921800	-2.2873277	1.4950719	-0.2372174	-2.2177702	1.4940455	-0.0978424	-2.1955814	1.4916658	-0.3714346	-2.1125224	1.0371920	-0.0805320	-2.0965373	1.0358409	-0.3666300	-2.2695137	1.0817618	-0.1788186	-2.2625080	1.0791092	-0.2905597	-2.1947021	0.5332338	-0.0962326	-2.1955653	0.5403077	-0.3844716	-2.1881370	0.5426638	-0.2125504	-2.1896042	0.5400431	-0.2671090	-2.2412753	0.1281550	-0.1442381	-2.2387770	0.1252503	-0.3541061	-2.2210357	0.1383819	-0.2180230	-2.2161550	0.1306681	-0.2777082	-2.3004580	0.1043736	-0.1915231	-2.3059932	0.0914364	-0.3080340	-2.1170652	0.0831821	-0.1772729	-2.0939180	0.0821931	-0.3171845	-2.1577533	0.0793782	-0.1307314	-2.1373125	0.0774461	-0.3679809	-2.1051911	0.8154022	-0.0714853	-2.1431350	0.7041113	-0.0578986	-2.2216172	0.8237438	-0.0416648	-2.0971776	0.8167049	-0.4001309	-2.1387806	0.7083540	-0.4168441	-2.2170938	0.8306215	-0.4269710	-2.2104259	0.4117079	-0.1092639	-2.1946909	0.2908315	-0.1114273	-2.2542544	0.3008805	-0.1090165	-2.2096030	0.4158389	-0.3804377	-2.1908646	0.2916201	-0.3822258	-2.2592951	0.3035860	-0.3831528	-2.1978453	0.9835948	-0.1430620	-2.1884595	0.9822148	-0.3183284	-2.1974219	1.1762785	0.0164065	-2.2108555	1.1823166	-0.4676187	-2.2288256	1.1650634	-0.0638116	-2.2403844	1.1767127	-0.3799357	-2.1374700	0.9270849	-0.0211848	-2.1482481	0.9377548	-0.4466372	-2.2209890	0.9202163	-0.0088056	-2.2235091	0.9272993	-0.4461799
118	1.9500000	-2.1937400	1.4449479	-0.2291700	-2.1774200	1.4418479	-0.0744100	-2.2085800	1.1680779	-0.0275800	-2.1824000	0.8975479	-0.0219700	-2.1935200	1.4481079	-0.3844200	-2.2207200	1.1729979	-0.4271300	-2.1867200	0.9272979	-0.4352500	-2.1589400	0.9761979	-0.2283900	-2.1573700	0.9752479	-0.1272000	-2.1948700	0.5380479	-0.1559600	-2.2398100	0.1306879	-0.1799300	-2.1534200	0.9778579	-0.3295800	-2.1846400	0.5303879	-0.3159500	-2.2460500	0.1276379	-0.3105500	-2.0733900	0.0877079	-0.3217400	-2.0875800	0.0892679	-0.3245100	-2.2719800	0.0922179	-0.2995800	-2.1028700	0.0718879	-0.1597400	-2.1123400	0.0741279	-0.1579600	-2.2612700	0.0992979	-0.1920900	-2.2861215	1.4947934	-0.2370449	-2.2164781	1.4937933	-0.0978583	-2.1945397	1.4913964	-0.3711846	-2.1113150	1.0369242	-0.0804475	-2.0953369	1.0355942	-0.3663265	-2.2682611	1.0813759	-0.1786775	-2.2612610	1.0787414	-0.2903167	-2.1932444	0.5329785	-0.0960302	-2.1944501	0.5400435	-0.3843413	-2.1867119	0.5423994	-0.2123614	-2.1884058	0.5397365	-0.2670087	-2.2404186	0.1280940	-0.1440193	-2.2381643	0.1251140	-0.3538817	-2.2201679	0.1382694	-0.2177903	-2.2154524	0.1304883	-0.2776085	-2.2995616	0.1043745	-0.1912683	-2.3051642	0.0913898	-0.3077617	-2.1163591	0.0829645	-0.1770760	-2.0936470	0.0818791	-0.3172935	-2.1570045	0.0792471	-0.1305473	-2.1370275	0.0772319	-0.3679071	-2.1038394	0.8151571	-0.0713765	-2.1417296	0.7038604	-0.0577454	-2.2202429	0.8234481	-0.0414980	-2.0960095	0.8164154	-0.3999704	-2.1376428	0.7080847	-0.4166882	-2.2159131	0.8303703	-0.4267456	-2.2091653	0.4114950	-0.1090619	-2.1936197	0.2906331	-0.1112092	-2.2531473	0.3007963	-0.1088081	-2.2086788	0.4155925	-0.3802447	-2.1901374	0.2913873	-0.3820328	-2.2584576	0.3034411	-0.3828836	-2.1965640	0.9832851	-0.1429387	-2.1871730	0.9819140	-0.3180865	-2.1959168	1.1761190	0.0166629	-2.2094745	1.1821234	-0.4674466	-2.2273684	1.1648523	-0.0635226	-2.2389608	1.1765072	-0.3798275	-2.1358045	0.9269607	-0.0209408	-2.1468376	0.9375295	-0.4464214	-2.2192873	0.9200406	-0.0085395	-2.2221141	0.9270931	-0.4459856
119	1.9666667	-2.1926100	1.4443179	-0.2291800	-2.1758600	1.4413779	-0.0743200	-2.2072500	1.1679079	-0.0271700	-2.1804100	0.8973979	-0.0214700	-2.1927800	1.4475079	-0.3845500	-2.2188900	1.1728579	-0.4269800	-2.1848400	0.9276879	-0.4353200	-2.1577900	0.9759879	-0.2281200	-2.1566900	0.9751479	-0.1269200	-2.1936200	0.5379779	-0.1560500	-2.2401100	0.1305279	-0.1797200	-2.1517800	0.9774879	-0.3293200	-2.1835100	0.5306079	-0.3160000	-2.2441700	0.1268679	-0.3103500	-2.0721000	0.0867679	-0.3210500	-2.0863800	0.0884979	-0.3238500	-2.2721800	0.0919079	-0.2997500	-2.1045200	0.0715679	-0.1589600	-2.1139400	0.0740379	-0.1571700	-2.2624700	0.0991679	-0.1917100	-2.2850248	1.4945977	-0.2367872	-2.2152776	1.4936225	-0.0977522	-2.1935913	1.4912047	-0.3708819	-2.1102583	1.0367324	-0.0802564	-2.0942007	1.0354314	-0.3659161	-2.2671478	1.0810791	-0.1784750	-2.2601168	1.0784653	-0.2900127	-2.1919672	0.5327918	-0.0957154	-2.1933832	0.5398531	-0.3841465	-2.1854366	0.5421997	-0.2120660	-2.1872868	0.5395032	-0.2668265	-2.2397797	0.1280583	-0.1437127	-2.2376483	0.1250204	-0.3536010	-2.2195065	0.1381800	-0.2174745	-2.2148572	0.1303467	-0.2774256	-2.2988572	0.1044086	-0.1909470	-2.3044390	0.0913910	-0.3074388	-2.1158943	0.0827563	-0.1767715	-2.0934698	0.0815859	-0.3172843	-2.1565025	0.0791278	-0.1302711	-2.1368278	0.0770425	-0.3677318	-2.1026591	0.8149749	-0.0711429	-2.1405017	0.7036749	-0.0574720	-2.2190495	0.8232250	-0.0412367	-2.0948949	0.8162041	-0.3997218	-2.1365461	0.7078936	-0.4164564	-2.2147929	0.8301927	-0.4264630	-2.2080935	0.4113358	-0.1087509	-2.1927518	0.2904754	-0.1108899	-2.2522436	0.3007574	-0.1085045	-2.2078184	0.4154125	-0.3799965	-2.1894772	0.2912139	-0.3817800	-2.2576997	0.3033521	-0.3825679	-2.1954317	0.9830466	-0.1427317	-2.1859812	0.9816858	-0.3177674	-2.1944659	1.1760253	0.0170215	-2.2081431	1.1820066	-0.4672155	-2.2259905	1.1647116	-0.0631457	-2.2375779	1.1763747	-0.3796593	-2.1341506	0.9269426	-0.0206091	-2.1454397	0.9374101	-0.4461802	-2.2176102	0.9199610	-0.0081683	-2.2206818	0.9269790	-0.4457405
120	1.9833333	-2.1917500	1.4438779	-0.2292200	-2.1745700	1.4410079	-0.0742500	-2.2065100	1.1685279	-0.0263900	-2.1788000	0.8975979	-0.0210200	-2.1923600	1.4467779	-0.3847200	-2.2183000	1.1727379	-0.4266700	-2.1830000	0.9282879	-0.4352700	-2.1575300	0.9756679	-0.2278700	-2.1567700	0.9748979	-0.1265100	-2.1942800	0.5379579	-0.1559600	-2.2389900	0.1306579	-0.1796800	-2.1511500	0.9772079	-0.3292200	-2.1828900	0.5309079	-0.3158500	-2.2437400	0.1260379	-0.3103000	-2.0649400	0.0873479	-0.3192200	-2.0801100	0.0886779	-0.3222300	-2.2756000	0.0888779	-0.3003400	-2.1037900	0.0723779	-0.1587900	-2.1133900	0.0747779	-0.1569400	-2.2637200	0.0979879	-0.1912000	-2.2847274	1.4943269	-0.2365935	-2.2148346	1.4933655	-0.0976250	-2.1934108	1.4908943	-0.3707041	-2.1101097	1.0364419	-0.0799984	-2.0938773	1.0351696	-0.3655923	-2.2669756	1.0807686	-0.1782873	-2.2598763	1.0781757	-0.2897872	-2.1916234	0.5324910	-0.0953659	-2.1930961	0.5395462	-0.3839753	-2.1850802	0.5419001	-0.2117648	-2.1869870	0.5391823	-0.2666022	-2.2399850	0.1278412	-0.1434453	-2.2379187	0.1247864	-0.3533756	-2.2197073	0.1379306	-0.2172171	-2.2150684	0.1300770	-0.2772305	-2.2990389	0.1042436	-0.1906917	-2.3046113	0.0912091	-0.3071691	-2.1162310	0.0824201	-0.1764968	-2.0939197	0.0812281	-0.3172062	-2.1568176	0.0788516	-0.1300189	-2.1372840	0.0767530	-0.3675562	-2.1023992	0.8146772	-0.0708582	-2.1402005	0.7033715	-0.0571477	-2.2188094	0.8228927	-0.0409325	-2.0945503	0.8158988	-0.3995227	-2.1362136	0.7075928	-0.4162794	-2.2144988	0.8298916	-0.4262877	-2.2079147	0.4110465	-0.1084286	-2.1927476	0.2901724	-0.1105914	-2.2522121	0.3005555	-0.1081998	-2.2077321	0.4151100	-0.3797856	-2.1895694	0.2909177	-0.3815647	-2.2577403	0.3031216	-0.3823203	-2.1952309	0.9827155	-0.1425108	-2.1856623	0.9813629	-0.3175194	-2.1937818	1.1758585	0.0174014	-2.2076431	1.1818001	-0.4670417	-2.2254262	1.1645024	-0.0627455	-2.2370052	1.1761469	-0.3795385	-2.1332120	0.9268939	-0.0203258	-2.1447382	0.9372606	-0.4459736	-2.2166351	0.9198312	-0.0078026	-2.2199008	0.9267957	-0.4455255
121	2.0000000	-2.1912900	1.4438879	-0.2290600	-2.1736100	1.4408479	-0.0741200	-2.2057200	1.1694179	-0.0256500	-2.1777100	0.8973179	-0.0206400	-2.1923700	1.4472079	-0.3845600	-2.2187700	1.1731879	-0.4263000	-2.1825000	0.9286579	-0.4350800	-2.1578900	0.9756379	-0.2276600	-2.1571500	0.9744879	-0.1261200	-2.1956000	0.5378679	-0.1557900	-2.2367100	0.1303979	-0.1796700	-2.1514700	0.9774079	-0.3292000	-2.1829800	0.5314479	-0.3155000	-2.2449100	0.1247779	-0.3102900	-2.0558700	0.0887579	-0.3173100	-2.0724500	0.0900479	-0.3206000	-2.2811500	0.0862479	-0.3008700	-2.0992200	0.0739279	-0.1594900	-2.1094000	0.0762479	-0.1575100	-2.2635400	0.0950279	-0.1907100	-2.2848894	1.4943657	-0.2364391	-2.2148105	1.4933863	-0.0974669	-2.1936753	1.4908454	-0.3706269	-2.1105540	1.0364505	-0.0796754	-2.0941297	1.0351860	-0.3654265	-2.2674633	1.0808762	-0.1780903	-2.2602916	1.0782935	-0.2896450	-2.1918564	0.5324743	-0.0950013	-2.1934011	0.5395117	-0.3837867	-2.1853182	0.5419101	-0.2114839	-2.1872853	0.5391765	-0.2662899	-2.2405792	0.1278551	-0.1432375	-2.2386699	0.1248187	-0.3531972	-2.2203385	0.1379424	-0.2170428	-2.2157685	0.1301011	-0.2770179	-2.2997070	0.1042742	-0.1905012	-2.3054180	0.0912194	-0.3069267	-2.1168584	0.0824028	-0.1762979	-2.0945938	0.0812799	-0.3170844	-2.1574390	0.0788488	-0.1298111	-2.1380265	0.0768115	-0.3674180	-2.1027235	0.8146805	-0.0705504	-2.1404791	0.7033574	-0.0567956	-2.2191920	0.8228532	-0.0405784	-2.0947604	0.8158852	-0.3994016	-2.1364542	0.7075654	-0.4161603	-2.2148351	0.8298553	-0.4262199	-2.2082399	0.4110319	-0.1081218	-2.1931790	0.2901357	-0.1103468	-2.2526337	0.3005888	-0.1079046	-2.2081948	0.4150826	-0.3795761	-2.1901554	0.2909053	-0.3813677	-2.2583307	0.3031439	-0.3821096	-2.1956714	0.9827058	-0.1422730	-2.1859732	0.9813487	-0.3173667	-2.1935166	1.1760098	0.0178012	-2.2077895	1.1819194	-0.4668997	-2.2253243	1.1646089	-0.0623259	-2.2370487	1.1762400	-0.3794459	-2.1327019	0.9271420	-0.0201159	-2.1446108	0.9374476	-0.4457755	-2.2160430	0.9199957	-0.0074342	-2.2196910	0.9269303	-0.4453486
122	2.0166667	-2.1902500	1.4438779	-0.2288100	-2.1724700	1.4405679	-0.0740000	-2.2048100	1.1693979	-0.0252300	-2.1768100	0.8970579	-0.0203200	-2.1914800	1.4474179	-0.3841800	-2.2191600	1.1732979	-0.4260000	-2.1829500	0.9289079	-0.4348300	-2.1582100	0.9755279	-0.2274300	-2.1575400	0.9743179	-0.1257100	-2.1958500	0.5375079	-0.1557400	-2.2349800	0.1296479	-0.1796200	-2.1517000	0.9774879	-0.3291400	-2.1838500	0.5312179	-0.3151900	-2.2460500	0.1234979	-0.3102100	-2.0508300	0.0892779	-0.3164700	-2.0681900	0.0902479	-0.3199400	-2.2852600	0.0837479	-0.3011200	-2.0932400	0.0758479	-0.1604200	-2.1040400	0.0776079	-0.1583400	-2.2639000	0.0936079	-0.1904800	-2.2848463	1.4943164	-0.2362594	-2.2145674	1.4932836	-0.0972623	-2.1937404	1.4906793	-0.3705565	-2.1109139	1.0363862	-0.0792525	-2.0943321	1.0350900	-0.3653520	-2.2679141	1.0809958	-0.1778200	-2.2606845	1.0784053	-0.2895098	-2.1919563	0.5323711	-0.0946118	-2.1936939	0.5393800	-0.3835153	-2.1854610	0.5418577	-0.2111978	-2.1875574	0.5391026	-0.2658782	-2.2408861	0.1277750	-0.1430299	-2.2392779	0.1247719	-0.3529937	-2.2207283	0.1378831	-0.2168810	-2.2163349	0.1300696	-0.2767654	-2.3001917	0.1041595	-0.1902918	-2.3061938	0.0911191	-0.3066562	-2.1170923	0.0823931	-0.1761317	-2.0949527	0.0813273	-0.3169026	-2.1576793	0.0788083	-0.1295973	-2.1384987	0.0768283	-0.3672685	-2.1029358	0.8146228	-0.0702048	-2.1406352	0.7032680	-0.0564067	-2.2194873	0.8227379	-0.0401464	-2.0949433	0.8157822	-0.3992835	-2.1366853	0.7074376	-0.4160176	-2.2151716	0.8297184	-0.4261442	-2.2083741	0.4109361	-0.1078075	-2.1933614	0.2900216	-0.1101180	-2.2528182	0.3005145	-0.1075838	-2.2085984	0.4149652	-0.3792943	-2.1906376	0.2908112	-0.3811137	-2.2588360	0.3030732	-0.3818516	-2.1960705	0.9826470	-0.1419644	-2.1862631	0.9812640	-0.3172351	-2.1930352	1.1760722	0.0182320	-2.2079342	1.1819774	-0.4667094	-2.2250264	1.1646326	-0.0618757	-2.2370653	1.1762706	-0.3792936	-2.1320214	0.9272838	-0.0199141	-2.1445439	0.9375599	-0.4455417	-2.2152452	0.9200496	-0.0070322	-2.2195552	0.9270125	-0.4451597
123	2.0333333	-2.1875300	1.4442679	-0.2285700	-2.1703500	1.4408479	-0.0740000	-2.2038700	1.1691379	-0.0250600	-2.1754900	0.8965479	-0.0198900	-2.1881700	1.4479879	-0.3836700	-2.2183900	1.1730279	-0.4257100	-2.1824900	0.9284579	-0.4345300	-2.1577000	0.9753979	-0.2271200	-2.1571200	0.9738179	-0.1251600	-2.1948100	0.5371879	-0.1557700	-2.2346200	0.1292979	-0.1794900	-2.1510800	0.9775079	-0.3290700	-2.1851500	0.5304679	-0.3151100	-2.2458700	0.1221279	-0.3099900	-2.0503200	0.0883179	-0.3167800	-2.0676000	0.0891379	-0.3202200	-2.2872600	0.0816579	-0.3013600	-2.0893600	0.0768079	-0.1608000	-2.1006800	0.0787779	-0.1586800	-2.2654000	0.0920679	-0.1905700	-2.2838753	1.4942487	-0.2360258	-2.2134204	1.4931489	-0.0970002	-2.1928628	1.4904858	-0.3704314	-2.1104238	1.0362972	-0.0787107	-2.0936939	1.0349454	-0.3652541	-2.2675237	1.0811194	-0.1774605	-2.2602405	1.0785092	-0.2893270	-2.1912101	0.5322504	-0.0941895	-2.1932077	0.5392312	-0.3831410	-2.1847735	0.5417999	-0.2108687	-2.1870508	0.5390162	-0.2653988	-2.2402920	0.1276671	-0.1427583	-2.2390501	0.1246897	-0.3527319	-2.2202354	0.1378027	-0.2166521	-2.2160824	0.1300050	-0.2764670	-2.2998339	0.1039765	-0.1900042	-2.3061873	0.0909907	-0.3063416	-2.1163477	0.0824117	-0.1759134	-2.0944175	0.0813148	-0.3166556	-2.1569572	0.0787758	-0.1293120	-2.1380896	0.0767856	-0.3670707	-2.1023015	0.8145526	-0.0697941	-2.1399439	0.7031636	-0.0559677	-2.2189356	0.8226104	-0.0396406	-2.0943466	0.8156463	-0.3990862	-2.1361413	0.7072825	-0.4157832	-2.2146983	0.8295623	-0.4259691	-2.2076408	0.4108281	-0.1074558	-2.1926537	0.2898944	-0.1098468	-2.2521169	0.3004104	-0.1072101	-2.2082006	0.4148309	-0.3789233	-2.1903044	0.2906876	-0.3807763	-2.2585181	0.3029834	-0.3815191	-2.1956388	0.9825831	-0.1415528	-2.1857286	0.9811607	-0.3170483	-2.1916425	1.1761079	0.0187026	-2.2071568	1.1820081	-0.4664670	-2.2237848	1.1646330	-0.0613769	-2.2362127	1.1762673	-0.3790561	-2.1305344	0.9273295	-0.0196487	-2.1436815	0.9375801	-0.4452083	-2.2135975	0.9200106	-0.0065451	-2.2186579	0.9270408	-0.4449814
124	2.0500000	-2.1834800	1.4449979	-0.2281300	-2.1670400	1.4415079	-0.0739400	-2.2026400	1.1688779	-0.0248800	-2.1737000	0.8959379	-0.0192900	-2.1836000	1.4480979	-0.3828200	-2.2163800	1.1730779	-0.4252700	-2.1799800	0.9288479	-0.4341300	-2.1554400	0.9752879	-0.2267400	-2.1545300	0.9735879	-0.1245500	-2.1934000	0.5362979	-0.1557200	-2.2350500	0.1286879	-0.1792400	-2.1491300	0.9773779	-0.3289300	-2.1862200	0.5287379	-0.3152200	-2.2448300	0.1204579	-0.3096800	-2.0505500	0.0879079	-0.3172000	-2.0675000	0.0890679	-0.3205000	-2.2892500	0.0808379	-0.3017500	-2.0885700	0.0769779	-0.1603500	-2.0998000	0.0788679	-0.1582800	-2.2676800	0.0903279	-0.1906700	-2.2812005	1.4942065	-0.2357750	-2.2105958	1.4930649	-0.0967090	-2.1902480	1.4903245	-0.3702862	-2.1081977	1.0362195	-0.0781005	-2.0912896	1.0348107	-0.3650933	-2.2653927	1.0812178	-0.1770646	-2.2580441	1.0785865	-0.2891101	-2.1888485	0.5321525	-0.0937525	-2.1911235	0.5391189	-0.3827119	-2.1824670	0.5417659	-0.2105117	-2.1849791	0.5389591	-0.2649032	-2.2381497	0.1275625	-0.1424227	-2.2372615	0.1245851	-0.3524561	-2.2181878	0.1377199	-0.2163606	-2.2142899	0.1299093	-0.2761564	-2.2979510	0.1037726	-0.1896692	-2.3046509	0.0908530	-0.3060283	-2.1139915	0.0824470	-0.1756083	-2.0922937	0.0812328	-0.3163773	-2.1546499	0.0787589	-0.1289381	-2.1360912	0.0766873	-0.3668525	-2.0999748	0.8144751	-0.0693324	-2.1375881	0.7030649	-0.0554957	-2.2166800	0.8225081	-0.0390935	-2.0920736	0.8154928	-0.3988002	-2.1339435	0.7071346	-0.4154670	-2.2124948	0.8294408	-0.4257103	-2.2053109	0.4107454	-0.1070699	-2.1903636	0.2897826	-0.1095219	-2.2498419	0.3003239	-0.1067923	-2.2062169	0.4147292	-0.3785210	-2.1883906	0.2905723	-0.3804087	-2.2566175	0.3029104	-0.3811689	-2.1934658	0.9825357	-0.1410716	-2.1834353	0.9810690	-0.3168033	-2.1887027	1.1761809	0.0191958	-2.2046175	1.1820829	-0.4661637	-2.2209303	1.1646882	-0.0608802	-2.2336270	1.1763007	-0.3787289	-2.1276275	0.9273584	-0.0192789	-2.1410861	0.9376494	-0.4448124	-2.2105072	0.9199727	-0.0059810	-2.2160582	0.9271067	-0.4447844
125	2.0666667	-2.1795600	1.4446779	-0.2272400	-2.1634500	1.4409579	-0.0733600	-2.2008100	1.1690179	-0.0245200	-2.1724200	0.8960379	-0.0187700	-2.1793700	1.4481879	-0.3816000	-2.2137800	1.1735979	-0.4247200	-2.1759200	0.9289579	-0.4338200	-2.1517000	0.9753779	-0.2263700	-2.1503100	0.9739979	-0.1240900	-2.1922400	0.5355679	-0.1555900	-2.2359500	0.1289979	-0.1789800	-2.1458300	0.9773379	-0.3286500	-2.1868800	0.5269279	-0.3154200	-2.2447600	0.1202179	-0.3095400	-2.0491500	0.0890879	-0.3166600	-2.0660000	0.0904579	-0.3199100	-2.2918600	0.0800279	-0.3022900	-2.0896400	0.0773079	-0.1593800	-2.1003600	0.0788679	-0.1574200	-2.2699800	0.0908279	-0.1904900	-2.2772403	1.4943422	-0.2355791	-2.2064873	1.4932107	-0.0964624	-2.1863224	1.4903633	-0.3701944	-2.1045337	1.0363374	-0.0775245	-2.0873934	1.0348852	-0.3649202	-2.2618134	1.0814444	-0.1767283	-2.2543771	1.0787994	-0.2889298	-2.1852492	0.5322436	-0.0933472	-2.1877924	0.5392214	-0.3823268	-2.1789201	0.5419158	-0.2101928	-2.1817374	0.5391076	-0.2644699	-2.2349303	0.1276493	-0.1421000	-2.2343506	0.1246608	-0.3522686	-2.2150555	0.1378230	-0.2160996	-2.2114162	0.1299861	-0.2759165	-2.2950188	0.1037431	-0.1893888	-2.3020402	0.0909132	-0.3058340	-2.1104837	0.0826906	-0.1752764	-2.0890231	0.0812896	-0.3161119	-2.1512264	0.0789491	-0.1285349	-2.1329322	0.0767418	-0.3666765	-2.0962595	0.8145333	-0.0688887	-2.1338977	0.7031261	-0.0550473	-2.2130311	0.8226056	-0.0385661	-2.0883861	0.8154811	-0.3984758	-2.1303767	0.7071612	-0.4151424	-2.2088190	0.8295362	-0.4254695	-2.2017885	0.4108587	-0.1066983	-2.1869203	0.2898613	-0.1092002	-2.2464296	0.3004390	-0.1063812	-2.2030269	0.4148430	-0.3781907	-2.1852904	0.2906595	-0.3801083	-2.2535407	0.3030407	-0.3809189	-2.1898290	0.9826746	-0.1406123	-2.1796446	0.9811649	-0.3165706	-2.1847769	1.1764271	0.0196919	-2.2007052	1.1823611	-0.4658180	-2.2170067	1.1649532	-0.0604445	-2.2296941	1.1765473	-0.3783278	-2.1238730	0.9275169	-0.0188006	-2.1371062	0.9379625	-0.4444665	-2.2066565	0.9201067	-0.0054158	-2.2121094	0.9273713	-0.4445667
126	2.0833333	-2.1766000	1.4443479	-0.2261000	-2.1607600	1.4404079	-0.0721700	-2.1987700	1.1686879	-0.0239400	-2.1724200	0.8950679	-0.0184800	-2.1760600	1.4483279	-0.3805000	-2.2111300	1.1745679	-0.4243000	-2.1712700	0.9291879	-0.4336500	-2.1486800	0.9756479	-0.2260400	-2.1472200	0.9745779	-0.1237500	-2.1913200	0.5356979	-0.1554500	-2.2367700	0.1298179	-0.1789800	-2.1428600	0.9776279	-0.3283400	-2.1873200	0.5262279	-0.3156100	-2.2462900	0.1209379	-0.3099900	-2.0468200	0.0911079	-0.3151000	-2.0639900	0.0923579	-0.3184800	-2.2951100	0.0803379	-0.3031900	-2.0908300	0.0771679	-0.1584900	-2.1011800	0.0788879	-0.1566300	-2.2710800	0.0920579	-0.1903000	-2.2741891	1.4946353	-0.2354501	-2.2032903	1.4935584	-0.0962745	-2.1832807	1.4905752	-0.3701477	-2.1016270	1.0366282	-0.0770035	-2.0842179	1.0351560	-0.3647650	-2.2589895	1.0818207	-0.1764597	-2.2514516	1.0791744	-0.2887971	-2.1825470	0.5324991	-0.0929877	-2.1853810	0.5395113	-0.3820183	-2.1762716	0.5422273	-0.2099307	-2.1795051	0.5394393	-0.2641054	-2.2327657	0.1279272	-0.1418272	-2.2324881	0.1249246	-0.3521960	-2.2129840	0.1381171	-0.2159056	-2.2096443	0.1302496	-0.2757573	-2.2931810	0.1039151	-0.1891911	-2.3005533	0.0911648	-0.3057927	-2.1079841	0.0831177	-0.1749684	-2.0867627	0.0815344	-0.3158422	-2.1488381	0.0793266	-0.1281455	-2.1307650	0.0769861	-0.3665495	-2.0933306	0.8147186	-0.0684914	-2.1310328	0.7033321	-0.0546409	-2.2101649	0.8228787	-0.0380777	-2.0854436	0.8156051	-0.3981346	-2.1276031	0.7073446	-0.4148407	-2.2058563	0.8298268	-0.4253012	-2.1992016	0.4111443	-0.1063650	-2.1844548	0.2901150	-0.1089173	-2.2440040	0.3007433	-0.1060007	-2.2007923	0.4151473	-0.3779591	-2.1831636	0.2909381	-0.3798971	-2.2514581	0.3033595	-0.3808085	-2.1869249	0.9829821	-0.1402019	-2.1765632	0.9814397	-0.3163769	-2.1819442	1.1767420	0.0201754	-2.1974669	1.1828281	-0.4654806	-2.2141382	1.1653409	-0.0600290	-2.2265290	1.1769711	-0.3779278	-2.1214746	0.9276273	-0.0182937	-2.1337027	0.9384491	-0.4442088	-2.2042453	0.9202953	-0.0048835	-2.2087629	0.9277735	-0.4443842
127	2.1000000	-2.1747900	1.4437679	-0.2250500	-2.1596700	1.4396779	-0.0707700	-2.1970900	1.1680379	-0.0231700	-2.1733000	0.8939479	-0.0182600	-2.1733800	1.4481679	-0.3797700	-2.2088000	1.1752179	-0.4240100	-2.1670500	0.9293179	-0.4334500	-2.1481800	0.9759379	-0.2257000	-2.1471300	0.9746379	-0.1233700	-2.1904700	0.5361779	-0.1553500	-2.2376400	0.1311479	-0.1793100	-2.1419600	0.9780279	-0.3280200	-2.1879400	0.5261679	-0.3157100	-2.2487000	0.1215679	-0.3108300	-2.0443700	0.0929879	-0.3133600	-2.0620400	0.0938679	-0.3169600	-2.2984900	0.0807879	-0.3043900	-2.0910600	0.0774579	-0.1580200	-2.1012800	0.0791079	-0.1562300	-2.2720200	0.0931479	-0.1905200	-2.2736488	1.4949339	-0.2353425	-2.2026293	1.4939190	-0.0960852	-2.1827121	1.4907700	-0.3700839	-2.1012716	1.0369165	-0.0764410	-2.0835531	1.0354576	-0.3646067	-2.2587122	1.0822464	-0.1761738	-2.2510592	1.0796141	-0.2886610	-2.1823439	0.5327508	-0.0926284	-2.1854878	0.5398119	-0.3817422	-2.1761169	0.5425450	-0.2096800	-2.1798674	0.5397860	-0.2637495	-2.2331989	0.1282385	-0.1415734	-2.2332415	0.1252364	-0.3521703	-2.2135328	0.1384555	-0.2157384	-2.2105456	0.1305649	-0.2756139	-2.2939956	0.1041462	-0.1890275	-2.3017763	0.0914506	-0.3058403	-2.1080636	0.0835688	-0.1746710	-2.0870739	0.0818675	-0.3154922	-2.1490464	0.0797275	-0.1277504	-2.1311501	0.0773068	-0.3664035	-2.0929206	0.8149150	-0.0680793	-2.1306808	0.7035436	-0.0542189	-2.2098272	0.8231550	-0.0375725	-2.0849565	0.8157526	-0.3977467	-2.1272968	0.7075423	-0.4145308	-2.2053511	0.8301450	-0.4251801	-2.1991259	0.4114317	-0.1060390	-2.1845342	0.2903793	-0.1086534	-2.2441166	0.3010666	-0.1056202	-2.2010957	0.4154648	-0.3777634	-2.1835929	0.2912394	-0.3797034	-2.2519409	0.3037081	-0.3807740	-2.1865548	0.9833066	-0.1397753	-2.1759917	0.9817530	-0.3161866	-2.1816295	1.1769046	0.0206798	-2.1963296	1.1832974	-0.4651576	-2.2138002	1.1656281	-0.0595461	-2.2255917	1.1773681	-0.3775517	-2.1218047	0.9274741	-0.0178108	-2.1322290	0.9389017	-0.4439376	-2.2046068	0.9203169	-0.0043616	-2.2073182	0.9281323	-0.4442468
128	2.1166667	-2.1731900	1.4442179	-0.2240900	-2.1590900	1.4400179	-0.0695000	-2.1960100	1.1676179	-0.0223000	-2.1743000	0.8929979	-0.0179900	-2.1707000	1.4486779	-0.3790900	-2.2069600	1.1759979	-0.4235700	-2.1638000	0.9289479	-0.4330700	-2.1492800	0.9756179	-0.2251900	-2.1490900	0.9736179	-0.1229200	-2.1896900	0.5361679	-0.1552800	-2.2384500	0.1306479	-0.1797500	-2.1422100	0.9781279	-0.3274300	-2.1894300	0.5265479	-0.3156000	-2.2506200	0.1217279	-0.3113400	-2.0418700	0.0933279	-0.3121300	-2.0600600	0.0943379	-0.3159000	-2.3009300	0.0812879	-0.3051900	-2.0899400	0.0778979	-0.1577600	-2.1003000	0.0794379	-0.1559900	-2.2742100	0.0930779	-0.1912000	-2.2745361	1.4946618	-0.2350856	-2.2034447	1.4936816	-0.0956915	-2.1835065	1.4903512	-0.3698450	-2.1025451	1.0365697	-0.0756429	-2.0844488	1.0351557	-0.3643068	-2.2600625	1.0821381	-0.1757042	-2.2522718	1.0795312	-0.2883812	-2.1835990	0.5323934	-0.0921250	-2.1870545	0.5394963	-0.3813201	-2.1773884	0.5422709	-0.2092878	-2.1817315	0.5395247	-0.2632248	-2.2351565	0.1279562	-0.1412001	-2.2354854	0.1249670	-0.3519935	-2.2156113	0.1382138	-0.2154501	-2.2129712	0.1303054	-0.2752994	-2.2963818	0.1038286	-0.1887569	-2.3045794	0.0911314	-0.3057590	-2.1096625	0.0833756	-0.1742390	-2.0888079	0.0816676	-0.3149170	-2.1507944	0.0794947	-0.1272078	-2.1329570	0.0770785	-0.3660823	-2.0940881	0.8145433	-0.0674764	-2.1318690	0.7031683	-0.0536184	-2.2110852	0.8228094	-0.0369020	-2.0859612	0.8153279	-0.3971826	-2.1284678	0.7071456	-0.4140642	-2.2063645	0.8298604	-0.4249439	-2.2005100	0.4111074	-0.1055822	-2.1861016	0.2900315	-0.1082672	-2.2457077	0.3007920	-0.1051119	-2.2028621	0.4151679	-0.3774160	-2.1854902	0.2909328	-0.3793432	-2.2538943	0.3034584	-0.3806096	-2.1878095	0.9830273	-0.1391656	-2.1770055	0.9814856	-0.3158532	-2.1826462	1.1764462	0.0213119	-2.1962641	1.1832056	-0.4647525	-2.2148128	1.1652998	-0.0588857	-2.2257968	1.1771656	-0.3771198	-2.1236350	0.9265927	-0.0173276	-2.1316195	0.9387805	-0.4434110	-2.2063699	0.9196628	-0.0037401	-2.2067134	0.9278981	-0.4440775
129	2.1333333	-2.1711500	1.4446379	-0.2230800	-2.1577500	1.4403879	-0.0683300	-2.1951600	1.1678679	-0.0214200	-2.1750100	0.8925579	-0.0176300	-2.1678800	1.4492579	-0.3781900	-2.2051400	1.1767779	-0.4228800	-2.1608400	0.9287179	-0.4326300	-2.1495200	0.9749879	-0.2244300	-2.1506400	0.9728979	-0.1223500	-2.1893200	0.5359579	-0.1551000	-2.2393600	0.1306279	-0.1799800	-2.1411500	0.9777279	-0.3264300	-2.1913500	0.5259579	-0.3151600	-2.2510800	0.1215079	-0.3111600	-2.0404100	0.0932879	-0.3113900	-2.0587800	0.0942879	-0.3152100	-2.3013100	0.0811579	-0.3051400	-2.0889800	0.0780779	-0.1572200	-2.0995200	0.0796879	-0.1555000	-2.2770600	0.0926779	-0.1919500	-2.2743990	1.4941273	-0.2345804	-2.2032779	1.4931549	-0.0950044	-2.1832279	1.4896468	-0.3693604	-2.1029880	1.0358967	-0.0745466	-2.0844307	1.0345357	-0.3637679	-2.2605702	1.0817653	-0.1749887	-2.2526114	1.0791837	-0.2878804	-2.1839252	0.5317445	-0.0914080	-2.1876610	0.5388739	-0.3806592	-2.1776941	0.5417177	-0.2086813	-2.1826540	0.5389548	-0.2624689	-2.2362650	0.1273973	-0.1406292	-2.2367373	0.1244193	-0.3515596	-2.2168167	0.1376985	-0.2149649	-2.2144227	0.1297735	-0.2747373	-2.2979385	0.1032598	-0.1883088	-2.3064232	0.0905438	-0.3054381	-2.1103920	0.0828569	-0.1735819	-2.0895396	0.0811872	-0.3140644	-2.1516996	0.0789479	-0.1264324	-2.1337553	0.0765696	-0.3655013	-2.0944053	0.8139006	-0.0666071	-2.1321860	0.7025119	-0.0527711	-2.2115071	0.8221563	-0.0359995	-2.0860493	0.8146198	-0.3963623	-2.1287067	0.7064552	-0.4133476	-2.2064596	0.8292746	-0.4244737	-2.2009836	0.4104920	-0.1049167	-2.1867838	0.2893892	-0.1076699	-2.2464170	0.3002389	-0.1044060	-2.2036612	0.4145682	-0.3768208	-2.1864131	0.2903309	-0.3787225	-2.2548600	0.3029192	-0.3801988	-2.1882330	0.9824474	-0.1383030	-2.1771377	0.9809238	-0.3152890	-2.1826997	1.1758088	0.0221483	-2.1950486	1.1828902	-0.4641787	-2.2148561	1.1647748	-0.0580694	-2.2248185	1.1767217	-0.3765165	-2.1245875	0.9254760	-0.0167426	-2.1297127	0.9385037	-0.4425946	-2.2071840	0.9187851	-0.0029470	-2.2048072	0.9274656	-0.4437910
130	2.1500000	-2.1679200	1.4449379	-0.2219300	-2.1546800	1.4408579	-0.0671200	-2.1941000	1.1684379	-0.0204500	-2.1751300	0.8925679	-0.0170500	-2.1644800	1.4493579	-0.3771100	-2.2021100	1.1769979	-0.4221300	-2.1572000	0.9288679	-0.4323300	-2.1479100	0.9742979	-0.2233200	-2.1504000	0.9720579	-0.1213300	-2.1895300	0.5353079	-0.1545900	-2.2399400	0.1300479	-0.1799900	-2.1381800	0.9771279	-0.3251900	-2.1919500	0.5254279	-0.3144100	-2.2504900	0.1212279	-0.3107000	-2.0400000	0.0939779	-0.3108800	-2.0582700	0.0947079	-0.3146800	-2.3007100	0.0811479	-0.3047400	-2.0892800	0.0778479	-0.1565200	-2.0997500	0.0793679	-0.1548600	-2.2787900	0.0916679	-0.1924500	-2.2723506	1.4935815	-0.2337469	-2.2012285	1.4926158	-0.0939649	-2.1810063	1.4889319	-0.3685549	-2.1016063	1.0351553	-0.0730950	-2.0825181	1.0338411	-0.3628594	-2.2592383	1.0813208	-0.1739524	-2.2510861	1.0787580	-0.2870510	-2.1825117	0.5310615	-0.0903933	-2.1864310	0.5382087	-0.3796679	-2.1762232	0.5411354	-0.2077664	-2.1817560	0.5383303	-0.2614045	-2.2356809	0.1268096	-0.1397851	-2.2361112	0.1238338	-0.3507886	-2.2162876	0.1371519	-0.2142011	-2.2140026	0.1292036	-0.2738518	-2.2977760	0.1026670	-0.1876147	-2.3063671	0.0899328	-0.3047895	-2.1094196	0.0822860	-0.1726113	-2.0884308	0.0806519	-0.3128844	-2.1509225	0.0783576	-0.1253514	-2.1326995	0.0760137	-0.3645893	-2.0929550	0.8131950	-0.0653876	-2.1307523	0.7018042	-0.0515985	-2.2101540	0.8214551	-0.0347882	-2.0842937	0.8138494	-0.3951792	-2.1271014	0.7057135	-0.4122753	-2.2046849	0.8286421	-0.4236512	-2.1997395	0.4098458	-0.1039565	-2.1857612	0.2887124	-0.1067702	-2.2454288	0.2996596	-0.1034306	-2.2026180	0.4139319	-0.3758962	-2.1854818	0.2896972	-0.3777682	-2.2539622	0.3023429	-0.3794542	-2.1868305	0.9818110	-0.1371015	-2.1753998	0.9802990	-0.3143779	-2.1810297	1.1753087	0.0232831	-2.1918887	1.1825913	-0.4633430	-2.2131555	1.1643677	-0.0570392	-2.2218509	1.1762840	-0.3756245	-2.1239160	0.9244500	-0.0158974	-2.1258186	0.9383225	-0.4414885	-2.2063620	0.9180112	-0.0018913	-2.2009220	0.9270911	-0.4432895
131	2.1666667	-2.1636700	1.4450679	-0.2205900	-2.1507200	1.4412379	-0.0657200	-2.1926800	1.1687179	-0.0192300	-2.1744900	0.8922879	-0.0161100	-2.1599400	1.4490979	-0.3758200	-2.1972300	1.1765779	-0.4213800	-2.1528100	0.9287379	-0.4321600	-2.1454400	0.9734379	-0.2218400	-2.1486000	0.9715979	-0.1197300	-2.1898200	0.5341679	-0.1537400	-2.2408800	0.1286979	-0.1800400	-2.1350100	0.9761779	-0.3238300	-2.1899100	0.5255279	-0.3134500	-2.2501000	0.1208879	-0.3104700	-2.0386500	0.0932079	-0.3105900	-2.0570100	0.0941979	-0.3143800	-2.3007100	0.0806379	-0.3047200	-2.0900800	0.0779979	-0.1561800	-2.1004100	0.0794579	-0.1545500	-2.2795100	0.0909079	-0.1927200	-2.2694042	1.4929459	-0.2326334	-2.1982978	1.4920034	-0.0926166	-2.1778591	1.4881166	-0.3674685	-2.0993874	1.0342506	-0.0712648	-2.0797071	1.0329756	-0.3615772	-2.2570641	1.0806930	-0.1725795	-2.2486949	1.0781472	-0.2858838	-2.1804175	0.5302249	-0.0890820	-2.1843183	0.5373893	-0.3783683	-2.1740482	0.5404124	-0.2065434	-2.1800044	0.5375416	-0.2600379	-2.2344487	0.1260537	-0.1386869	-2.2346637	0.1230885	-0.3497387	-2.2150946	0.1364416	-0.2131724	-2.2127711	0.1284617	-0.2726810	-2.2969416	0.1018897	-0.1866825	-2.3054794	0.0891752	-0.3038674	-2.1078075	0.0815753	-0.1713674	-2.0865385	0.0799223	-0.3114194	-2.1495099	0.0776199	-0.1240076	-2.1308483	0.0752776	-0.3633947	-2.0907470	0.8122845	-0.0638119	-2.1285922	0.7009104	-0.0500981	-2.2080292	0.8205858	-0.0332498	-2.0816564	0.8129081	-0.3936315	-2.1246042	0.7048122	-0.4108581	-2.2020086	0.8278512	-0.4224885	-2.1978287	0.4090482	-0.1027111	-2.1840862	0.2878759	-0.1055907	-2.2437821	0.2989212	-0.1021949	-2.2007118	0.4131442	-0.3746773	-2.1837020	0.2889090	-0.3765242	-2.2522129	0.3016176	-0.3784281	-2.1845903	0.9810045	-0.1355322	-2.1727847	0.9794968	-0.3131087	-2.1786607	1.1748067	0.0247268	-2.1876782	1.1821732	-0.4622480	-2.2107183	1.1639475	-0.0557514	-2.2178671	1.1757085	-0.3744568	-2.1226508	0.9233424	-0.0147261	-2.1209393	0.9380180	-0.4401192	-2.2049605	0.9171892	-0.0005318	-2.1960481	0.9266043	-0.4426059
132	2.1833333	-2.1600300	1.4445579	-0.2190300	-2.1487700	1.4408479	-0.0640500	-2.1909500	1.1684079	-0.0178200	-2.1732500	0.8920879	-0.0149000	-2.1544900	1.4487879	-0.3743100	-2.1914900	1.1763479	-0.4204400	-2.1481600	0.9288979	-0.4319300	-2.1429900	0.9727779	-0.2202000	-2.1461000	0.9710779	-0.1178900	-2.1893700	0.5323679	-0.1526800	-2.2423300	0.1270479	-0.1803200	-2.1325600	0.9755679	-0.3224000	-2.1854800	0.5260079	-0.3122700	-2.2506300	0.1187079	-0.3106700	-2.0360200	0.0934379	-0.3104500	-2.0545600	0.0940379	-0.3142700	-2.3020100	0.0783979	-0.3052200	-2.0900900	0.0768079	-0.1561800	-2.1003900	0.0784479	-0.1545600	-2.2797400	0.0890079	-0.1930700	-2.2664598	1.4925822	-0.2314550	-2.1954013	1.4916842	-0.0911655	-2.1746696	1.4875483	-0.3662959	-2.0972321	1.0335582	-0.0692418	-2.0768736	1.0323339	-0.3601481	-2.2549572	1.0802581	-0.1710775	-2.2463375	1.0777369	-0.2846013	-2.1785028	0.5295784	-0.0876659	-2.1821576	0.5367702	-0.3769679	-2.1720366	0.5398973	-0.2052164	-2.1782402	0.5369520	-0.2585583	-2.2334252	0.1254471	-0.1375510	-2.2332921	0.1225101	-0.3486486	-2.2141102	0.1358892	-0.2121010	-2.2116245	0.1278718	-0.2714455	-2.2963206	0.1012417	-0.1857296	-2.3046876	0.0885779	-0.3029026	-2.1063917	0.0810549	-0.1700762	-2.0847232	0.0793436	-0.3098977	-2.1482999	0.0770559	-0.1226207	-2.1290731	0.0747015	-0.3621560	-2.0886470	0.8115230	-0.0620796	-2.1265690	0.7001794	-0.0484641	-2.2060114	0.8199002	-0.0315706	-2.0789806	0.8121701	-0.3919389	-2.1220550	0.7041156	-0.4093154	-2.1992899	0.8272635	-0.4212173	-2.1961043	0.4084342	-0.1013809	-2.1826094	0.2872072	-0.1043445	-2.2423303	0.2983530	-0.1008954	-2.1987954	0.4125500	-0.3733813	-2.1819402	0.2883007	-0.3752144	-2.2504877	0.3010865	-0.3773507	-2.1824024	0.9803915	-0.1337959	-2.1701674	0.9788911	-0.3117052	-2.1765253	1.1745347	0.0262513	-2.1832023	1.1819947	-0.4610754	-2.2084273	1.1637689	-0.0544120	-2.2136838	1.1753578	-0.3732318	-2.1215755	0.9224664	-0.0133749	-2.1158908	0.9379235	-0.4387167	-2.2037995	0.9166137	0.0009215	-2.1909872	0.9263563	-0.4419289
133	2.2000000	-2.1583900	1.4437379	-0.2173200	-2.1508400	1.4400279	-0.0620900	-2.1890500	1.1683579	-0.0164500	-2.1714100	0.8910779	-0.0135500	-2.1489900	1.4480979	-0.3726800	-2.1866100	1.1762979	-0.4192000	-2.1438500	0.9290979	-0.4315500	-2.1402600	0.9723279	-0.2186100	-2.1434100	0.9705479	-0.1162700	-2.1882800	0.5311579	-0.1514600	-2.2435800	0.1259479	-0.1807600	-2.1298100	0.9748979	-0.3208300	-2.1801000	0.5265379	-0.3108500	-2.2530100	0.1172379	-0.3112100	-2.0320600	0.0931179	-0.3101300	-2.0511800	0.0935579	-0.3140500	-2.3052400	0.0764679	-0.3060000	-2.0897100	0.0761379	-0.1559700	-2.0999500	0.0777479	-0.1544000	-2.2805000	0.0875679	-0.1937200	-2.2633785	1.4924602	-0.2304293	-2.1924383	1.4916352	-0.0898040	-2.1712434	1.4872162	-0.3652244	-2.0949042	1.0331271	-0.0672113	-2.0737006	1.0319568	-0.3587971	-2.2526741	1.0800377	-0.1696898	-2.2437366	1.0775480	-0.2834600	-2.1764292	0.5291286	-0.0863409	-2.1796427	0.5363511	-0.3756504	-2.1698382	0.5396011	-0.2039941	-2.1761877	0.5365681	-0.2571336	-2.2323624	0.1250209	-0.1366116	-2.2318165	0.1221216	-0.3477407	-2.2130907	0.1355300	-0.2112213	-2.2103959	0.1274594	-0.2703587	-2.2956990	0.1007710	-0.1850042	-2.3038727	0.0881812	-0.3021308	-2.1049106	0.0807343	-0.1689454	-2.0827635	0.0789057	-0.3085182	-2.1470473	0.0766801	-0.1213974	-2.1271642	0.0742859	-0.3610921	-2.0863512	0.8109277	-0.0603829	-2.1243697	0.6996215	-0.0468859	-2.2038165	0.8193990	-0.0299456	-2.0759240	0.8116270	-0.3902973	-2.1191241	0.7036174	-0.4078436	-2.1961922	0.8268783	-0.4200645	-2.1942466	0.4080134	-0.1001782	-2.1810423	0.2867162	-0.1032512	-2.2407823	0.2979804	-0.0997447	-2.1966051	0.4121505	-0.3722016	-2.1799616	0.2878732	-0.3740425	-2.2485583	0.3007667	-0.3764364	-2.1799933	0.9799795	-0.1321027	-2.1672255	0.9784834	-0.3103950	-2.1745105	1.1743815	0.0276312	-2.1783699	1.1820536	-0.4600045	-2.2061126	1.1637272	-0.0532404	-2.2091916	1.1752488	-0.3721546	-2.1203805	0.9218169	-0.0119984	-2.1105515	0.9380447	-0.4374996	-2.2025846	0.9162432	0.0022583	-2.1856333	0.9263180	-0.4413816
134	2.2166667	-2.1581000	1.4430979	-0.2154900	-2.1549600	1.4393279	-0.0600100	-2.1875100	1.1677079	-0.0151000	-2.1684600	0.8901779	-0.0119700	-2.1442200	1.4472979	-0.3708900	-2.1833800	1.1757979	-0.4178500	-2.1405100	0.9292379	-0.4310800	-2.1371000	0.9717879	-0.2169600	-2.1407400	0.9698279	-0.1147700	-2.1871800	0.5305279	-0.1500000	-2.2446700	0.1255579	-0.1811400	-2.1261900	0.9743679	-0.3190100	-2.1756500	0.5273679	-0.3091800	-2.2564500	0.1164279	-0.3118700	-2.0301500	0.0921279	-0.3097700	-2.0498400	0.0924679	-0.3138200	-2.3090300	0.0750879	-0.3067000	-2.0889800	0.0761479	-0.1555300	-2.0993100	0.0777779	-0.1540200	-2.2824200	0.0874379	-0.1946100	-2.2601766	1.4922343	-0.2294342	-2.1894485	1.4915230	-0.0884279	-2.1675825	1.4868154	-0.3640974	-2.0922858	1.0326865	-0.0650703	-2.0700453	1.0315576	-0.3574053	-2.2500859	1.0797252	-0.1683276	-2.2407531	1.0772696	-0.2823618	-2.1740568	0.5285953	-0.0849858	-2.1766884	0.5358429	-0.3742845	-2.1673175	0.5392391	-0.2027609	-2.1737784	0.5360949	-0.2556516	-2.2311904	0.1245341	-0.1357355	-2.2302547	0.1216762	-0.3469183	-2.2119594	0.1351188	-0.2104018	-2.2091203	0.1269759	-0.2693405	-2.2950184	0.1002468	-0.1843742	-2.3030631	0.0877825	-0.3014837	-2.1032930	0.0803506	-0.1678307	-2.0807317	0.0782899	-0.3071765	-2.1456865	0.0762394	-0.1201884	-2.1251787	0.0737381	-0.3600987	-2.0837144	0.8102071	-0.0586165	-2.1218503	0.6989498	-0.0452489	-2.2013011	0.8187929	-0.0282619	-2.0723642	0.8109603	-0.3885662	-2.1157022	0.7030101	-0.4063026	-2.1925655	0.8263982	-0.4188987	-2.1921398	0.4075141	-0.0989798	-2.1792862	0.2861400	-0.1021778	-2.2390437	0.2975483	-0.0986106	-2.1940854	0.4116626	-0.3710124	-2.1777443	0.2873508	-0.3728892	-2.2463885	0.3003989	-0.3755768	-2.1772206	0.9794673	-0.1303518	-2.1638002	0.9779629	-0.3090642	-2.1726061	1.1739953	0.0289736	-2.1734184	1.1820194	-0.4589124	-2.2037359	1.1634661	-0.0521264	-2.2045628	1.1750774	-0.3710803	-2.1188091	0.9211551	-0.0104522	-2.1051392	0.9380823	-0.4363725	-2.2010548	0.9157743	0.0035723	-2.1802399	0.9261584	-0.4407622
135	2.2333333	-2.1570700	1.4424379	-0.2134500	-2.1561600	1.4386479	-0.0581000	-2.1859800	1.1673779	-0.0135700	-2.1644100	0.8902979	-0.0101800	-2.1410200	1.4464079	-0.3686400	-2.1815700	1.1751479	-0.4165400	-2.1382100	0.9288779	-0.4305600	-2.1339400	0.9716079	-0.2151700	-2.1378200	0.9695979	-0.1131800	-2.1862400	0.5308279	-0.1484700	-2.2460100	0.1265279	-0.1811800	-2.1228300	0.9740279	-0.3170200	-2.1723500	0.5288379	-0.3071800	-2.2595400	0.1157479	-0.3123000	-2.0343300	0.0917979	-0.3099300	-2.0540300	0.0919879	-0.3140000	-2.3116200	0.0748579	-0.3070800	-2.0880700	0.0763779	-0.1554200	-2.0987000	0.0779179	-0.1539100	-2.2839800	0.0875879	-0.1952400	-2.2572679	1.4922979	-0.2283447	-2.1868194	1.4917428	-0.0869976	-2.1641872	1.4867655	-0.3627772	-2.0897348	1.0326587	-0.0628239	-2.0664228	1.0315567	-0.3558389	-2.2475470	1.0797190	-0.1668721	-2.2378050	1.0772982	-0.2811322	-2.1717943	0.5284476	-0.0835466	-2.1738225	0.5357197	-0.3727895	-2.1649283	0.5392680	-0.2014519	-2.1715020	0.5359835	-0.2540802	-2.2303006	0.1244818	-0.1347642	-2.2291274	0.1216709	-0.3461160	-2.2111066	0.1351399	-0.2094939	-2.2083159	0.1269030	-0.2683611	-2.2946482	0.1001617	-0.1836508	-2.3026933	0.0878994	-0.3009065	-2.1019444	0.0804013	-0.1666194	-2.0792937	0.0779514	-0.3058531	-2.1446008	0.0762392	-0.1188670	-2.1237463	0.0735379	-0.3591181	-2.0811145	0.8098165	-0.0567646	-2.1193900	0.6986273	-0.0435244	-2.1988158	0.8185464	-0.0264632	-2.0688463	0.8106300	-0.3866343	-2.1123330	0.7027608	-0.4045797	-2.1889137	0.8262913	-0.4175641	-2.1901998	0.4074150	-0.0976913	-2.1777399	0.2859686	-0.1010042	-2.2375257	0.2975406	-0.0973701	-2.1917511	0.4115659	-0.3697331	-2.1758226	0.2872212	-0.3716762	-2.2444803	0.3004778	-0.3746879	-2.1744582	0.9793010	-0.1284840	-2.1603591	0.9777755	-0.3075765	-2.1709767	1.1738322	0.0304768	-2.1690094	1.1822648	-0.4576974	-2.2015595	1.1634172	-0.0508647	-2.2004058	1.1752140	-0.3698477	-2.1169584	0.9209282	-0.0086305	-2.1003552	0.9383828	-0.4352274	-2.1993294	0.9156213	0.0050159	-2.1755115	0.9262612	-0.4399284
136	2.2500000	-2.1537700	1.4419779	-0.2111100	-2.1519800	1.4377579	-0.0563500	-2.1839200	1.1656079	-0.0116700	-2.1604400	0.8901879	-0.0083800	-2.1387400	1.4464679	-0.3657400	-2.1803000	1.1741479	-0.4152400	-2.1358300	0.9286079	-0.4299700	-2.1307100	0.9714179	-0.2133300	-2.1341500	0.9694179	-0.1114900	-2.1847500	0.5310079	-0.1469900	-2.2462100	0.1274679	-0.1808000	-2.1200400	0.9742979	-0.3150500	-2.1682400	0.5304879	-0.3049000	-2.2614800	0.1157679	-0.3122600	-2.0403800	0.0897579	-0.3103400	-2.0596900	0.0901279	-0.3143400	-2.3129500	0.0741579	-0.3071900	-2.0883300	0.0776879	-0.1557500	-2.0992800	0.0790779	-0.1541800	-2.2829800	0.0882779	-0.1950700	-2.2544430	1.4923258	-0.2272357	-2.1842749	1.4919595	-0.0856213	-2.1609247	1.4867234	-0.3613684	-2.0871043	1.0326302	-0.0606096	-2.0628239	1.0315682	-0.3541625	-2.2449181	1.0796266	-0.1653616	-2.2348088	1.0772522	-0.2797849	-2.1695085	0.5283184	-0.0821389	-2.1708952	0.5356263	-0.3712852	-2.1625628	0.5393159	-0.2001643	-2.1691844	0.5358640	-0.2525456	-2.2294953	0.1244658	-0.1337375	-2.2283099	0.1217388	-0.3454353	-2.2103573	0.1351914	-0.2085344	-2.2078460	0.1268554	-0.2675215	-2.2943608	0.1001014	-0.1828410	-2.3025842	0.0881515	-0.3004845	-2.1007181	0.0805145	-0.1654008	-2.0783878	0.0775204	-0.3046807	-2.1436102	0.0763040	-0.1175202	-2.1227916	0.0733231	-0.3582610	-2.0784246	0.8093883	-0.0549572	-2.1168523	0.6982862	-0.0418387	-2.1962142	0.8182862	-0.0246589	-2.0653006	0.8103114	-0.3845945	-2.1089151	0.7025354	-0.4027758	-2.1851764	0.8262050	-0.4161363	-2.1882740	0.4073431	-0.0964029	-2.1762367	0.2858253	-0.0998097	-2.2360492	0.2975702	-0.0960934	-2.1894526	0.4115014	-0.3684820	-2.1740653	0.2871191	-0.3705155	-2.2426923	0.3006463	-0.3738758	-2.1715862	0.9791033	-0.1265918	-2.1568685	0.9775639	-0.3059901	-2.1691441	1.1735197	0.0321421	-2.1651459	1.1823968	-0.4563866	-2.1992282	1.1631874	-0.0494148	-2.1966665	1.1752329	-0.3684597	-2.1146334	0.9206745	-0.0066617	-2.0961480	0.9385662	-0.4341168	-2.1971388	0.9153526	0.0065488	-2.1714254	0.9262695	-0.4389591
137	2.2666667	-2.1486300	1.4410879	-0.2085500	-2.1451400	1.4368379	-0.0544600	-2.1814800	1.1632279	-0.0094600	-2.1577900	0.8890179	-0.0066500	-2.1354100	1.4458879	-0.3626100	-2.1780800	1.1729279	-0.4137600	-2.1318900	0.9279979	-0.4291900	-2.1267700	0.9708479	-0.2115900	-2.1299700	0.9688179	-0.1098600	-2.1820300	0.5310379	-0.1455500	-2.2445100	0.1269779	-0.1802100	-2.1163500	0.9737979	-0.3132200	-2.1619100	0.5316079	-0.3027100	-2.2610600	0.1151479	-0.3117700	-2.0412600	0.0902279	-0.3101500	-2.0602900	0.0904879	-0.3141100	-2.3137100	0.0725879	-0.3071100	-2.0904400	0.0771079	-0.1559400	-2.1013600	0.0785279	-0.1543400	-2.2797600	0.0878379	-0.1943200	-2.2509610	1.4920009	-0.2262320	-2.1810347	1.4918521	-0.0843900	-2.1570529	1.4863330	-0.3600447	-2.0837588	1.0322004	-0.0585492	-2.0585767	1.0312299	-0.3525449	-2.2415780	1.0790897	-0.1639299	-2.2311300	1.0767872	-0.2784761	-2.1665015	0.5278255	-0.0808786	-2.1671223	0.5351901	-0.3699331	-2.1595069	0.5390001	-0.1990192	-2.1660350	0.5353749	-0.2511654	-2.2280706	0.1240559	-0.1327901	-2.2269636	0.1214604	-0.3449368	-2.2090133	0.1348437	-0.2076598	-2.2068449	0.1264235	-0.2668535	-2.2934340	0.0996578	-0.1820902	-2.3018995	0.0880505	-0.3002387	-2.0989460	0.0802190	-0.1643122	-2.0770833	0.0767044	-0.3037208	-2.1420433	0.0759729	-0.1162944	-2.1214092	0.0727588	-0.3575962	-2.0749925	0.8085638	-0.0533117	-2.1135703	0.6975600	-0.0403073	-2.1928527	0.8176303	-0.0229754	-2.0609915	0.8096701	-0.3826336	-2.1046936	0.7019824	-0.4010770	-2.1806771	0.8257654	-0.4148131	-2.1856554	0.4068982	-0.0952387	-2.1740738	0.2852968	-0.0987279	-2.2339040	0.2972291	-0.0949118	-2.1864006	0.4110845	-0.3673961	-2.1716556	0.2866504	-0.3695222	-2.2402303	0.3004930	-0.3732406	-2.1679773	0.9784987	-0.1248100	-2.1526840	0.9769752	-0.3044737	-2.1664144	1.1727098	0.0338435	-2.1610193	1.1820401	-0.4550600	-2.1960939	1.1624287	-0.0478797	-2.1925608	1.1747408	-0.3670190	-2.1114966	0.9199349	-0.0047325	-2.0916518	0.9382877	-0.4331271	-2.1941229	0.9145745	0.0080534	-2.1671065	0.9258424	-0.4380054
138	2.2833333	-2.1432000	1.4399079	-0.2060800	-2.1399700	1.4346679	-0.0522300	-2.1790600	1.1606379	-0.0072900	-2.1561000	0.8883879	-0.0049400	-2.1298600	1.4453179	-0.3598800	-2.1745000	1.1710879	-0.4120800	-2.1262100	0.9270179	-0.4281400	-2.1225900	0.9688479	-0.2099500	-2.1266300	0.9666679	-0.1082800	-2.1782800	0.5307379	-0.1439800	-2.2427100	0.1259179	-0.1796100	-2.1113600	0.9716079	-0.3114900	-2.1538700	0.5321479	-0.3008300	-2.2581800	0.1149879	-0.3110100	-2.0358700	0.0911879	-0.3096200	-2.0550900	0.0915679	-0.3135700	-2.3129700	0.0712679	-0.3066400	-2.0940400	0.0759179	-0.1556700	-2.1046400	0.0774979	-0.1541000	-2.2776000	0.0867079	-0.1936100	-2.2472513	1.4903160	-0.2253151	-2.1775549	1.4903869	-0.0832005	-2.1529148	1.4845657	-0.3588064	-2.0802368	1.0303500	-0.0565353	-2.0540509	1.0295238	-0.3510523	-2.2380742	1.0771618	-0.1626013	-2.2272471	1.0749575	-0.2773001	-2.1631719	0.5259280	-0.0797047	-2.1627348	0.5333455	-0.3687197	-2.1560994	0.5372875	-0.1979697	-2.1622923	0.5334725	-0.2498764	-2.2265354	0.1222323	-0.1319818	-2.2252717	0.1198056	-0.3445320	-2.2075718	0.1330836	-0.2069138	-2.2054848	0.1246005	-0.2662572	-2.2923858	0.0978517	-0.1814823	-2.3008787	0.0865386	-0.3000688	-2.0971764	0.0784350	-0.1633634	-2.0754567	0.0745535	-0.3028702	-2.1404660	0.0741796	-0.1152187	-2.1197087	0.0708608	-0.3570425	-2.0713193	0.8063328	-0.0517361	-2.1100210	0.6954253	-0.0388466	-2.1892660	0.8155289	-0.0213737	-2.0562295	0.8076888	-0.3808014	-2.0999520	0.7000624	-0.3995196	-2.1757882	0.8239063	-0.4136652	-2.1827649	0.4050359	-0.0941880	-2.1717226	0.2833360	-0.0977760	-2.2315363	0.2954948	-0.0938523	-2.1828255	0.4092494	-0.3664317	-2.1688013	0.2847619	-0.3686436	-2.2373130	0.2989546	-0.3727174	-2.1641642	0.9764485	-0.1231120	-2.1482376	0.9749735	-0.3030892	-2.1634619	1.1704887	0.0354923	-2.1567727	1.1802635	-0.4536983	-2.1927565	1.1602478	-0.0463131	-2.1883093	1.1728119	-0.3655695	-2.1082787	0.9178046	-0.0028776	-2.0869526	0.9366690	-0.4321318	-2.1909738	0.9123913	0.0094813	-2.1626076	0.9240759	-0.4370492
139	2.3000000	-2.1387800	1.4389279	-0.2037800	-2.1368400	1.4332879	-0.0498700	-2.1757000	1.1586479	-0.0054900	-2.1540800	0.8865679	-0.0032900	-2.1241900	1.4444379	-0.3575900	-2.1702600	1.1701779	-0.4103400	-2.1199800	0.9261679	-0.4270400	-2.1194700	0.9657079	-0.2083200	-2.1248300	0.9635179	-0.1066000	-2.1748600	0.5297379	-0.1421600	-2.2424300	0.1258179	-0.1790600	-2.1069300	0.9681479	-0.3098600	-2.1449400	0.5326979	-0.2990100	-2.2538400	0.1163379	-0.3102200	-2.0300100	0.0931179	-0.3093500	-2.0495000	0.0934379	-0.3133000	-2.3100300	0.0728579	-0.3058200	-2.0964800	0.0757279	-0.1553300	-2.1069400	0.0774179	-0.1537900	-2.2783200	0.0867779	-0.1932700	-2.2444892	1.4875801	-0.2243605	-2.1750502	1.4878246	-0.0819120	-2.1496588	1.4817276	-0.3575219	-2.0778526	1.0274000	-0.0544076	-2.0505081	1.0267452	-0.3496500	-2.2357190	1.0742050	-0.1612767	-2.2244507	1.0721147	-0.2762100	-2.1606856	0.5229650	-0.0784875	-2.1588472	0.5303982	-0.3675281	-2.1534875	0.5345274	-0.1968901	-2.1590288	0.5304732	-0.2485703	-2.2261674	0.1194249	-0.1312447	-2.2242749	0.1171717	-0.3440721	-2.2072933	0.1303408	-0.2062158	-2.2047977	0.1218023	-0.2656186	-2.2925159	0.0951363	-0.1809529	-2.3005708	0.0840291	-0.2998341	-2.0966907	0.0755583	-0.1624526	-2.0745475	0.0714849	-0.3020083	-2.1401761	0.0713304	-0.1141951	-2.1187415	0.0680373	-0.3564704	-2.0686817	0.8030469	-0.0500900	-2.1074460	0.6922251	-0.0373204	-2.1867462	0.8122881	-0.0197379	-2.0522648	0.8047004	-0.3790486	-2.0959018	0.6970942	-0.3980260	-2.1717720	0.8209112	-0.4125989	-2.1808031	0.4021121	-0.0931493	-2.1704227	0.2803147	-0.0968654	-2.2301728	0.2927605	-0.0928325	-2.1798187	0.4063166	-0.3654443	-2.1665898	0.2818044	-0.3677378	-2.2349979	0.2963783	-0.3721457	-2.1614679	0.9732579	-0.1213859	-2.1448172	0.9718522	-0.3017794	-2.1614029	1.1673206	0.0371289	-2.1533832	1.1775499	-0.4523124	-2.1903300	1.1571038	-0.0446520	-2.1849423	1.1699043	-0.3641778	-2.1060545	0.9146760	-0.0011169	-2.0829379	0.9341291	-0.4309739	-2.1886857	0.9092219	0.0109525	-2.1587575	0.9213865	-0.4360957
140	2.3166667	-2.1351200	1.4371479	-0.2015400	-2.1334400	1.4315179	-0.0475800	-2.1707200	1.1566879	-0.0038900	-2.1512000	0.8842079	-0.0016300	-2.1201700	1.4430879	-0.3553900	-2.1662400	1.1693679	-0.4086200	-2.1146500	0.9248079	-0.4261300	-2.1173400	0.9622879	-0.2066300	-2.1233900	0.9602079	-0.1047200	-2.1727900	0.5287579	-0.1401000	-2.2424600	0.1260579	-0.1785800	-2.1040500	0.9650879	-0.3083500	-2.1347200	0.5339979	-0.2970700	-2.2489900	0.1188579	-0.3095800	-2.0237400	0.0949679	-0.3084700	-2.0435900	0.0951279	-0.3125300	-2.3057700	0.0748879	-0.3054100	-2.0953900	0.0766979	-0.1554200	-2.1061100	0.0785479	-0.1538400	-2.2799400	0.0871979	-0.1931600	-2.2424068	1.4846485	-0.2232796	-2.1732530	1.4849830	-0.0804605	-2.1470569	1.4786696	-0.3561089	-2.0764966	1.0241872	-0.0520960	-2.0479011	1.0237240	-0.3482831	-2.2343713	1.0710674	-0.1598483	-2.2226258	1.0690982	-0.2751088	-2.1589192	0.5198333	-0.0771505	-2.1552685	0.5272453	-0.3662665	-2.1515804	0.5316193	-0.1956855	-2.1560301	0.5272735	-0.2471991	-2.2267338	0.1165280	-0.1304802	-2.2236978	0.1144826	-0.3435046	-2.2079599	0.1275216	-0.2054808	-2.2045313	0.1189536	-0.2648982	-2.2936283	0.0923795	-0.1804027	-2.3007060	0.0814441	-0.2995078	-2.0971855	0.0725458	-0.1614978	-2.0740898	0.0684368	-0.3010439	-2.1408800	0.0683593	-0.1131260	-2.1182302	0.0652182	-0.3557972	-2.0669739	0.7995836	-0.0483157	-2.1057256	0.6888425	-0.0356684	-2.1851701	0.8087826	-0.0179967	-2.0490378	0.8016138	-0.3772953	-2.0924336	0.6939789	-0.3965036	-2.1685351	0.8176448	-0.4114981	-2.1796129	0.3990219	-0.0920313	-2.1699751	0.2771361	-0.0959166	-2.2296272	0.2899084	-0.0917497	-2.1771426	0.4031882	-0.3643523	-2.1647789	0.2786922	-0.3667210	-2.2330182	0.2936700	-0.3714553	-2.1597910	0.9697918	-0.1195515	-2.1423640	0.9684740	-0.3004682	-2.1598302	1.1640860	0.0388386	-2.1507161	1.1747798	-0.4508770	-2.1884640	1.1538625	-0.0428667	-2.1822579	1.1669008	-0.3627946	-2.1043515	0.9114050	0.0005730	-2.0795170	0.9315054	-0.4296504	-2.1868065	0.9059278	0.0125664	-2.1554246	0.9186292	-0.4351527
141	2.3333333	-2.1302500	1.4362379	-0.1992300	-2.1275700	1.4303479	-0.0454000	-2.1649900	1.1551679	-0.0020800	-2.1478400	0.8823679	0.0003900	-2.1163100	1.4426479	-0.3530000	-2.1625500	1.1695779	-0.4068400	-2.1108800	0.9244779	-0.4253200	-2.1145900	0.9602879	-0.2048500	-2.1205800	0.9582479	-0.1026700	-2.1715800	0.5276079	-0.1379100	-2.2413000	0.1269679	-0.1781300	-2.1013300	0.9629779	-0.3068500	-2.1220200	0.5362979	-0.2949700	-2.2446800	0.1218679	-0.3090200	-2.0139900	0.0977379	-0.3057800	-2.0346100	0.0979279	-0.3101300	-2.3039000	0.0778479	-0.3059700	-2.0915300	0.0783779	-0.1557700	-2.1025600	0.0799079	-0.1541100	-2.2796700	0.0877379	-0.1930300	-2.2392667	1.4832577	-0.2220414	-2.1703879	1.4835878	-0.0788127	-2.1434096	1.4771117	-0.3545846	-2.0745069	1.0223808	-0.0495862	-2.0446468	1.0221215	-0.3469371	-2.2323609	1.0694202	-0.1582519	-2.2201351	1.0675732	-0.2739353	-2.1562908	0.5182320	-0.0756902	-2.1504065	0.5256014	-0.3648705	-2.1488398	0.5302663	-0.1943247	-2.1517237	0.5255950	-0.2457140	-2.2265258	0.1152104	-0.1296514	-2.2219394	0.1134156	-0.3428434	-2.2079051	0.1263052	-0.2046821	-2.2031189	0.1177336	-0.2640775	-2.2940482	0.0912128	-0.1797838	-2.2997464	0.0804477	-0.2991262	-2.0969005	0.0711344	-0.1604925	-2.0723995	0.0671013	-0.2998857	-2.1408122	0.0669781	-0.1119882	-2.1164935	0.0640847	-0.3549791	-2.0645755	0.7976249	-0.0464268	-2.1032428	0.6869654	-0.0339039	-2.1828816	0.8067165	-0.0161321	-2.0449639	0.8001351	-0.3754768	-2.0879543	0.6924252	-0.3948860	-2.1644682	0.8158047	-0.4103079	-2.1775642	0.3974623	-0.0908108	-2.1687070	0.2754956	-0.0949197	-2.2282313	0.2886073	-0.0905571	-2.1731808	0.4015727	-0.3631260	-2.1617443	0.2771255	-0.3655691	-2.2297670	0.2925227	-0.3706529	-2.1574926	0.9677566	-0.1175664	-2.1392851	0.9665380	-0.2991196	-2.1570301	1.1624230	0.0406950	-2.1474005	1.1736090	-0.4493424	-2.1854824	1.1521614	-0.0409554	-2.1788300	1.1654753	-0.3613041	-2.1015929	0.9096074	0.0022845	-2.0755296	0.9304188	-0.4282488	-2.1838052	0.9041352	0.0143826	-2.1514834	0.9174623	-0.4342187
142	2.3500000	-2.1241700	1.4355179	-0.1967500	-2.1206000	1.4289079	-0.0431400	-2.1596100	1.1532079	0.0000000	-2.1440100	0.8799579	0.0028200	-2.1112400	1.4423979	-0.3503300	-2.1588700	1.1691679	-0.4049200	-2.1082700	0.9241179	-0.4244000	-2.1101700	0.9604279	-0.2029600	-2.1161200	0.9582479	-0.1005900	-2.1701900	0.5278279	-0.1357400	-2.2394400	0.1276479	-0.1776500	-2.0969200	0.9631379	-0.3051600	-2.1066100	0.5406979	-0.2924200	-2.2415500	0.1249279	-0.3083200	-2.0028700	0.1024679	-0.3022400	-2.0242200	0.1022179	-0.3068900	-2.3052000	0.0798079	-0.3069000	-2.0878700	0.0791679	-0.1558400	-2.0991500	0.0806679	-0.1541600	-2.2771900	0.0893979	-0.1928100	-2.2341145	1.4840670	-0.2206197	-2.1654844	1.4843226	-0.0769490	-2.1377673	1.4777185	-0.3529410	-2.0708133	1.0226866	-0.0468870	-2.0397118	1.0226290	-0.3455808	-2.2286210	1.0699431	-0.1564683	-2.2159244	1.0682137	-0.2726502	-2.1518585	0.5188318	-0.0741016	-2.1433149	0.5261705	-0.3632863	-2.1443398	0.5311355	-0.1927897	-2.1451985	0.5261410	-0.2440660	-2.2246037	0.1161532	-0.1287686	-2.2181583	0.1146396	-0.3420905	-2.2062045	0.1273697	-0.2038273	-2.1997434	0.1188104	-0.2631423	-2.2928367	0.0922943	-0.1791045	-2.2968879	0.0817436	-0.2987125	-2.0948782	0.0720369	-0.1594467	-2.0686158	0.0680741	-0.2984715	-2.1390118	0.0678880	-0.1107929	-2.1126657	0.0652525	-0.3539797	-2.0604634	0.7978412	-0.0444314	-2.0990030	0.6872679	-0.0320352	-2.1788407	0.8068037	-0.0141361	-2.0390330	0.8009553	-0.3735295	-2.0814757	0.6931329	-0.3931121	-2.1585347	0.8161026	-0.4089875	-2.1737128	0.3981124	-0.0894821	-2.1656759	0.2760763	-0.0938792	-2.2250388	0.2895304	-0.0892481	-2.1670133	0.4021630	-0.3617364	-2.1565840	0.2777801	-0.3642611	-2.2243611	0.2936297	-0.3697376	-2.1535107	0.9678755	-0.1154139	-2.1345370	0.9667554	-0.2977031	-2.1522179	1.1627291	0.0427700	-2.1426428	1.1745067	-0.4476504	-2.1805531	1.1524255	-0.0389141	-2.1739075	1.1661317	-0.3595649	-2.0970406	0.9096789	0.0042235	-2.0704379	0.9312660	-0.4268858	-2.1790762	0.9042478	0.0164523	-2.1464833	0.9183229	-0.4332454
143	2.3666667	-2.1184800	1.4350579	-0.1941400	-2.1147900	1.4282579	-0.0408600	-2.1541600	1.1519979	0.0022200	-2.1395300	0.8780379	0.0051400	-2.1057300	1.4421579	-0.3474200	-2.1545700	1.1692379	-0.4029000	-2.1058000	0.9248879	-0.4233200	-2.1043400	0.9598179	-0.2010200	-2.1109300	0.9572879	-0.0986500	-2.1677400	0.5287779	-0.1337000	-2.2387000	0.1293779	-0.1771200	-2.0904400	0.9630079	-0.3031800	-2.0889600	0.5460179	-0.2890700	-2.2383900	0.1293379	-0.3073700	-1.9923700	0.1057079	-0.2993300	-2.0140500	0.1054479	-0.3041300	-2.3071900	0.0828679	-0.3073200	-2.0876800	0.0805279	-0.1555400	-2.0989400	0.0820579	-0.1539100	-2.2743400	0.0923079	-0.1924600	-2.2274834	1.4841973	-0.2191108	-2.1590972	1.4843340	-0.0749496	-2.1306062	1.4776404	-0.3512271	-2.0657312	1.0222662	-0.0440153	-2.0333289	1.0224036	-0.3443036	-2.2234826	1.0697630	-0.1545980	-2.2102882	1.0681533	-0.2713782	-2.1459373	0.5187588	-0.0724610	-2.1341130	0.5260747	-0.3615555	-2.1383567	0.5313636	-0.1911613	-2.1366256	0.5260375	-0.2422895	-2.2215267	0.1165674	-0.1279900	-2.2128249	0.1153630	-0.3413065	-2.2034105	0.1279226	-0.2030436	-2.1948969	0.1193892	-0.2621612	-2.2905479	0.0928694	-0.1785241	-2.2926414	0.0826110	-0.2983515	-2.0917414	0.0724161	-0.1584824	-2.0632754	0.0684471	-0.2968709	-2.1361032	0.0682724	-0.1096810	-2.1072733	0.0658486	-0.3528702	-2.0549473	0.7973297	-0.0423594	-2.0933268	0.6868568	-0.0301096	-2.1733751	0.8061482	-0.0120729	-2.0314125	0.8011920	-0.3714982	-2.0731385	0.6932209	-0.3912272	-2.1508944	0.8156430	-0.4076233	-2.1684399	0.3981189	-0.0881625	-2.1613589	0.2760328	-0.0929183	-2.2204892	0.2898667	-0.0879630	-2.1588675	0.4020864	-0.3602247	-2.1496292	0.2777862	-0.3628486	-2.2171150	0.2941737	-0.3687686	-2.1481376	0.9672509	-0.1131427	-2.1283635	0.9662280	-0.2963149	-2.1459812	1.1622054	0.0448965	-2.1369603	1.1746954	-0.4457769	-2.1742507	1.1518756	-0.0368020	-2.1680063	1.1660881	-0.3576655	-2.0912874	0.9089163	0.0062763	-2.0647785	0.9313198	-0.4255755	-2.1731243	0.9035627	0.0185987	-2.1409486	0.9184724	-0.4321349
144	2.3833333	-2.1139200	1.4341679	-0.1916700	-2.1107200	1.4269479	-0.0387100	-2.1477000	1.1510579	0.0045300	-2.1350300	0.8756479	0.0068700	-2.1007500	1.4417379	-0.3446000	-2.1503500	1.1697979	-0.4009500	-2.1030200	0.9252279	-0.4222100	-2.0980100	0.9573079	-0.1991200	-2.1057900	0.9542879	-0.0969200	-2.1647700	0.5311979	-0.1320100	-2.2392900	0.1314479	-0.1766400	-2.0829200	0.9612579	-0.3010800	-2.0693200	0.5527279	-0.2849700	-2.2338900	0.1351279	-0.3062300	-1.9829000	0.1097079	-0.2971700	-2.0043100	0.1092579	-0.3019700	-2.3076800	0.0875379	-0.3071100	-2.0909300	0.0809879	-0.1550000	-2.1018700	0.0827379	-0.1534400	-2.2729400	0.0958579	-0.1919900	-2.2204457	1.4825109	-0.2176112	-2.1523391	1.4824979	-0.0729410	-2.1229748	1.4757655	-0.3494528	-2.0602332	1.0199872	-0.0410088	-2.0263769	1.0203418	-0.3432129	-2.2179007	1.0677342	-0.1527523	-2.2041443	1.0662630	-0.2702563	-2.1394246	0.5169222	-0.0708454	-2.1234047	0.5242224	-0.3597613	-2.1317657	0.5298643	-0.1895238	-2.1266445	0.5241959	-0.2404790	-2.2184646	0.1154257	-0.1274112	-2.2068857	0.1145940	-0.3405627	-2.2006819	0.1269389	-0.2024164	-2.1895558	0.1184717	-0.2612180	-2.2883615	0.0919774	-0.1781384	-2.2879723	0.0820864	-0.2981377	-2.0887052	0.0711606	-0.1576897	-2.0574270	0.0671950	-0.2951581	-2.1333099	0.0670540	-0.1087424	-2.1013399	0.0648654	-0.3517193	-2.0489599	0.7949589	-0.0402698	-2.0871360	0.6846157	-0.0281895	-2.1674286	0.8036072	-0.0100215	-2.0228738	0.7997723	-0.3694591	-2.0636384	0.6916043	-0.3893066	-2.1423040	0.8132854	-0.4063220	-2.1627186	0.3963969	-0.0869460	-2.1568213	0.2742868	-0.0921282	-2.2156265	0.2885766	-0.0867959	-2.1494427	0.4002587	-0.3586618	-2.1416976	0.2760685	-0.3613912	-2.2088009	0.2931301	-0.3678254	-2.1423131	0.9647177	-0.1108313	-2.1216508	0.9638105	-0.2950787	-2.1393803	1.1598617	0.0469278	-2.1313416	1.1731891	-0.4438514	-2.1676325	1.1495261	-0.0347183	-2.1621438	1.1643621	-0.3557902	-2.0853327	0.9063298	0.0082497	-2.0594923	0.9295808	-0.4243720	-2.1669341	0.9010939	0.0206806	-2.1358016	0.9169096	-0.4309835
145	2.4000000	-2.1092600	1.4330279	-0.1895300	-2.1061500	1.4252379	-0.0366900	-2.1400500	1.1504679	0.0068900	-2.1308700	0.8742679	0.0081700	-2.0960300	1.4411779	-0.3423400	-2.1474700	1.1699879	-0.3991400	-2.1002700	0.9259579	-0.4211300	-2.0919900	0.9549779	-0.1974500	-2.1005200	0.9514779	-0.0954500	-2.1621600	0.5327579	-0.1307800	-2.2410900	0.1332579	-0.1764100	-2.0761600	0.9598879	-0.2991900	-2.0480400	0.5601179	-0.2806200	-2.2299800	0.1410279	-0.3049300	-1.9772600	0.1113079	-0.2962400	-1.9982000	0.1112379	-0.3009500	-2.3068500	0.0930379	-0.3062700	-2.0947300	0.0813079	-0.1545200	-2.1052000	0.0831579	-0.1530200	-2.2749200	0.0987579	-0.1916700	-2.2137519	1.4810267	-0.2162505	-2.1459465	1.4808164	-0.0710992	-2.1156757	1.4741237	-0.3477336	-2.0550694	1.0179061	-0.0380734	-2.0196959	1.0185094	-0.3424887	-2.2126398	1.0659378	-0.1510709	-2.1982933	1.0646272	-0.2694105	-2.1331328	0.5154062	-0.0694397	-2.1118649	0.5227236	-0.3580941	-2.1254270	0.5287108	-0.1880662	-2.1158840	0.5227076	-0.2388421	-2.2164121	0.1148162	-0.1271134	-2.2012310	0.1144573	-0.3400976	-2.1990229	0.1264889	-0.2020476	-2.1846009	0.1181567	-0.2605618	-2.2872994	0.0917045	-0.1780074	-2.2837333	0.0823555	-0.2983008	-2.0867642	0.0703358	-0.1571881	-2.0520820	0.0663026	-0.2936103	-2.1316184	0.0663133	-0.1080776	-2.0958645	0.0643427	-0.3507812	-2.0432733	0.7928093	-0.0383809	-2.0812091	0.6826260	-0.0264774	-2.1617689	0.8012739	-0.0081540	-2.0142383	0.7988581	-0.3676154	-2.0537478	0.6904284	-0.3875394	-2.1335718	0.8111255	-0.4052391	-2.1574231	0.3950265	-0.0859788	-2.1529798	0.2729110	-0.0916368	-2.2113737	0.2877590	-0.0858545	-2.1394626	0.3987781	-0.3572483	-2.1335995	0.2747186	-0.3601028	-2.2001928	0.2926429	-0.3671183	-2.1368212	0.9623584	-0.1086676	-2.1152301	0.9615903	-0.2941623	-2.1330821	1.1577908	0.0487021	-2.1265694	1.1720424	-0.4421160	-2.1614124	1.1474768	-0.0328310	-2.1571093	1.1630206	-0.3541167	-2.0798033	0.9040047	0.0099464	-2.0553241	0.9281196	-0.4234626	-2.1612030	0.8989268	0.0225364	-2.1317581	0.9157143	-0.4299814
146	2.4166667	-2.1042300	1.4317479	-0.1878000	-2.0999000	1.4235579	-0.0347400	-2.1323800	1.1490579	0.0091400	-2.1261100	0.8744979	0.0096400	-2.0921600	1.4404279	-0.3408800	-2.1458400	1.1707079	-0.3973900	-2.0981400	0.9270279	-0.4200900	-2.0863000	0.9532379	-0.1962100	-2.0942000	0.9496679	-0.0943000	-2.1595600	0.5334479	-0.1298200	-2.2433400	0.1341479	-0.1764300	-2.0711200	0.9575779	-0.2978800	-2.0267500	0.5668179	-0.2768800	-2.2273900	0.1459579	-0.3033800	-1.9846300	0.1111179	-0.2979600	-2.0043700	0.1112279	-0.3023700	-2.3017100	0.0996879	-0.3041400	-2.0958600	0.0804579	-0.1547100	-2.1061000	0.0823279	-0.1532000	-2.2801900	0.0989479	-0.1917800	-2.2073953	1.4800405	-0.2150688	-2.1398430	1.4795352	-0.0695870	-2.1088507	1.4730607	-0.3461253	-2.0500944	1.0164524	-0.0354719	-2.0134191	1.0172832	-0.3423039	-2.2076497	1.0647572	-0.1496488	-2.1927916	1.0636135	-0.2688930	-2.1271112	0.5146151	-0.0684399	-2.0995286	0.5220248	-0.3568034	-2.1194732	0.5282844	-0.1870455	-2.1042350	0.5219828	-0.2376542	-2.2155488	0.1151567	-0.1271452	-2.1961189	0.1154776	-0.3401239	-2.1985893	0.1269456	-0.2020290	-2.1802221	0.1189255	-0.2604664	-2.2875387	0.0924296	-0.1781296	-2.2800018	0.0840945	-0.2989949	-2.0860473	0.0703533	-0.1571133	-2.0478217	0.0660023	-0.2926454	-2.1311412	0.0664805	-0.1077830	-2.0914005	0.0646247	-0.3503667	-2.0377831	0.7912794	-0.0369257	-2.0754907	0.6812880	-0.0251888	-2.1563367	0.7995784	-0.0066100	-2.0056881	0.7989170	-0.3662397	-2.0436257	0.6901613	-0.3861717	-2.1248698	0.8095875	-0.4045056	-2.1526785	0.3944238	-0.0853999	-2.1499654	0.2723116	-0.0915328	-2.2079058	0.2878462	-0.0852355	-2.1290207	0.3980972	-0.3562065	-2.1255359	0.2741943	-0.3592263	-2.1914306	0.2932414	-0.3668254	-2.1316063	0.9605913	-0.1068505	-2.1092023	0.9599590	-0.2937059	-2.1269028	1.1563672	0.0501160	-2.1226923	1.1716035	-0.4407237	-2.1554412	1.1460931	-0.0312634	-2.1529282	1.1624307	-0.3527533	-2.0744286	0.9023801	0.0112467	-2.0522659	0.9273460	-0.4229963	-2.1556944	0.8974598	0.0240148	-2.1288365	0.9152735	-0.4292219
147	2.4333333	-2.1001600	1.4307679	-0.1865100	-2.0937500	1.4218479	-0.0331000	-2.1260600	1.1477379	0.0110600	-2.1198400	0.8755979	0.0116800	-2.0901700	1.4400279	-0.3400300	-2.1442700	1.1709279	-0.3958300	-2.0964200	0.9283179	-0.4192500	-2.0800500	0.9515079	-0.1953400	-2.0866700	0.9478079	-0.0933100	-2.1554000	0.5333879	-0.1289700	-2.2434300	0.1344379	-0.1762800	-2.0661300	0.9563279	-0.2971700	-2.0075900	0.5710979	-0.2745200	-2.2222600	0.1513079	-0.3011500	-2.0063600	0.1076279	-0.3019000	-2.0238100	0.1083479	-0.3057400	-2.2878400	0.1082479	-0.3001500	-2.0962000	0.0792779	-0.1554500	-2.1062300	0.0810879	-0.1538500	-2.2834700	0.1001779	-0.1918500	-2.2006876	1.4788672	-0.2138947	-2.1332529	1.4779328	-0.0683731	-2.1019606	1.4719886	-0.3444364	-2.0443306	1.0151226	-0.0331742	-2.0067787	1.0161049	-0.3425682	-2.2020198	1.0635533	-0.1483655	-2.1868065	1.0625648	-0.2685535	-2.1206202	0.5139770	-0.0677655	-2.0853634	0.5215642	-0.3559257	-2.1131980	0.5279868	-0.1864429	-2.0905986	0.5214133	-0.2369667	-2.2150826	0.1158598	-0.1273975	-2.1908288	0.1172753	-0.3405417	-2.1985741	0.1276861	-0.2022647	-2.1756691	0.1203476	-0.2609017	-2.2882307	0.0935353	-0.1783195	-2.2758281	0.0871246	-0.3000793	-2.0857944	0.0706351	-0.1574875	-2.0444239	0.0655778	-0.2923644	-2.1310704	0.0669896	-0.1078570	-2.0876462	0.0651235	-0.3504465	-2.0315410	0.7897391	-0.0358276	-2.0691154	0.6799935	-0.0242431	-2.1502469	0.7979547	-0.0052755	-1.9963693	0.7994025	-0.3653222	-2.0323594	0.6902544	-0.3852049	-2.1153341	0.8080919	-0.4040582	-2.1477608	0.3940185	-0.0851281	-2.1470273	0.2719145	-0.0917113	-2.2044943	0.2882702	-0.0848529	-2.1171773	0.3976879	-0.3555137	-2.1166994	0.2739962	-0.3587193	-2.1816347	0.2944956	-0.3668632	-2.1257180	0.9588224	-0.1053154	-2.1027433	0.9582992	-0.2936151	-2.1201023	1.1550399	0.0512987	-2.1189850	1.1712371	-0.4395625	-2.1489617	1.1447822	-0.0299110	-2.1488139	1.1619633	-0.3516164	-2.0682680	0.9010258	0.0123198	-2.0494357	0.9267387	-0.4228890	-2.1494490	0.8961901	0.0252196	-2.1261978	0.9149839	-0.4285256
148	2.4500000	-2.0973200	1.4305279	-0.1855200	-2.0887100	1.4214179	-0.0318600	-2.1217900	1.1457079	0.0126000	-2.1124700	0.8763179	0.0140800	-2.0895500	1.4399479	-0.3393900	-2.1414100	1.1712579	-0.3946500	-2.0941800	0.9291679	-0.4186300	-2.0730900	0.9504379	-0.1945800	-2.0792300	0.9462279	-0.0922100	-2.1496800	0.5340379	-0.1284200	-2.2392000	0.1353279	-0.1755000	-2.0596200	0.9556779	-0.2967600	-1.9922700	0.5734379	-0.2735200	-2.2109000	0.1564279	-0.2977800	-2.0265800	0.1042379	-0.3046000	-2.0415700	0.1059879	-0.3078300	-2.2682800	0.1166879	-0.2951100	-2.0979000	0.0789279	-0.1557400	-2.1074500	0.0809179	-0.1540100	-2.2773500	0.1025979	-0.1909600	-2.1936046	1.4781772	-0.2125171	-2.1260615	1.4766803	-0.0672369	-2.0950116	1.4716154	-0.3425031	-2.0376808	1.0146330	-0.0309192	-1.9996185	1.0156517	-0.3430105	-2.1956420	1.0629576	-0.1470055	-2.1802129	1.0620893	-0.2681768	-2.1138307	0.5141452	-0.0670901	-2.0690366	0.5219469	-0.3552106	-2.1067169	0.5284480	-0.1859498	-2.0746981	0.5216094	-0.2364592	-2.2146389	0.1173800	-0.1276581	-2.1848931	0.1204859	-0.3409525	-2.1985966	0.1291802	-0.2025390	-2.1704774	0.1230554	-0.2614201	-2.2889042	0.0954701	-0.1783467	-2.2706394	0.0920742	-0.3011070	-2.0857025	0.0716695	-0.1581722	-2.0415867	0.0657161	-0.2923674	-2.1310517	0.0683202	-0.1081834	-2.0842579	0.0665141	-0.3505922	-2.0245323	0.7887733	-0.0347514	-2.0621486	0.6793551	-0.0233066	-2.1435103	0.7970747	-0.0038716	-1.9859714	0.8009410	-0.3645943	-2.0196014	0.6913149	-0.3843984	-2.1047115	0.8072386	-0.4037276	-2.1426798	0.3944167	-0.0848874	-2.1440139	0.2723020	-0.0919212	-2.2010097	0.2895482	-0.0844701	-2.1035668	0.3981768	-0.3548824	-2.1066690	0.2747670	-0.3582461	-2.1704202	0.2970015	-0.3669043	-2.1190214	0.9576930	-0.1038073	-2.0956958	0.9572303	-0.2936359	-2.1128534	1.1543738	0.0525019	-2.1152256	1.1714618	-0.4384163	-2.1420748	1.1440953	-0.0285497	-2.1445899	1.1621388	-0.3505023	-2.0612905	0.9005295	0.0135044	-2.0464907	0.9268155	-0.4229038	-2.1424703	0.8956727	0.0264446	-2.1235060	0.9153073	-0.4276603
149	2.4666667	-2.0940900	1.4308079	-0.1844100	-2.0836400	1.4225079	-0.0306200	-2.1180000	1.1454179	0.0139500	-2.1047100	0.8773879	0.0163600	-2.0880300	1.4400779	-0.3385100	-2.1374100	1.1729879	-0.3937700	-2.0917300	0.9317379	-0.4180200	-2.0668600	0.9504579	-0.1938500	-2.0734200	0.9453579	-0.0911000	-2.1444400	0.5351379	-0.1284300	-2.2322100	0.1354379	-0.1744700	-2.0529300	0.9560879	-0.2963900	-1.9806100	0.5755279	-0.2729100	-2.1944600	0.1594079	-0.2936100	-2.0274900	0.1032479	-0.3033800	-2.0411800	0.1053079	-0.3062800	-2.2500800	0.1223279	-0.2905200	-2.0984900	0.0798479	-0.1549900	-2.1074000	0.0819679	-0.1532000	-2.2640800	0.1055079	-0.1893800	-2.1872947	1.4785371	-0.2109689	-2.1193248	1.4763496	-0.0660019	-2.0890747	1.4724050	-0.3405948	-2.0316359	1.0153947	-0.0286988	-1.9932946	1.0162991	-0.3435553	-2.1899741	1.0634611	-0.1455732	-2.1744279	1.0626411	-0.2677576	-2.1084038	0.5155196	-0.0662393	-2.0522666	0.5235233	-0.3544198	-2.1016051	0.5300594	-0.1853638	-2.0583103	0.5230023	-0.2357602	-2.2150678	0.1198213	-0.1278786	-2.1788489	0.1250970	-0.3410921	-2.1994967	0.1315788	-0.2028305	-2.1651447	0.1271139	-0.2615939	-2.2903545	0.0983631	-0.1782398	-2.2650614	0.0985456	-0.3017215	-2.0865968	0.0735640	-0.1590876	-2.0392577	0.0670906	-0.2922238	-2.1319053	0.0705542	-0.1087234	-2.0812839	0.0692284	-0.3504789	-2.0183767	0.7888054	-0.0335532	-2.0562290	0.6797932	-0.0222252	-2.1377057	0.7973960	-0.0023328	-1.9758816	0.8038394	-0.3639299	-2.0068421	0.6936468	-0.3836181	-2.0945149	0.8073795	-0.4034945	-2.1388287	0.3959461	-0.0845314	-2.1420578	0.2737599	-0.0920646	-2.1986470	0.2918701	-0.0839896	-2.0895748	0.3998846	-0.3541038	-2.0963915	0.2767966	-0.3575879	-2.1589311	0.3008072	-0.3667317	-2.1129928	0.9576632	-0.1022748	-2.0894675	0.9571787	-0.2936692	-2.1065021	1.1547645	0.0537700	-2.1124586	1.1727437	-0.4372269	-2.1361328	1.1444664	-0.0270811	-2.1413821	1.1633881	-0.3493783	-2.0547703	0.9012637	0.0148500	-2.0444721	0.9279761	-0.4228828	-2.1360490	0.8962879	0.0277899	-2.1216786	0.9166987	-0.4265779
150	2.4833333	-2.0885000	1.4319379	-0.1827800	-2.0773400	1.4235579	-0.0289300	-2.1127000	1.1431579	0.0153900	-2.0962800	0.8768879	0.0183900	-2.0832000	1.4411079	-0.3369900	-2.1339300	1.1749479	-0.3928900	-2.0908300	0.9329579	-0.4174500	-2.0623000	0.9512579	-0.1933400	-2.0691900	0.9456379	-0.0904100	-2.1417200	0.5367979	-0.1288600	-2.2280700	0.1364579	-0.1741600	-2.0480300	0.9577379	-0.2960400	-1.9703300	0.5771479	-0.2719100	-2.1755900	0.1602979	-0.2893800	-2.0088800	0.1042979	-0.2985100	-2.0229100	0.1065379	-0.3014600	-2.2343300	0.1234779	-0.2867600	-2.0957900	0.0808479	-0.1534000	-2.1044200	0.0832479	-0.1516800	-2.2545700	0.1090679	-0.1887000	-2.1821292	1.4797806	-0.2094126	-2.1133878	1.4767390	-0.0646324	-2.0844590	1.4740433	-0.3391435	-2.0271139	1.0170283	-0.0268236	-1.9886745	1.0176229	-0.3443631	-2.1859014	1.0648308	-0.1443236	-2.1703211	1.0639526	-0.2675115	-2.1052434	0.5177345	-0.0653458	-2.0365991	0.5259739	-0.3535532	-2.0986928	0.5324443	-0.1847646	-2.0429479	0.5253809	-0.2348116	-2.2168646	0.1227397	-0.1282192	-2.1725434	0.1302257	-0.3409084	-2.2017129	0.1344494	-0.2033237	-2.1594463	0.1317612	-0.2612702	-2.2930557	0.1018131	-0.1782565	-2.2590892	0.1051660	-0.3017900	-2.0888619	0.0757874	-0.1602778	-2.0363932	0.0696624	-0.2917430	-2.1340707	0.0731580	-0.1095573	-2.0778437	0.0729144	-0.3500306	-2.0140922	0.7896008	-0.0324192	-2.0523376	0.6810344	-0.0211732	-2.1337815	0.7986320	-0.0009065	-1.9672282	0.8076393	-0.3634839	-1.9953853	0.6968347	-0.3829740	-2.0859387	0.8081608	-0.4034802	-2.1369735	0.3982274	-0.0841669	-2.1417810	0.2759001	-0.0922592	-2.1980862	0.2948029	-0.0835625	-2.0762646	0.4024206	-0.3531961	-2.0863364	0.2796240	-0.3567599	-2.1478442	0.3051690	-0.3663311	-2.1085821	0.9584737	-0.1009606	-2.0849786	0.9578482	-0.2938549	-2.1014095	1.1556678	0.0549401	-2.1111566	1.1747417	-0.4362163	-2.1314378	1.1453690	-0.0256392	-2.1397370	1.1653426	-0.3484115	-2.0490825	0.9025644	0.0161671	-2.0440609	0.9296507	-0.4229307	-2.1305155	0.8973558	0.0291114	-2.1214395	0.9187057	-0.4256453
151	2.5000000	-2.0806400	1.4330979	-0.1807000	-2.0693800	1.4234779	-0.0267700	-2.1049800	1.1410779	0.0170100	-2.0862000	0.8766079	0.0202100	-2.0755000	1.4431079	-0.3349800	-2.1311900	1.1769079	-0.3919200	-2.0913400	0.9342679	-0.4171300	-2.0588800	0.9519179	-0.1932000	-2.0651600	0.9457179	-0.0904100	-2.1411200	0.5379879	-0.1293700	-2.2293600	0.1377679	-0.1747600	-2.0452400	0.9587979	-0.2957800	-1.9606200	0.5790679	-0.2706600	-2.1539100	0.1603679	-0.2852800	-1.9788800	0.1055779	-0.2907900	-1.9937600	0.1071679	-0.2940600	-2.2175400	0.1224179	-0.2831900	-2.0919000	0.0804979	-0.1515400	-2.1006300	0.0830579	-0.1499900	-2.2547400	0.1129579	-0.1896300	-2.1770883	1.4810345	-0.2077927	-2.1072994	1.4768952	-0.0630522	-2.0801606	1.4755778	-0.3381996	-2.0235186	1.0185305	-0.0255384	-1.9852320	1.0185991	-0.3455000	-2.1827802	1.0661683	-0.1434166	-2.1672709	1.0651030	-0.2675449	-2.1036979	0.5198177	-0.0645926	-2.0218400	0.5284591	-0.3526047	-2.0972709	0.5346067	-0.1842344	-2.0283465	0.5279742	-0.2336841	-2.2194648	0.1253233	-0.1288218	-2.1644074	0.1345533	-0.3402620	-2.2046047	0.1369514	-0.2041477	-2.1517951	0.1357790	-0.2603223	-2.2964151	0.1050700	-0.1785823	-2.2512583	0.1103196	-0.3011721	-2.0918543	0.0773837	-0.1617843	-2.0308105	0.0726144	-0.2906911	-2.1369696	0.0751916	-0.1107524	-2.0718512	0.0765423	-0.3490729	-2.0111799	0.7903142	-0.0315592	-2.0499307	0.6821989	-0.0203691	-2.1311420	0.7998723	0.0001331	-1.9597161	0.8113657	-0.3633477	-1.9850001	0.6999552	-0.3825079	-2.0786210	0.8086689	-0.4036565	-2.1364885	0.4003250	-0.0839202	-2.1425900	0.2778232	-0.0926179	-2.1987373	0.2974634	-0.0833617	-2.0630323	0.4048584	-0.3521382	-2.0754512	0.2822471	-0.3556946	-2.1362201	0.3089077	-0.3656302	-2.1052279	0.9592365	-0.1000685	-2.0817054	0.9583398	-0.2942873	-2.0964641	1.1561520	0.0559187	-2.1105944	1.1766527	-0.4354724	-2.1269180	1.1458616	-0.0242901	-2.1388483	1.1671647	-0.3477192	-2.0431424	0.9035390	0.0172548	-2.0446525	0.9310101	-0.4231540	-2.1246663	0.8979427	0.0302615	-2.1222006	0.9205650	-0.4250512
152	2.5166667	-2.0725500	1.4338179	-0.1787300	-2.0608100	1.4230279	-0.0247100	-2.0966800	1.1369379	0.0187600	-2.0744000	0.8771179	0.0218200	-2.0679300	1.4447579	-0.3331000	-2.1276500	1.1793279	-0.3908600	-2.0908100	0.9353979	-0.4171300	-2.0558400	0.9516979	-0.1935500	-2.0600800	0.9453279	-0.0911900	-2.1409600	0.5381979	-0.1299200	-2.2334200	0.1371579	-0.1756700	-2.0443200	0.9587279	-0.2957600	-1.9512700	0.5797279	-0.2695200	-2.1276000	0.1602079	-0.2810700	-1.9435300	0.1067779	-0.2815800	-1.9587800	0.1077579	-0.2851900	-2.1959200	0.1220479	-0.2792700	-2.0892800	0.0777079	-0.1504000	-2.0982300	0.0800279	-0.1490000	-2.2590300	0.1115079	-0.1912100	-2.1711750	1.4815676	-0.2059609	-2.1001672	1.4760016	-0.0612334	-2.0752493	1.4762758	-0.3375650	-2.0199679	1.0190979	-0.0250039	-1.9823102	1.0184326	-0.3470233	-2.1797291	1.0666927	-0.1428939	-2.1644790	1.0653023	-0.2678670	-2.1029453	0.5209732	-0.0641953	-2.0071981	0.5303422	-0.3516163	-2.0964925	0.5357369	-0.1838902	-2.0136175	0.5301696	-0.2325368	-2.2222079	0.1269512	-0.1298345	-2.1527424	0.1371349	-0.3389938	-2.2074490	0.1384406	-0.2054199	-2.1404913	0.1382870	-0.2586592	-2.2997217	0.1075231	-0.1793520	-2.2398636	0.1129579	-0.2997210	-2.0948767	0.0776819	-0.1637205	-2.0205710	0.0751854	-0.2889086	-2.1399348	0.0759733	-0.1124348	-2.0613995	0.0792467	-0.3474347	-2.0088854	0.7902037	-0.0311643	-2.0482374	0.6825323	-0.0200351	-2.1289464	0.8003615	0.0005478	-1.9527705	0.8143205	-0.3636130	-1.9750496	0.7023360	-0.3822690	-2.0718732	0.8081850	-0.4039742	-2.1366130	0.4014853	-0.0839519	-2.1437910	0.2788173	-0.0932768	-2.1998830	0.2991560	-0.0835800	-2.0488005	0.4064902	-0.3509297	-2.0623922	0.2839045	-0.3543240	-2.1227577	0.3111695	-0.3645530	-2.1020951	0.9592146	-0.0997320	-2.0789441	0.9579279	-0.2950467	-2.0907585	1.1555143	0.0566389	-2.1098779	1.1777923	-0.4351067	-2.1216795	1.1452132	-0.0231424	-2.1377324	1.1681701	-0.3474609	-2.0359764	0.9036071	0.0179395	-2.0451932	0.9315114	-0.4237264	-2.1174597	0.8974140	0.0310534	-2.1229537	0.9216503	-0.4249477
153	2.5333333	-2.0657900	1.4338179	-0.1771600	-2.0536900	1.4221179	-0.0231700	-2.0890900	1.1340379	0.0203700	-2.0624200	0.8759479	0.0232300	-2.0615100	1.4458679	-0.3315100	-2.1225500	1.1807179	-0.3896400	-2.0880100	0.9349479	-0.4171600	-2.0529700	0.9495779	-0.1944700	-2.0540200	0.9429679	-0.0926200	-2.1407000	0.5375179	-0.1306600	-2.2375600	0.1348379	-0.1767600	-2.0447400	0.9570279	-0.2962600	-1.9411300	0.5799079	-0.2682400	-2.0970400	0.1610079	-0.2768700	-1.9069100	0.1105679	-0.2728100	-1.9217200	0.1113679	-0.2765200	-2.1669500	0.1222179	-0.2752800	-2.0880600	0.0755979	-0.1501700	-2.0973700	0.0779479	-0.1488600	-2.2618600	0.1067679	-0.1928300	-2.1641086	1.4803984	-0.2038327	-2.0918651	1.4730152	-0.0592624	-2.0694812	1.4751813	-0.3369459	-2.0161353	1.0176939	-0.0252352	-1.9797648	1.0161247	-0.3490299	-2.1764668	1.0653759	-0.1427338	-2.1617351	1.0635414	-0.2684886	-2.1027014	0.5201697	-0.0642970	-1.9922223	0.5307542	-0.3506818	-2.0960326	0.5348189	-0.1838523	-1.9982480	0.5311071	-0.2315291	-2.2249389	0.1267882	-0.1314498	-2.1366495	0.1371125	-0.3370262	-2.2100428	0.1380758	-0.2072871	-2.1246402	0.1384610	-0.2562904	-2.3027637	0.1082716	-0.1807460	-2.2239101	0.1122284	-0.2973810	-2.0977607	0.0759682	-0.1662395	-2.0048206	0.0765639	-0.2863799	-2.1428131	0.0747353	-0.1147788	-2.0456107	0.0801760	-0.3450430	-2.0069638	0.7882226	-0.0312828	-2.0470136	0.6809918	-0.0202687	-2.1269506	0.7990518	0.0002315	-1.9462389	0.8155982	-0.3643842	-1.9652793	0.7030865	-0.3823430	-2.0654537	0.8057387	-0.4044656	-2.1371124	0.4007415	-0.0844198	-2.1452188	0.2779644	-0.0943821	-2.2013200	0.2989658	-0.0844199	-2.0329826	0.4064536	-0.3496057	-2.0464664	0.2837535	-0.3526408	-2.1067369	0.3110662	-0.3630689	-2.0989210	0.9573756	-0.0999940	-2.0765376	0.9556106	-0.2962357	-2.0842981	1.1529815	0.0570117	-2.1086355	1.1772103	-0.4351797	-2.1157375	1.1426155	-0.0222876	-2.1360376	1.1674015	-0.3477651	-2.0276847	0.9019411	0.0180756	-2.0450881	0.9303001	-0.4246216	-2.1089216	0.8949841	0.0314436	-2.1230278	0.9210012	-0.4253787
154	2.5500000	-2.0590400	1.4342579	-0.1756800	-2.0475400	1.4221679	-0.0219000	-2.0821600	1.1345079	0.0216700	-2.0516100	0.8755079	0.0245600	-2.0541800	1.4468279	-0.3298000	-2.1164800	1.1822079	-0.3881900	-2.0847300	0.9354079	-0.4171600	-2.0500800	0.9470679	-0.1956600	-2.0483700	0.9403479	-0.0941600	-2.1404700	0.5346979	-0.1313200	-2.2403200	0.1300779	-0.1779800	-2.0446700	0.9544979	-0.2971800	-1.9309400	0.5796379	-0.2668200	-2.0645600	0.1613379	-0.2731800	-1.8695400	0.1176279	-0.2643300	-1.8835800	0.1179279	-0.2679700	-2.1324900	0.1221379	-0.2721800	-2.0866100	0.0738479	-0.1495300	-2.0964400	0.0761879	-0.1484100	-2.2622400	0.1014379	-0.1944500	-2.1557122	1.4790444	-0.2010638	-2.0824350	1.4694728	-0.0569383	-2.0626185	1.4738417	-0.3357093	-2.0117376	1.0157778	-0.0259496	-1.9774217	1.0132285	-0.3511934	-2.1727136	1.0637035	-0.1425910	-2.1588094	1.0613398	-0.2690414	-2.1028008	0.5188582	-0.0646165	-1.9768016	0.5312686	-0.3495539	-2.0956771	0.5333116	-0.1838486	-1.9821480	0.5323357	-0.2304239	-2.2274234	0.1263400	-0.1334454	-2.1156182	0.1360708	-0.3341073	-2.2121189	0.1373691	-0.2094959	-2.1037435	0.1379045	-0.2529841	-2.3052300	0.1086894	-0.1825912	-2.2027691	0.1096874	-0.2939422	-2.1002406	0.0739668	-0.1690281	-1.9830622	0.0784156	-0.2828138	-2.1453553	0.0731147	-0.1175185	-2.0239481	0.0809490	-0.3415843	-2.0052097	0.7858038	-0.0315613	-2.0460805	0.6790134	-0.0207467	-2.1249797	0.7974146	-0.0005156	-1.9400034	0.8167471	-0.3653497	-1.9555617	0.7037703	-0.3824429	-2.0591917	0.8029006	-0.4048478	-2.1378037	0.3995776	-0.0850641	-2.1466849	0.2767789	-0.0956655	-2.2028526	0.2983730	-0.0856537	-2.0153663	0.4063448	-0.3479265	-2.0273382	0.2834156	-0.3504004	-2.0878349	0.3101467	-0.3609270	-2.0954737	0.9552066	-0.1005460	-2.0743242	0.9529253	-0.2975464	-2.0773252	1.1503447	0.0572635	-2.1066380	1.1765150	-0.4353349	-2.1092900	1.1398805	-0.0215520	-2.1335625	1.1664855	-0.3482731	-2.0186620	0.9002431	0.0179524	-2.0441792	0.9290362	-0.4254470	-2.0994483	0.8924210	0.0317707	-2.1221505	0.9202696	-0.4260288
155	2.5666667	-2.0506700	1.4342979	-0.1739300	-2.0402500	1.4221179	-0.0203600	-2.0757100	1.1345479	0.0227900	-2.0417300	0.8755879	0.0257700	-2.0446900	1.4473079	-0.3277900	-2.1103700	1.1833979	-0.3867300	-2.0832200	0.9351679	-0.4174200	-2.0464500	0.9454479	-0.1965500	-2.0441200	0.9384779	-0.0951900	-2.1401400	0.5317579	-0.1315400	-2.2414200	0.1280179	-0.1784800	-2.0416700	0.9536579	-0.2979400	-1.9226400	0.5781979	-0.2657100	-2.0327200	0.1584079	-0.2703500	-1.8340200	0.1252479	-0.2560300	-1.8478300	0.1255279	-0.2595700	-2.0968400	0.1195679	-0.2703100	-2.0881200	0.0737779	-0.1478700	-2.0984000	0.0758179	-0.1470700	-2.2603200	0.0982479	-0.1951100	-2.1455339	1.4787351	-0.1972399	-2.0716708	1.4667471	-0.0538959	-2.0540192	1.4735283	-0.3331247	-2.0061352	1.0146152	-0.0266193	-1.9744408	1.0111361	-0.3528446	-2.1677563	1.0629188	-0.1420047	-2.1549094	1.0599952	-0.2689954	-2.1025887	0.5182469	-0.0646008	-1.9608984	0.5330693	-0.3477586	-2.0946928	0.5324284	-0.1833557	-1.9654557	0.5349670	-0.2287173	-2.2290569	0.1268977	-0.1353680	-2.0894223	0.1353412	-0.3299939	-2.2130581	0.1376192	-0.2115442	-2.0776326	0.1379598	-0.2484905	-2.3063962	0.1099693	-0.1845178	-2.1760974	0.1067183	-0.2892716	-2.1018321	0.0731463	-0.1714929	-1.9551906	0.0820643	-0.2778295	-2.1470712	0.0725180	-0.1201341	-1.9962083	0.0828910	-0.3366965	-2.0029621	0.7841462	-0.0313858	-2.0447977	0.6777937	-0.0208735	-2.1224282	0.7966822	-0.0011516	-1.9334410	0.8188816	-0.3658506	-1.9454682	0.7055508	-0.3819885	-2.0524365	0.8010272	-0.4046387	-2.1380433	0.3992424	-0.0853767	-2.1475855	0.2765491	-0.0966130	-2.2038412	0.2986405	-0.0868087	-1.9959256	0.4074164	-0.3455022	-2.0048868	0.2842022	-0.3472730	-2.0659343	0.3096567	-0.3578103	-2.0910799	0.9539456	-0.1008712	-2.0715169	0.9511751	-0.2984032	-2.0695335	1.1488095	0.0579394	-2.1032990	1.1768569	-0.4350310	-2.1019112	1.1382573	-0.0205398	-2.1297771	1.1666183	-0.3483268	-2.0087189	0.8996129	0.0182346	-2.0422413	0.9287747	-0.4257689	-2.0889869	0.8908622	0.0325789	-2.1201682	0.9205868	-0.4264538
156	2.5833333	-2.0409400	1.4340479	-0.1721600	-2.0305800	1.4217079	-0.0185900	-2.0689100	1.1342279	0.0239200	-2.0316900	0.8753079	0.0268100	-2.0348900	1.4471279	-0.3260300	-2.1040000	1.1845379	-0.3855000	-2.0830700	0.9353679	-0.4181400	-2.0411100	0.9458079	-0.1968900	-2.0401800	0.9380379	-0.0957000	-2.1388700	0.5284879	-0.1315100	-2.2406200	0.1268979	-0.1781400	-2.0349500	0.9544379	-0.2980500	-1.9148100	0.5747679	-0.2649900	-2.0025700	0.1549679	-0.2683700	-1.8055200	0.1321779	-0.2508700	-1.8191800	0.1317479	-0.2542000	-2.0623800	0.1166779	-0.2688500	-2.0958000	0.0733279	-0.1462900	-2.1059400	0.0751379	-0.1458000	-2.2562500	0.0979779	-0.1943400	-2.1332807	1.4803874	-0.1925019	-2.0594322	1.4659931	-0.0502638	-2.0431811	1.4752386	-0.3290797	-1.9986073	1.0153396	-0.0270731	-1.9697500	1.0110890	-0.3535881	-2.1607476	1.0639388	-0.1409384	-2.1490325	1.0604736	-0.2682058	-2.1013292	0.5193254	-0.0641359	-1.9442397	0.5369719	-0.3452153	-2.0923075	0.5331467	-0.1822876	-1.9481098	0.5396864	-0.2263042	-2.2293371	0.1294930	-0.1370267	-2.0583772	0.1361401	-0.3249230	-2.2123794	0.1398612	-0.2131734	-2.0466948	0.1397968	-0.2430641	-2.3056321	0.1131575	-0.1863429	-2.1440458	0.1047794	-0.2837088	-2.1023015	0.0745412	-0.1733944	-1.9220100	0.0884127	-0.2716781	-2.1476690	0.0739955	-0.1224387	-1.9630384	0.0870426	-0.3306034	-1.9993888	0.7842085	-0.0305693	-2.0423775	0.6783029	-0.0204805	-2.1185101	0.7978753	-0.0015253	-1.9255993	0.8228059	-0.3655595	-1.9342755	0.7092718	-0.3807462	-2.0442393	0.8012425	-0.4036898	-2.1371749	0.4007317	-0.0852546	-2.1473658	0.2782974	-0.0970669	-2.2036553	0.3007895	-0.0877619	-1.9746368	0.4105915	-0.3423506	-1.9792490	0.2871409	-0.3433839	-2.0410923	0.3106643	-0.3538444	-2.0848609	0.9546014	-0.1008120	-2.0670335	0.9514300	-0.2985387	-2.0602048	1.1492170	0.0592796	-2.0980029	1.1791217	-0.4340607	-2.0928761	1.1386210	-0.0190895	-2.1240701	1.1686945	-0.3476849	-1.9973465	0.9008361	0.0192163	-2.0388921	0.9303287	-0.4256305	-2.0771476	0.8911667	0.0340162	-2.1167976	0.9228230	-0.4264542
157	2.6000000	-2.0311300	1.4339879	-0.1708700	-2.0189900	1.4221479	-0.0170200	-2.0604400	1.1330979	0.0253000	-2.0205700	0.8748079	0.0278400	-2.0268800	1.4463279	-0.3251100	-2.0969500	1.1855279	-0.3845900	-2.0828700	0.9351479	-0.4190900	-2.0341800	0.9465579	-0.1967500	-2.0347800	0.9386979	-0.0958400	-2.1361900	0.5262079	-0.1315300	-2.2396100	0.1268179	-0.1780600	-2.0265200	0.9551279	-0.2976100	-1.9051700	0.5714479	-0.2642800	-1.9719900	0.1521379	-0.2671100	-1.7786000	0.1363079	-0.2513100	-1.7923400	0.1353979	-0.2541500	-2.0278900	0.1135679	-0.2671200	-2.1072500	0.0706179	-0.1456700	-2.1165500	0.0728779	-0.1454000	-2.2518700	0.0990079	-0.1933600	-2.1197581	1.4823826	-0.1874596	-2.0464214	1.4657808	-0.0465368	-2.0308195	1.4773822	-0.3241707	-1.9895084	1.0164827	-0.0274064	-1.9634302	1.0116105	-0.3534832	-2.1519959	1.0651166	-0.1396421	-2.1413538	1.0611440	-0.2668932	-2.0993089	0.5204865	-0.0634270	-1.9271698	0.5411054	-0.3423337	-2.0888842	0.5338693	-0.1809190	-1.9305755	0.5445128	-0.2235166	-2.2289107	0.1324291	-0.1384309	-2.0239235	0.1371082	-0.3195629	-2.2108099	0.1424146	-0.2143692	-2.0124044	0.1419597	-0.2373714	-2.3036106	0.1166280	-0.1880101	-2.1080116	0.1027639	-0.2779358	-2.1024839	0.0763763	-0.1748222	-1.8854143	0.0957108	-0.2651665	-2.1479207	0.0758237	-0.1244961	-1.9262437	0.0918352	-0.3240825	-1.9946616	0.7843274	-0.0292922	-2.0390166	0.6788982	-0.0197323	-2.1134321	0.7993686	-0.0017207	-1.9164560	0.8267660	-0.3646357	-1.9220825	0.7131560	-0.3789761	-2.0346695	0.8019311	-0.4022693	-2.1355987	0.4023937	-0.0848842	-2.1465436	0.2803424	-0.0971591	-2.2027505	0.3031751	-0.0886127	-1.9522064	0.4141021	-0.3389377	-1.9514694	0.2905909	-0.3393116	-2.0142473	0.3116382	-0.3495953	-2.0770228	0.9555447	-0.1004764	-2.0609195	0.9520600	-0.2980442	-2.0494513	1.1499024	0.0611265	-2.0912347	1.1815953	-0.4325780	-2.0823605	1.1392870	-0.0172758	-2.1168756	1.1709900	-0.3465606	-1.9848254	0.9022441	0.0207119	-2.0346240	0.9319728	-0.4252880	-2.0641906	0.8917269	0.0358514	-2.1125850	0.9252585	-0.4260866
158	2.6166667	-2.0216800	1.4329879	-0.1700300	-2.0071800	1.4213179	-0.0158000	-2.0500000	1.1323179	0.0269600	-2.0078300	0.8740079	0.0291000	-2.0198200	1.4448579	-0.3247600	-2.0902900	1.1847079	-0.3839300	-2.0830600	0.9342379	-0.4199000	-2.0269500	0.9470879	-0.1962400	-2.0279800	0.9392879	-0.0955300	-2.1331500	0.5246179	-0.1316600	-2.2390000	0.1243879	-0.1787700	-2.0188800	0.9557079	-0.2968700	-1.8942900	0.5692979	-0.2633800	-1.9401000	0.1526079	-0.2660800	-1.7437500	0.1396579	-0.2558600	-1.7579600	0.1383679	-0.2579300	-1.9934600	0.1128879	-0.2649600	-2.1194500	0.0663679	-0.1460600	-2.1275700	0.0692279	-0.1460500	-2.2491300	0.0981979	-0.1929200	-2.1064322	1.4841126	-0.1825907	-2.0338438	1.4655404	-0.0430415	-2.0184502	1.4792957	-0.3190891	-1.9802075	1.0175171	-0.0277172	-1.9567873	1.0120375	-0.3527585	-2.1429026	1.0659528	-0.1382688	-2.1332393	1.0614703	-0.2652552	-2.0978362	0.5211821	-0.0626753	-1.9108001	0.5447110	-0.3395580	-2.0859023	0.5340802	-0.1795358	-1.9139136	0.5486409	-0.2206874	-2.2293011	0.1349723	-0.1395611	-1.9878294	0.1379264	-0.3145305	-2.2099864	0.1445680	-0.2151323	-1.9764952	0.1440399	-0.2319951	-2.3020433	0.1196966	-0.1894136	-2.0698529	0.1004396	-0.2725017	-2.1038853	0.0778583	-0.1758624	-1.8472404	0.1034715	-0.2590415	-2.1493100	0.0772453	-0.1263115	-1.8876945	0.0968933	-0.3179016	-1.9899983	0.7839173	-0.0277959	-2.0359294	0.6790044	-0.0188289	-2.1084152	0.8005840	-0.0017690	-1.9071371	0.8301927	-0.3633928	-1.9100194	0.7165587	-0.3770499	-2.0249992	0.8024284	-0.4006814	-2.1346863	0.4036150	-0.0844311	-2.1465289	0.2820035	-0.0970304	-2.2025246	0.3051577	-0.0894025	-1.9299327	0.4172754	-0.3357285	-1.9230669	0.2940115	-0.3356042	-1.9868597	0.3121044	-0.3455865	-2.0688870	0.9562164	-0.0999479	-2.0544587	0.9524269	-0.2970594	-2.0383733	1.1501905	0.0633171	-2.0844571	1.1835808	-0.4307733	-2.0715254	1.1395562	-0.0151820	-2.1096252	1.1727987	-0.3451525	-1.9721413	0.9032177	0.0225508	-2.0308741	0.9330017	-0.4249085	-2.0511213	0.8919202	0.0379257	-2.1089500	0.9272181	-0.4254159
159	2.6333333	-2.0117000	1.4317379	-0.1693800	-1.9955100	1.4201279	-0.0150000	-2.0395000	1.1312779	0.0285100	-1.9939100	0.8721079	0.0305800	-2.0114900	1.4436979	-0.3243400	-2.0851600	1.1840579	-0.3832900	-2.0852100	0.9328679	-0.4204400	-2.0205000	0.9479079	-0.1955800	-2.0213200	0.9402879	-0.0949800	-2.1312600	0.5211979	-0.1319200	-2.2405100	0.1210679	-0.1796800	-2.0126500	0.9564379	-0.2961100	-1.8834100	0.5674979	-0.2625700	-1.9071400	0.1526179	-0.2647800	-1.7054600	0.1440879	-0.2610400	-1.7200700	0.1426479	-0.2622400	-1.9588900	0.1109079	-0.2623900	-2.1323700	0.0614879	-0.1477500	-2.1398400	0.0648979	-0.1480100	-2.2498200	0.0945379	-0.1923600	-2.0943479	1.4860106	-0.1782386	-2.0225367	1.4656903	-0.0399882	-2.0071691	1.4813487	-0.3144185	-1.9718391	1.0189607	-0.0281687	-1.9508488	1.0127854	-0.3517328	-2.1346477	1.0670990	-0.1370451	-2.1258302	1.0620799	-0.2635651	-2.0980390	0.5219655	-0.0620720	-1.8962871	0.5481730	-0.3372795	-2.0846113	0.5343586	-0.1783947	-1.8991626	0.5524542	-0.2181350	-2.2316676	0.1375610	-0.1405251	-1.9514740	0.1393932	-0.3102379	-2.2111340	0.1467545	-0.2155775	-1.9402500	0.1467904	-0.2273481	-2.3022360	0.1227845	-0.1906127	-2.0309990	0.0987006	-0.2677545	-2.1076440	0.0794231	-0.1766695	-1.8088311	0.1123360	-0.2538204	-2.1529799	0.0787104	-0.1279687	-1.8488017	0.1029506	-0.3125979	-1.9864625	0.7835397	-0.0263600	-2.0341914	0.6791748	-0.0180039	-2.1045200	0.8020762	-0.0017992	-1.8987330	0.8335977	-0.3622094	-1.8992373	0.7199353	-0.3753496	-2.0164255	0.8031999	-0.3992532	-2.1355868	0.4049325	-0.0840908	-2.1484579	0.2837753	-0.0968700	-2.2041084	0.3072395	-0.0902491	-1.9090594	0.4206022	-0.3331013	-1.8953717	0.2980114	-0.3326769	-1.9602199	0.3127157	-0.3421747	-2.0615817	0.9571936	-0.0994271	-2.0487126	0.9530430	-0.2958310	-2.0278297	1.1504903	0.0655752	-2.0787839	1.1855882	-0.4289230	-2.0612196	1.1398292	-0.0130514	-2.1034559	1.1746220	-0.3437010	-1.9600327	0.9041894	0.0245018	-2.0288209	0.9338783	-0.4246569	-2.0386576	0.8921332	0.0400203	-2.1070950	0.9292013	-0.4246660
160	2.6500000	-2.0012300	1.4301279	-0.1688800	-1.9840100	1.4178379	-0.0146200	-2.0299500	1.1299679	0.0295400	-1.9797600	0.8707079	0.0320600	-2.0021400	1.4426079	-0.3237700	-2.0813100	1.1846679	-0.3826000	-2.0887000	0.9315379	-0.4208800	-2.0144500	0.9474179	-0.1952500	-2.0150000	0.9400879	-0.0947500	-2.1297600	0.5168379	-0.1321200	-2.2434300	0.1159079	-0.1799200	-2.0068800	0.9558079	-0.2956900	-1.8720100	0.5654679	-0.2622900	-1.8756900	0.1538079	-0.2632600	-1.6774600	0.1461379	-0.2644700	-1.6916500	0.1448979	-0.2650100	-1.9257400	0.1104379	-0.2599600	-2.1440000	0.0551179	-0.1508900	-2.1516900	0.0589379	-0.1512700	-2.2540500	0.0900779	-0.1910800	-2.0833110	1.4863407	-0.1749025	-2.0122819	1.4645158	-0.0378186	-1.9967631	1.4818339	-0.3106824	-1.9641823	1.0191554	-0.0291489	-1.9451709	1.0122438	-0.3508922	-2.1269926	1.0668299	-0.1364738	-2.1187982	1.0612901	-0.2623505	-2.0994486	0.5213501	-0.0620222	-1.8834098	0.5498263	-0.3357733	-2.0846291	0.5332206	-0.1779285	-1.8861223	0.5543281	-0.2161936	-2.2356340	0.1387369	-0.1416648	-1.9159628	0.1402808	-0.3070697	-2.2139390	0.1474733	-0.2160314	-1.9047861	0.1489206	-0.2238774	-2.3039173	0.1244371	-0.1918759	-1.9926528	0.0966385	-0.2641492	-2.1134287	0.0795385	-0.1776589	-1.7715880	0.1205041	-0.2499094	-2.1585887	0.0787473	-0.1298253	-1.8109559	0.1084093	-0.3085715	-1.9836391	0.7816764	-0.0254768	-2.0333568	0.6779038	-0.0177101	-2.1013406	0.8022611	-0.0022419	-1.8909087	0.8352641	-0.3614524	-1.8894479	0.7215883	-0.3741958	-2.0085581	0.8026189	-0.3983767	-2.1378727	0.4048885	-0.0842889	-2.1519301	0.2841940	-0.0970849	-2.2070689	0.3079718	-0.0915144	-1.8897564	0.4225156	-0.3313357	-1.8689927	0.3010483	-0.3308202	-1.9348026	0.3121782	-0.3396826	-2.0548053	0.9568489	-0.0993931	-2.0432337	0.9523084	-0.2948694	-2.0175005	1.1493139	0.0673938	-2.0739386	1.1862220	-0.4274332	-2.0510898	1.1386148	-0.0113809	-2.0980306	1.1750663	-0.3426574	-1.9480582	0.9037865	0.0261073	-2.0281703	0.9333124	-0.4248715	-2.0262929	0.8909384	0.0416638	-2.1067273	0.9299020	-0.4242091
161	2.6666667	-1.9912000	1.4288179	-0.1686500	-1.9725300	1.4160979	-0.0146300	-2.0200500	1.1291679	0.0299600	-1.9657800	0.8693779	0.0332100	-1.9936300	1.4418979	-0.3233600	-2.0774700	1.1844679	-0.3820900	-2.0908700	0.9300079	-0.4215300	-2.0073800	0.9466079	-0.1954400	-2.0073500	0.9394679	-0.0950700	-2.1256600	0.5128579	-0.1320000	-2.2444800	0.1111279	-0.1790500	-2.0004100	0.9545279	-0.2957800	-1.8598600	0.5639379	-0.2625300	-1.8481500	0.1557979	-0.2623100	-1.6642300	0.1456479	-0.2656600	-1.6771800	0.1447779	-0.2658900	-1.8964200	0.1135679	-0.2587800	-2.1499600	0.0513379	-0.1543900	-2.1580800	0.0549279	-0.1546300	-2.2588700	0.0857879	-0.1892100	-2.0723455	1.4860482	-0.1728449	-2.0020398	1.4630335	-0.0367662	-1.9862435	1.4817403	-0.3081253	-1.9560401	1.0190173	-0.0307236	-1.9383337	1.0115048	-0.3504039	-2.1187175	1.0657810	-0.1367613	-2.1108371	1.0598364	-0.2618562	-2.1002663	0.5203772	-0.0624752	-1.8708089	0.5505705	-0.3349581	-2.0842457	0.5317059	-0.1781266	-1.8735328	0.5552288	-0.2148509	-2.2394822	0.1395627	-0.1428954	-1.8825923	0.1414724	-0.3050625	-2.2167650	0.1477481	-0.2164342	-1.8714709	0.1512041	-0.2216826	-2.3055097	0.1256684	-0.1930787	-1.9563627	0.0955643	-0.2618273	-2.1194499	0.0792840	-0.1787776	-1.7371983	0.1279076	-0.2473465	-2.1643310	0.0784944	-0.1317959	-1.7758591	0.1135003	-0.3058156	-1.9799219	0.7793562	-0.0252472	-2.0317178	0.6762245	-0.0179684	-2.0973402	0.8020579	-0.0031632	-1.8822116	0.8360293	-0.3611436	-1.8792040	0.7223796	-0.3735836	-1.9998611	0.8016258	-0.3981494	-2.1397800	0.4045512	-0.0850013	-2.1551963	0.2843216	-0.0976541	-2.2096441	0.3084182	-0.0931142	-1.8714009	0.4238522	-0.3303338	-1.8441457	0.3037592	-0.3299049	-1.9106753	0.3115961	-0.3381067	-2.0472164	0.9560570	-0.1000249	-2.0365252	0.9511999	-0.2944128	-2.0061889	1.1477721	0.0686202	-2.0686188	1.1864577	-0.4264565	-2.0399419	1.1369819	-0.0103136	-2.0919921	1.1750943	-0.3421954	-1.9350471	0.9030998	0.0272062	-2.0273816	0.9324047	-0.4256569	-2.0128311	0.8894432	0.0427319	-2.1062930	0.9303247	-0.4241444
162	2.6833333	-1.9820600	1.4276579	-0.1687400	-1.9617200	1.4138179	-0.0149700	-2.0087300	1.1287579	0.0299700	-1.9522300	0.8693479	0.0339100	-1.9863300	1.4415179	-0.3232700	-2.0725100	1.1841879	-0.3817900	-2.0902800	0.9295079	-0.4223200	-1.9987800	0.9458079	-0.1959200	-1.9978900	0.9387979	-0.0957400	-2.1182600	0.5114479	-0.1316500	-2.2433200	0.1079179	-0.1780500	-1.9927000	0.9536779	-0.2960900	-1.8481900	0.5632779	-0.2628200	-1.8253900	0.1570379	-0.2622900	-1.6554800	0.1447479	-0.2655700	-1.6671900	0.1442779	-0.2657100	-1.8725900	0.1165579	-0.2593700	-2.1488600	0.0491479	-0.1567200	-2.1573100	0.0529479	-0.1568200	-2.2640400	0.0813379	-0.1879900	-2.0611497	1.4855348	-0.1718403	-1.9913609	1.4616435	-0.0365492	-1.9753408	1.4814366	-0.3066354	-1.9470060	1.0188665	-0.0325406	-1.9298177	1.0109944	-0.3500606	-2.1094416	1.0642000	-0.1376755	-2.1015423	1.0580306	-0.2619209	-2.0994519	0.5194166	-0.0629575	-1.8577469	0.5507499	-0.3344774	-2.0825101	0.5302080	-0.1785793	-1.8606889	0.5555659	-0.2137481	-2.2423133	0.1403550	-0.1437489	-1.8528150	0.1427246	-0.3038882	-2.2187868	0.1478916	-0.2164446	-1.8418153	0.1533007	-0.2204246	-2.3063436	0.1267992	-0.1937793	-1.9239382	0.0954444	-0.2605013	-2.1245221	0.0789293	-0.1795754	-1.7071625	0.1336090	-0.2457620	-2.1690439	0.0782804	-0.1333842	-1.7451106	0.1175014	-0.3039573	-1.9745225	0.7769664	-0.0253436	-2.0283511	0.6745109	-0.0183684	-2.0918134	0.8017383	-0.0041646	-1.8720011	0.8362650	-0.3610248	-1.8678054	0.7226596	-0.3732558	-1.9896870	0.8005265	-0.3983393	-2.1402892	0.4042747	-0.0857490	-2.1572323	0.2844604	-0.0981492	-2.2108868	0.3089223	-0.0945145	-1.8538116	0.4247312	-0.3296943	-1.8213252	0.3059445	-0.3294651	-1.8882941	0.3111509	-0.3371265	-2.0383532	0.9550944	-0.1010572	-2.0280408	0.9500549	-0.2942945	-1.9936946	1.1462651	0.0694619	-2.0623797	1.1866520	-0.4256906	-2.0275910	1.1353462	-0.0096111	-2.0849035	1.1750805	-0.3420450	-1.9208371	0.9025481	0.0279793	-2.0257201	0.9316109	-0.4267365	-1.9981259	0.8881241	0.0434478	-2.1049780	0.9308308	-0.4241581
163	2.7000000	-1.9726500	1.4256679	-0.1692500	-1.9509600	1.4118679	-0.0157400	-1.9963800	1.1282979	0.0298100	-1.9394000	0.8687879	0.0344300	-1.9782600	1.4400079	-0.3235700	-2.0665300	1.1834479	-0.3815500	-2.0880100	0.9293979	-0.4228400	-1.9891600	0.9460079	-0.1963000	-1.9877200	0.9390279	-0.0964300	-2.1101700	0.5115579	-0.1314900	-2.2442700	0.1048579	-0.1788800	-1.9836800	0.9539279	-0.2961700	-1.8382400	0.5641579	-0.2628600	-1.8058000	0.1590679	-0.2625700	-1.6403900	0.1447279	-0.2654600	-1.6512800	0.1441879	-0.2654800	-1.8539400	0.1185279	-0.2608600	-2.1477600	0.0468779	-0.1576800	-2.1562600	0.0509179	-0.1579300	-2.2721700	0.0760079	-0.1892100	-2.0500560	1.4858087	-0.1714058	-1.9804673	1.4612765	-0.0366037	-1.9644224	1.4818310	-0.3059523	-1.9375272	1.0196837	-0.0341835	-1.9201043	1.0117002	-0.3494942	-2.0996474	1.0633222	-0.1388236	-2.0914482	1.0571039	-0.2621809	-2.0973630	0.5195233	-0.0631282	-1.8443503	0.5515342	-0.3339434	-2.0797883	0.5298076	-0.1789222	-1.8476562	0.5565136	-0.2124664	-2.2447372	0.1420982	-0.1439055	-1.8270842	0.1444833	-0.3030640	-2.2206308	0.1489056	-0.2158627	-1.8162689	0.1556253	-0.2195393	-2.3071945	0.1289234	-0.1937236	-1.8960842	0.0965720	-0.2596509	-2.1290229	0.0792597	-0.1797246	-1.6815813	0.1380681	-0.2446059	-2.1731523	0.0789471	-0.1342258	-1.7189363	0.1208780	-0.3025176	-1.9678999	0.7755485	-0.0254166	-2.0236623	0.6738039	-0.0185677	-2.0851882	0.8023151	-0.0048677	-1.8606734	0.8372149	-0.3607717	-1.8555523	0.7236280	-0.3728853	-1.9784622	0.8003751	-0.3985769	-2.1397812	0.4050687	-0.0861517	-2.1584643	0.2855487	-0.0982449	-2.2113052	0.3105096	-0.0953145	-1.8371350	0.4260973	-0.3290064	-1.8007624	0.3083293	-0.3290185	-1.8679886	0.3116232	-0.3363296	-2.0287181	0.9549968	-0.1020776	-2.0183096	0.9499099	-0.2941487	-1.9806664	1.1456869	0.0702826	-2.0555579	1.1876596	-0.4247907	-2.0146936	1.1346290	-0.0089103	-2.0772279	1.1758910	-0.3417991	-1.9062477	0.9029031	0.0288033	-2.0234384	0.9317338	-0.4277138	-1.9830898	0.8878202	0.0442199	-2.1029761	0.9322085	-0.4239078
164	2.7166667	-1.9610500	1.4246579	-0.1701400	-1.9392500	1.4106979	-0.0168700	-1.9837300	1.1273879	0.0294900	-1.9265000	0.8681579	0.0349900	-1.9668600	1.4389979	-0.3242300	-2.0596400	1.1820779	-0.3814700	-2.0859700	0.9289579	-0.4228500	-1.9788600	0.9459979	-0.1963800	-1.9773500	0.9390479	-0.0968600	-2.1038700	0.5113979	-0.1318500	-2.2493800	0.1014679	-0.1818200	-1.9735200	0.9532979	-0.2959100	-1.8295900	0.5655579	-0.2627500	-1.7863400	0.1626379	-0.2624600	-1.6192500	0.1470579	-0.2659100	-1.6297300	0.1467179	-0.2656500	-1.8372000	0.1196079	-0.2620800	-2.1519500	0.0437179	-0.1583100	-2.1604900	0.0478379	-0.1589700	-2.2824400	0.0705479	-0.1928000	-2.0389618	1.4857468	-0.1712359	-1.9693159	1.4607353	-0.0365957	-1.9533906	1.4817092	-0.3058664	-1.9277432	1.0201950	-0.0355213	-1.9095190	1.0123248	-0.3484709	-2.0895168	1.0622393	-0.1399788	-2.0808400	1.0561201	-0.2623667	-2.0945092	0.5195995	-0.0630553	-1.8306848	0.5520135	-0.3331650	-2.0764937	0.5294224	-0.1791098	-1.8344206	0.5571303	-0.2108336	-2.2474433	0.1437693	-0.1435532	-1.8043854	0.1455690	-0.3022513	-2.2229147	0.1497784	-0.2148909	-1.7937680	0.1570435	-0.2186186	-2.3087018	0.1311608	-0.1931545	-1.8717843	0.0973932	-0.2588808	-2.1336960	0.0790382	-0.1793954	-1.6590905	0.1407412	-0.2434929	-2.1774266	0.0792894	-0.1344766	-1.6960040	0.1229074	-0.3011971	-1.9605763	0.7739467	-0.0253888	-2.0181880	0.6729712	-0.0185751	-2.0778446	0.8026619	-0.0052714	-1.8485898	0.8379684	-0.3601948	-1.8427162	0.7243593	-0.3722595	-1.9665214	0.8000910	-0.3986143	-2.1387787	0.4058343	-0.0862641	-2.1594875	0.2864796	-0.0980303	-2.2115067	0.3121327	-0.0956294	-1.8210953	0.4269801	-0.3280977	-1.7818371	0.3099506	-0.3283539	-1.8492581	0.3118578	-0.3354677	-2.0185914	0.9546329	-0.1028954	-2.0077421	0.9496202	-0.2937409	-1.9674251	1.1448949	0.0711693	-2.0482822	1.1882944	-0.4236575	-2.0015268	1.1336979	-0.0081013	-2.0691945	1.1763356	-0.3413240	-1.8917517	0.9029262	0.0297845	-2.0208194	0.9315230	-0.4282772	-1.9681001	0.8873056	0.0451989	-2.1005725	0.9332542	-0.4233110
165	2.7333333	-1.9482700	1.4228079	-0.1711400	-1.9273300	1.4096979	-0.0181300	-1.9717000	1.1265679	0.0289600	-1.9125400	0.8667579	0.0354000	-1.9532200	1.4364879	-0.3249500	-2.0514700	1.1794879	-0.3818100	-2.0850200	0.9283779	-0.4226800	-1.9679300	0.9446879	-0.1963400	-1.9666300	0.9380879	-0.0970200	-2.1000700	0.5116379	-0.1325400	-2.2558400	0.0991779	-0.1848900	-1.9624000	0.9518879	-0.2956600	-1.8201200	0.5661479	-0.2625800	-1.7657200	0.1657979	-0.2618200	-1.5970100	0.1514079	-0.2668000	-1.6071600	0.1510379	-0.2662100	-1.8203100	0.1217779	-0.2623200	-2.1584200	0.0413179	-0.1591900	-2.1673300	0.0453779	-0.1602800	-2.2911200	0.0671779	-0.1962900	-2.0275705	1.4843046	-0.1714158	-1.9577568	1.4589704	-0.0366728	-1.9419509	1.4799919	-0.3063859	-1.9174741	1.0191920	-0.0368555	-1.8982406	1.0116874	-0.3470928	-2.0789092	1.0599066	-0.1411937	-2.0697247	1.0540238	-0.2624453	-2.0910199	0.5185959	-0.0631075	-1.8167354	0.5513314	-0.3323403	-2.0726836	0.5280029	-0.1794047	-1.8208846	0.5565402	-0.2091311	-2.2504636	0.1445014	-0.1431353	-1.7835241	0.1453037	-0.3014841	-2.2256107	0.1496589	-0.2139429	-1.7730402	0.1569448	-0.2176901	-2.3107614	0.1326874	-0.1925350	-1.8496492	0.0969391	-0.2581701	-2.1387388	0.0774063	-0.1790473	-1.6384059	0.1416009	-0.2424786	-2.1820570	0.0784110	-0.1345830	-1.6749812	0.1233622	-0.3000690	-1.9526999	0.7710863	-0.0255315	-2.0120912	0.6709511	-0.0187247	-2.0698055	0.8017236	-0.0057280	-1.8359845	0.8376022	-0.3594434	-1.8294599	0.7239483	-0.3714996	-1.9540069	0.7986794	-0.3985080	-2.1373711	0.4055597	-0.0864441	-2.1603881	0.2863098	-0.0978712	-2.2115605	0.3128290	-0.0958677	-1.8053461	0.4265906	-0.3271888	-1.7638490	0.3101498	-0.3276750	-1.8314544	0.3109994	-0.3346537	-2.0079046	0.9529354	-0.1037080	-1.9964957	0.9481370	-0.2931574	-1.9541023	1.1429172	0.0719408	-2.0404439	1.1875567	-0.4225374	-1.9881740	1.1315719	-0.0074287	-2.0607000	1.1753946	-0.3408785	-1.8773619	0.9016609	0.0307444	-2.0179203	0.9300080	-0.4285904	-1.9531370	0.8855963	0.0462049	-2.0978191	0.9330526	-0.4226323
166	2.7500000	-1.9360400	1.4210679	-0.1721100	-1.9165400	1.4084179	-0.0193700	-1.9611200	1.1257179	0.0283700	-1.8977400	0.8656779	0.0354500	-1.9395300	1.4346379	-0.3255800	-2.0420400	1.1769679	-0.3824600	-2.0848800	0.9261479	-0.4227400	-1.9565500	0.9430079	-0.1964600	-1.9558800	0.9363479	-0.0971400	-2.0984300	0.5106179	-0.1331500	-2.2607600	0.0976679	-0.1863800	-1.9503700	0.9506879	-0.2957700	-1.8074300	0.5664179	-0.2622600	-1.7449900	0.1695679	-0.2606300	-1.5751300	0.1535479	-0.2677300	-1.5851400	0.1534879	-0.2668300	-1.8024200	0.1227879	-0.2615900	-2.1639100	0.0382179	-0.1596400	-2.1733000	0.0422979	-0.1610600	-2.2965500	0.0653879	-0.1978400	-2.0160033	1.4824912	-0.1720755	-1.9460235	1.4570111	-0.0370185	-1.9301961	1.4777135	-0.3075107	-1.9067735	1.0175497	-0.0385249	-1.8865569	1.0107053	-0.3455795	-2.0679312	1.0572076	-0.1426259	-2.0582952	1.0516975	-0.2625254	-2.0871107	0.5173371	-0.0635385	-1.8025757	0.5504451	-0.3317442	-2.0685220	0.5263459	-0.1800405	-1.8070606	0.5557107	-0.2076660	-2.2536419	0.1451165	-0.1428455	-1.7640148	0.1447011	-0.3009119	-2.2285233	0.1493900	-0.2132210	-1.7535195	0.1564052	-0.2168746	-2.3131089	0.1342714	-0.1920728	-1.8290432	0.0961822	-0.2575877	-2.1440693	0.0753225	-0.1789073	-1.6190430	0.1418457	-0.2417641	-2.1869473	0.0772131	-0.1347581	-1.6553649	0.1233542	-0.2993201	-1.9444582	0.7678662	-0.0260848	-2.0055869	0.6686157	-0.0192617	-2.0612646	0.8004078	-0.0065453	-1.8231095	0.8370642	-0.3588088	-1.8159790	0.7233466	-0.3708738	-1.9411561	0.7970760	-0.3984731	-2.1356741	0.4050586	-0.0869088	-2.1611691	0.2858967	-0.0979528	-2.2114938	0.3133829	-0.0962469	-1.7898156	0.4259080	-0.3265721	-1.7465497	0.3099513	-0.3272641	-1.8143828	0.3099782	-0.3341013	-1.9967670	0.9508190	-0.1048072	-1.9848213	0.9464040	-0.2926074	-1.9410820	1.1407338	0.0723710	-2.0321189	1.1863522	-0.4217185	-1.9749350	1.1292079	-0.0071722	-2.0518158	1.1739708	-0.3407596	-1.8632176	0.9001385	0.0315069	-2.0149004	0.9281260	-0.4289170	-1.9383848	0.8836737	0.0469655	-2.0949197	0.9325335	-0.4221602
167	2.7666667	-1.9245000	1.4194579	-0.1732200	-1.9061900	1.4065679	-0.0206400	-1.9516400	1.1249879	0.0278700	-1.8827600	0.8648279	0.0351800	-1.9268300	1.4329979	-0.3264700	-2.0324100	1.1760979	-0.3829700	-2.0847600	0.9251779	-0.4229900	-1.9448300	0.9417679	-0.1968300	-1.9451100	0.9353779	-0.0974900	-2.0978200	0.5077179	-0.1336900	-2.2653900	0.0971679	-0.1867100	-1.9376700	0.9490479	-0.2961300	-1.7907400	0.5659979	-0.2616600	-1.7238300	0.1712379	-0.2588800	-1.5539200	0.1534779	-0.2682500	-1.5638100	0.1536779	-0.2670500	-1.7838800	0.1243079	-0.2601100	-2.1711300	0.0345879	-0.1592700	-2.1805600	0.0388479	-0.1609400	-2.3022500	0.0651379	-0.1982600	-2.0044429	1.4810745	-0.1731823	-1.9343158	1.4556459	-0.0377105	-1.9183975	1.4757138	-0.3091145	-1.8957713	1.0161152	-0.0406554	-1.8745913	1.0101940	-0.3439839	-2.0567076	1.0548596	-0.1443253	-2.0466650	1.0498412	-0.2626330	-2.0830293	0.5165854	-0.0643816	-1.7879753	0.5501669	-0.3313487	-2.0642260	0.5251680	-0.1810594	-1.7927102	0.5554757	-0.2064364	-2.2571386	0.1463846	-0.1426143	-1.7456082	0.1444558	-0.3004345	-2.2317943	0.1497477	-0.2126709	-1.7349450	0.1561702	-0.2160586	-2.3158165	0.1366909	-0.1916758	-1.8096476	0.0959332	-0.2569956	-2.1499475	0.0735637	-0.1789708	-1.6008398	0.1420328	-0.2412841	-2.1923243	0.0764700	-0.1349904	-1.6369764	0.1234462	-0.2988520	-1.9360128	0.7650803	-0.0270789	-1.9988772	0.6667497	-0.0202183	-2.0524103	0.7995272	-0.0078041	-1.8099718	0.8371627	-0.3583441	-1.8021871	0.7233684	-0.3704056	-1.9279647	0.7960513	-0.3985180	-2.1339172	0.4050727	-0.0876452	-2.1620333	0.2860086	-0.0982239	-2.2115302	0.3145457	-0.0967344	-1.7742711	0.4256971	-0.3262132	-1.7296945	0.3100790	-0.3270655	-1.7978074	0.3095166	-0.3337537	-1.9852916	0.9490789	-0.1062954	-1.9728214	0.9451979	-0.2921476	-1.9286122	1.1390813	0.0724717	-2.0235018	1.1855801	-0.4211996	-1.9620570	1.1273763	-0.0073626	-2.0426826	1.1729630	-0.3409994	-1.8494185	0.8992063	0.0320937	-2.0118984	0.9268127	-0.4293905	-1.9240012	0.8823585	0.0474331	-2.0920126	0.9325992	-0.4218754
168	2.7833333	-1.9128200	1.4168479	-0.1747300	-1.8947400	1.4041679	-0.0221600	-1.9420300	1.1229679	0.0272600	-1.8679600	0.8641779	0.0348500	-1.9149300	1.4301979	-0.3279600	-2.0228200	1.1763279	-0.3831900	-2.0832700	0.9246379	-0.4235100	-1.9329300	0.9411679	-0.1973800	-1.9338200	0.9343579	-0.0981700	-2.0966300	0.5055479	-0.1345500	-2.2715500	0.0996979	-0.1871200	-1.9252000	0.9485479	-0.2965300	-1.7720700	0.5662679	-0.2607200	-1.7039100	0.1737379	-0.2565400	-1.5346300	0.1544179	-0.2681000	-1.5443600	0.1545179	-0.2666800	-1.7643300	0.1256279	-0.2581500	-2.1805600	0.0313679	-0.1588900	-2.1900100	0.0360479	-0.1608500	-2.3122800	0.0692179	-0.1991600	-1.9929300	1.4801299	-0.1746160	-1.9226778	1.4549555	-0.0387982	-1.9067901	1.4741152	-0.3110078	-1.8846063	1.0151053	-0.0432688	-1.8625100	1.0103099	-0.3421871	-2.0453299	1.0529510	-0.1461913	-2.0349244	1.0485229	-0.2626236	-2.0789957	0.5166324	-0.0656323	-1.7727819	0.5508307	-0.3308517	-2.0600427	0.5247267	-0.1824555	-1.7777131	0.5561880	-0.2052348	-2.2614562	0.1487627	-0.1422865	-1.7282954	0.1448172	-0.2998065	-2.2359144	0.1511707	-0.2121921	-1.7173671	0.1565020	-0.2150068	-2.3193501	0.1405708	-0.1911548	-1.7914222	0.0964629	-0.2561699	-2.1569524	0.0723286	-0.1792159	-1.5839168	0.1423708	-0.2407603	-2.1987450	0.0764588	-0.1352079	-1.6198811	0.1238300	-0.2983685	-1.9275311	0.7629634	-0.0284775	-1.9921359	0.6656139	-0.0215762	-2.0433779	0.7993298	-0.0094625	-1.7966855	0.8381480	-0.3578176	-1.7880788	0.7243000	-0.3698254	-1.9144312	0.7958031	-0.3983872	-2.1323971	0.4059066	-0.0885523	-2.1633490	0.2869845	-0.0985462	-2.2120726	0.3167302	-0.0971986	-1.7585681	0.4262557	-0.3258336	-1.7131965	0.3107912	-0.3267928	-1.7815941	0.3098993	-0.3333675	-1.9736227	0.9479133	-0.1081197	-1.9606460	0.9446787	-0.2916618	-1.9167239	1.1379741	0.0723888	-2.0147201	1.1853882	-0.4208691	-1.9496162	1.1261123	-0.0078378	-2.0333962	1.1725173	-0.3414604	-1.8360035	0.8989336	0.0326266	-2.0088613	0.9261854	-0.4300079	-1.9101095	0.8817009	0.0476801	-2.0890598	0.9333276	-0.4216502
169	2.8000000	-1.9006500	1.4155479	-0.1765900	-1.8822300	1.4032279	-0.0240700	-1.9305300	1.1224079	0.0260400	-1.8538600	0.8618979	0.0348000	-1.9031800	1.4282179	-0.3297900	-2.0119000	1.1771879	-0.3836600	-2.0781600	0.9240379	-0.4247500	-1.9208500	0.9412079	-0.1980700	-1.9219500	0.9337779	-0.0990700	-2.0933200	0.5038879	-0.1356400	-2.2778600	0.1054579	-0.1876400	-1.9129500	0.9490579	-0.2970100	-1.7543000	0.5670379	-0.2599200	-1.6853600	0.1714679	-0.2544600	-1.5177200	0.1521779	-0.2675700	-1.5273200	0.1520579	-0.2660000	-1.7430000	0.1241379	-0.2560300	-2.1872700	0.0308979	-0.1591200	-2.1975500	0.0358179	-0.1614100	-2.3244700	0.0757579	-0.2003300	-1.9813677	1.4797150	-0.1762924	-1.9109464	1.4549959	-0.0403196	-1.8954386	1.4729840	-0.3130918	-1.8731933	1.0145562	-0.0463275	-1.8503713	1.0110412	-0.3401562	-2.0337461	1.0513777	-0.1481210	-2.0230726	1.0476183	-0.2624004	-2.0747165	0.5174256	-0.0671927	-1.7571631	0.5523341	-0.3301319	-2.0556791	0.5249647	-0.1841633	-1.7622539	0.5577406	-0.2039655	-2.2663651	0.1522877	-0.1417828	-1.7121812	0.1454737	-0.2990560	-2.2406104	0.1536803	-0.2117950	-1.7009019	0.1570752	-0.2137542	-2.3234911	0.1459382	-0.1904999	-1.7744550	0.0975356	-0.2551287	-2.1647648	0.0716763	-0.1795362	-1.5684158	0.1423501	-0.2402303	-2.2059099	0.0772450	-0.1352701	-1.6042184	0.1240382	-0.2978830	-1.9188423	0.7615230	-0.0301743	-1.9851483	0.6651888	-0.0232158	-2.0340664	0.7997935	-0.0114187	-1.7833328	0.8399102	-0.3571183	-1.7737617	0.7260409	-0.3690191	-1.9006152	0.7962904	-0.3979975	-2.1308574	0.4075252	-0.0894811	-2.1648543	0.2888063	-0.0987678	-2.2129074	0.3199639	-0.0975245	-1.7428444	0.4274355	-0.3253706	-1.6971779	0.3118648	-0.3264129	-1.7658702	0.3109167	-0.3329172	-1.9617198	0.9473102	-0.1102280	-1.9483279	0.9448105	-0.2910967	-1.9049577	1.1374447	0.0720976	-2.0055038	1.1857182	-0.4207812	-1.9372742	1.1254257	-0.0084528	-2.0236809	1.1725276	-0.3422282	-1.8229852	0.8990644	0.0329606	-2.0050961	0.9260492	-0.4308203	-1.8966254	0.8815771	0.0477746	-2.0853516	0.9344715	-0.4216844
170	2.8166667	-1.8885700	1.4134079	-0.1784700	-1.8702600	1.4008979	-0.0261000	-1.9166500	1.1207579	0.0242900	-1.8404100	0.8615279	0.0350300	-1.8910200	1.4263079	-0.3315000	-1.9990000	1.1765679	-0.3848300	-2.0685600	0.9232379	-0.4268000	-1.9081600	0.9407079	-0.1988200	-1.9100300	0.9332779	-0.0999500	-2.0870500	0.5031879	-0.1364100	-2.2821100	0.1103879	-0.1874300	-1.8994900	0.9488579	-0.2976000	-1.7387500	0.5668879	-0.2597800	-1.6696400	0.1698179	-0.2531100	-1.5041300	0.1501879	-0.2669500	-1.5138500	0.1501979	-0.2653500	-1.7219600	0.1234979	-0.2540900	-2.1869700	0.0332579	-0.1594400	-2.1993700	0.0381379	-0.1621500	-2.3339600	0.0797279	-0.2004600	-1.9690366	1.4787176	-0.1780127	-1.8985060	1.4546156	-0.0421903	-1.8836630	1.4712065	-0.3149878	-1.8610539	1.0132431	-0.0496869	-1.8378147	1.0112038	-0.3378261	-2.0214429	1.0487766	-0.1499418	-2.0106494	1.0457876	-0.2618460	-2.0692582	0.5177942	-0.0690297	-1.7409669	0.5535041	-0.3291391	-2.0502428	0.5247046	-0.1861295	-1.7462580	0.5589323	-0.2026596	-2.2705652	0.1557525	-0.1410680	-1.6970438	0.1453491	-0.2983093	-2.2445798	0.1560812	-0.2114773	-1.6854177	0.1567686	-0.2124607	-2.3270136	0.1513927	-0.1897683	-1.7585420	0.0980412	-0.2540831	-2.1717736	0.0707552	-0.1797105	-1.5541611	0.1409389	-0.2396850	-2.2122802	0.0778772	-0.1349874	-1.5897583	0.1230398	-0.2973884	-1.9092642	0.7596172	-0.0320942	-1.9771253	0.6643167	-0.0250802	-2.0238377	0.7997055	-0.0135773	-1.7695865	0.8412007	-0.3560818	-1.7589501	0.7273721	-0.3678718	-1.8861217	0.7963637	-0.3972550	-2.1282692	0.4087528	-0.0903667	-2.1653880	0.2903042	-0.0988230	-2.2129108	0.3230444	-0.0976719	-1.7269000	0.4281196	-0.3248230	-1.6814416	0.3121984	-0.3259352	-1.7504004	0.3114743	-0.3324655	-1.9491021	0.9460449	-0.1125036	-1.9354573	0.9444045	-0.2903959	-1.8928145	1.1362934	0.0715980	-1.9951754	1.1853087	-0.4209679	-1.9245845	1.1241324	-0.0091871	-2.0127915	1.1717768	-0.3432802	-1.8099067	0.8984253	0.0330403	-1.9995188	0.9252012	-0.4319405	-1.8830891	0.8808555	0.0477400	-2.0797796	0.9347589	-0.4221837
171	2.8333333	-1.8757500	1.4119979	-0.1802500	-1.8581800	1.3989979	-0.0280700	-1.9010500	1.1206179	0.0224700	-1.8264900	0.8603979	0.0351700	-1.8774900	1.4253679	-0.3330300	-1.9844300	1.1762479	-0.3865100	-2.0562900	0.9231979	-0.4290700	-1.8950100	0.9398279	-0.1994900	-1.8987100	0.9324279	-0.1006300	-2.0786200	0.5019279	-0.1367400	-2.2838900	0.1135079	-0.1862800	-1.8845200	0.9479479	-0.2982100	-1.7246000	0.5661179	-0.2601000	-1.6562600	0.1680879	-0.2525300	-1.4916800	0.1490779	-0.2668300	-1.5015900	0.1487279	-0.2652900	-1.7035900	0.1205979	-0.2528200	-2.1821900	0.0364779	-0.1596500	-2.1973100	0.0410379	-0.1627900	-2.3390100	0.0844579	-0.1992000	-1.9558407	1.4775282	-0.1796753	-1.8853298	1.4541142	-0.0442766	-1.8712898	1.4691430	-0.3165213	-1.8483536	1.0113427	-0.0530521	-1.8249059	1.0109612	-0.3351591	-2.0085904	1.0453635	-0.1515271	-1.9977890	1.0432395	-0.2609541	-2.0623187	0.5177435	-0.0709006	-1.7245090	0.5543741	-0.3278732	-2.0434085	0.5239614	-0.1880868	-1.7301019	0.5597567	-0.2013186	-2.2733600	0.1590273	-0.1400229	-1.6829547	0.1446085	-0.2977713	-2.2471184	0.1582624	-0.2111366	-1.6710331	0.1557161	-0.2113158	-2.3292633	0.1566565	-0.1888943	-1.7438161	0.0980637	-0.2532795	-2.1770602	0.0696782	-0.1795131	-1.5410806	0.1384421	-0.2392237	-2.2169881	0.0783920	-0.1341682	-1.5764399	0.1211194	-0.2970225	-1.8987807	0.7574290	-0.0340313	-1.9679449	0.6631056	-0.0269596	-2.0127371	0.7991599	-0.0157405	-1.7555597	0.8421044	-0.3546291	-1.7438235	0.7283576	-0.3663561	-1.8711024	0.7961766	-0.3961595	-2.1242070	0.4095592	-0.0909790	-2.1644011	0.2914162	-0.0985276	-2.2115567	0.3258810	-0.0974651	-1.7109769	0.4284015	-0.3242551	-1.6661462	0.3119280	-0.3254661	-1.7353732	0.3116819	-0.3321411	-1.9359524	0.9442829	-0.1147517	-1.9221651	0.9436321	-0.2895176	-1.8801813	1.1348697	0.0709632	-1.9836646	1.1844585	-0.4214413	-1.9114916	1.1225731	-0.0099518	-2.0007193	1.1705584	-0.3446184	-1.7967985	0.8972364	0.0328189	-1.9918964	0.9239120	-0.4332712	-1.8694160	0.8798011	0.0476886	-2.0720685	0.9344322	-0.4232551
172	2.8500000	-1.8618400	1.4110679	-0.1820900	-1.8452400	1.3973779	-0.0301500	-1.8853300	1.1204579	0.0209200	-1.8115800	0.8605779	0.0349400	-1.8626700	1.4250779	-0.3345800	-1.9693500	1.1760379	-0.3882700	-2.0435600	0.9231379	-0.4309200	-1.8821400	0.9379079	-0.2001500	-1.8881700	0.9305579	-0.1011400	-2.0707200	0.5010379	-0.1371300	-2.2821600	0.1143379	-0.1850100	-1.8692900	0.9459879	-0.2989600	-1.7106900	0.5633679	-0.2606100	-1.6450300	0.1635979	-0.2522800	-1.4798600	0.1464279	-0.2677700	-1.4901400	0.1461079	-0.2662200	-1.6912300	0.1205079	-0.2515300	-2.1787900	0.0382079	-0.1602800	-2.1955800	0.0427079	-0.1636800	-2.3381700	0.0882179	-0.1976400	-1.9423104	1.4756678	-0.1813710	-1.8719499	1.4529196	-0.0465869	-1.8587656	1.4663258	-0.3178018	-1.8358336	1.0082437	-0.0563509	-1.8122998	1.0096179	-0.3323535	-1.9959865	1.0406041	-0.1529828	-1.9852595	1.0394020	-0.2599465	-2.0544849	0.5165430	-0.0728398	-1.7085506	0.5542077	-0.3264846	-2.0357091	0.5220098	-0.1899698	-1.7145722	0.5594373	-0.2000543	-2.2748542	0.1612135	-0.1388864	-1.6705718	0.1426989	-0.2977298	-2.2483245	0.1593489	-0.2108984	-1.6584267	0.1533537	-0.2105649	-2.3302107	0.1607622	-0.1880624	-1.7310158	0.0970130	-0.2530253	-2.1808676	0.0676716	-0.1791277	-1.5296566	0.1343664	-0.2390594	-2.2202310	0.0779643	-0.1330816	-1.5647868	0.1177864	-0.2970514	-1.8881590	0.7543562	-0.0360232	-1.9583150	0.6609021	-0.0289164	-2.0015020	0.7974884	-0.0180030	-1.7418997	0.8419280	-0.3529352	-1.7290765	0.7282882	-0.3646599	-1.8563088	0.7950574	-0.3949273	-2.1191241	0.4091703	-0.0914450	-2.1622446	0.2913366	-0.0980560	-2.2091277	0.3276063	-0.0971146	-1.6958020	0.4275968	-0.3238593	-1.6519567	0.3104283	-0.3252419	-1.7215252	0.3109055	-0.3321907	-1.9230523	0.9414050	-0.1169821	-1.9091881	0.9418307	-0.2886307	-1.8676172	1.1327382	0.0701063	-1.9715947	1.1826502	-0.4222911	-1.8985702	1.1202934	-0.0109191	-1.9880592	1.1683827	-0.3462863	-1.7840001	0.8951474	0.0321418	-1.9829519	0.9217588	-0.4347650	-1.8558806	0.8779790	0.0474960	-2.0629367	0.9330671	-0.4249521
173	2.8666667	-1.8466400	1.4104179	-0.1842000	-1.8309000	1.3964579	-0.0326000	-1.8702300	1.1201879	0.0195000	-1.7960100	0.8601279	0.0343900	-1.8466500	1.4248679	-0.3363200	-1.9546500	1.1758079	-0.3900600	-2.0308900	0.9228579	-0.4324700	-1.8690900	0.9366479	-0.2009800	-1.8772200	0.9295779	-0.1017400	-2.0637800	0.4997479	-0.1378400	-2.2773500	0.1166779	-0.1843500	-1.8540900	0.9445079	-0.2999400	-1.6974500	0.5599179	-0.2612300	-1.6370300	0.1589379	-0.2519200	-1.4721900	0.1418079	-0.2692600	-1.4826700	0.1416679	-0.2676300	-1.6828200	0.1167679	-0.2504000	-2.1773300	0.0379179	-0.1613100	-2.1936300	0.0422779	-0.1645900	-2.3328500	0.0900979	-0.1968800	-1.9280608	1.4747744	-0.1833011	-1.8579476	1.4526630	-0.0492509	-1.8456312	1.4644522	-0.3191023	-1.8230832	1.0056904	-0.0597590	-1.7994446	1.0088583	-0.3296044	-1.9832279	1.0361797	-0.1545609	-1.9725874	1.0359188	-0.2590791	-2.0453508	0.5158213	-0.0750148	-1.6929042	0.5544757	-0.3251305	-2.0266695	0.5204558	-0.1919310	-1.6995237	0.5594250	-0.1989964	-2.2742557	0.1636749	-0.1379545	-1.6599748	0.1410415	-0.2983915	-2.2473393	0.1606966	-0.2110196	-1.6476746	0.1510886	-0.2103668	-2.3288679	0.1651249	-0.1875469	-1.7202371	0.0963529	-0.2535052	-2.1825719	0.0659572	-0.1788576	-1.5199099	0.1299971	-0.2393459	-2.2213531	0.0778540	-0.1320770	-1.5548437	0.1143633	-0.2976489	-1.8770040	0.7521374	-0.0382091	-1.9478488	0.6594087	-0.0311133	-1.9897680	0.7963945	-0.0205651	-1.7281523	0.8421660	-0.3512043	-1.7143629	0.7286621	-0.3629743	-1.8413618	0.7946288	-0.3937827	-2.1125270	0.4091456	-0.0919771	-2.1583065	0.2915756	-0.0976313	-2.2050297	0.3296687	-0.0968993	-1.6812870	0.4271616	-0.3238152	-1.6388193	0.3091133	-0.3254659	-1.7088541	0.3106099	-0.3328176	-1.9100012	0.9391240	-0.1193836	-1.8960273	0.9406701	-0.2879321	-1.8546010	1.1315518	0.0689573	-1.9585473	1.1815279	-0.4236082	-1.8852857	1.1189297	-0.0122652	-1.9744121	1.1668867	-0.3483056	-1.7709296	0.8937959	0.0310085	-1.9724447	0.9203862	-0.4365141	-1.8420044	0.8769560	0.0470557	-2.0521894	0.9323098	-0.4272498
174	2.8833333	-1.8296000	1.4104379	-0.1866200	-1.8146700	1.3965779	-0.0354600	-1.8561100	1.1198679	0.0181000	-1.7802200	0.8603279	0.0336900	-1.8288800	1.4249779	-0.3382500	-1.9402200	1.1761879	-0.3919400	-2.0179100	0.9225079	-0.4342600	-1.8544000	0.9369479	-0.2021500	-1.8639400	0.9304179	-0.1027200	-2.0551000	0.4984479	-0.1384500	-2.2719600	0.1202279	-0.1840900	-1.8379900	0.9437179	-0.3012700	-1.6853000	0.5568379	-0.2619100	-1.6312300	0.1534479	-0.2514700	-1.4706500	0.1358979	-0.2700000	-1.4810200	0.1359279	-0.2683100	-1.6767600	0.1132679	-0.2492400	-2.1728100	0.0371079	-0.1616400	-2.1876000	0.0422879	-0.1645300	-2.3279200	0.0943979	-0.1967200	-1.9119264	1.4755236	-0.1855392	-1.8421264	1.4540461	-0.0523311	-1.8307061	1.4642984	-0.3205283	-1.8087241	1.0046197	-0.0634162	-1.7847919	1.0096269	-0.3271131	-1.9688783	1.0330112	-0.1564819	-1.9582466	1.0337150	-0.2585924	-2.0335589	0.5164299	-0.0775408	-1.6766096	0.5557816	-0.3239146	-2.0149639	0.5201632	-0.1941834	-1.6840826	0.5603869	-0.1982838	-2.2703122	0.1673026	-0.1372750	-1.6506183	0.1403159	-0.2996297	-2.2429012	0.1631821	-0.2116153	-1.6383002	0.1496178	-0.2106711	-2.3240171	0.1707294	-0.1873879	-1.7109422	0.0968982	-0.2546424	-2.1808295	0.0652227	-0.1788346	-1.5114403	0.1258339	-0.2399262	-2.2190509	0.0788003	-0.1312394	-1.5461671	0.1113805	-0.2986187	-1.8638070	0.7516425	-0.0407172	-1.9350900	0.6594891	-0.0336674	-1.9761164	0.7967524	-0.0234939	-1.7129564	0.8434377	-0.3495532	-1.6984701	0.7300835	-0.3614062	-1.8248938	0.7956502	-0.3928622	-2.1030929	0.4103501	-0.0926561	-2.1512521	0.2930020	-0.0973223	-2.1979971	0.3329440	-0.0968611	-1.6666288	0.4277067	-0.3241086	-1.6260573	0.3085813	-0.3260528	-1.6965881	0.3114550	-0.3339645	-1.8953887	0.9383375	-0.1221174	-1.8811702	0.9410462	-0.2876234	-1.8400650	1.1320341	0.0674602	-1.9434495	1.1818686	-0.4253749	-1.8704822	1.1192198	-0.0141123	-1.9586910	1.1668579	-0.3506103	-1.7565187	0.8939566	0.0295410	-1.9595025	0.9205854	-0.4386026	-1.8268275	0.8774471	0.0462989	-2.0390205	0.9329515	-0.4300152
175	2.9000000	-1.8111100	1.4109479	-0.1892200	-1.7970000	1.3978079	-0.0385500	-1.8435600	1.1196779	0.0167600	-1.7651300	0.8614879	0.0329800	-1.8096100	1.4250179	-0.3403300	-1.9255300	1.1769379	-0.3938300	-2.0045600	0.9212979	-0.4364600	-1.8376200	0.9373879	-0.2037900	-1.8478300	0.9313279	-0.1043100	-2.0421800	0.4997079	-0.1386800	-2.2676900	0.1261479	-0.1837000	-1.8205100	0.9444379	-0.3029500	-1.6734500	0.5558779	-0.2625300	-1.6258600	0.1494979	-0.2507800	-1.4728100	0.1282479	-0.2695000	-1.4829800	0.1286679	-0.2678000	-1.6693100	0.1101679	-0.2478100	-2.1630100	0.0373079	-0.1604200	-2.1758800	0.0432479	-0.1628000	-2.3247500	0.1019679	-0.1967400	-1.8937257	1.4763718	-0.1881172	-1.8242852	1.4555193	-0.0558721	-1.8138255	1.4643837	-0.3221294	-1.7923550	1.0036617	-0.0673584	-1.7678600	1.0105811	-0.3250960	-1.9524412	1.0298742	-0.1589154	-1.9416970	1.0315856	-0.2587293	-2.0186878	0.5169953	-0.0803913	-1.6594423	0.5566195	-0.3229836	-2.0002279	0.5197932	-0.1967869	-1.6680345	0.5609137	-0.1981113	-2.2630842	0.1709755	-0.1367331	-1.6421636	0.1391768	-0.3011909	-2.2350701	0.1656857	-0.2126350	-1.6300153	0.1476547	-0.2113878	-2.3159254	0.1764851	-0.1874724	-1.7027479	0.0973618	-0.2562219	-2.1753900	0.0642936	-0.1789987	-1.5041100	0.1205607	-0.2406814	-2.2131657	0.0796428	-0.1304358	-1.5385657	0.1074954	-0.2997365	-1.8480263	0.7514457	-0.0436316	-1.9195356	0.6597320	-0.0366068	-1.9600706	0.7971377	-0.0267737	-1.6959277	0.8442550	-0.3481267	-1.6810736	0.7310277	-0.3600920	-1.8064864	0.7966199	-0.3922864	-2.0905356	0.4114831	-0.0934086	-2.1409107	0.2943689	-0.0970461	-2.1878989	0.3362202	-0.0968800	-1.6516025	0.4277677	-0.3246920	-1.6134579	0.3074191	-0.3268490	-1.6843755	0.3120064	-0.3354669	-1.8787697	0.9376383	-0.1252786	-1.8641393	0.9415789	-0.2879035	-1.8242135	1.1327845	0.0655918	-1.9263420	1.1822461	-0.4275478	-1.8542312	1.1197665	-0.0164890	-1.9409417	1.1668772	-0.3531594	-1.7409861	0.8942668	0.0278869	-1.9443460	0.9209359	-0.4410143	-1.8105906	0.8780693	0.0452479	-2.0236998	0.9335969	-0.4331360
176	2.9166667	-1.7925900	1.4119479	-0.1919000	-1.7792400	1.3996779	-0.0415000	-1.8320800	1.1199379	0.0153700	-1.7511900	0.8627779	0.0322500	-1.7904200	1.4250079	-0.3427200	-1.9102400	1.1773279	-0.3958400	-1.9908800	0.9198179	-0.4388500	-1.8196200	0.9389979	-0.2059500	-1.8302200	0.9330379	-0.1066000	-2.0241600	0.5012979	-0.1387200	-2.2614700	0.1332479	-0.1833300	-1.8021500	0.9455779	-0.3049700	-1.6601000	0.5550079	-0.2631500	-1.6191700	0.1461179	-0.2499700	-1.4741200	0.1207379	-0.2686500	-1.4839900	0.1211479	-0.2669800	-1.6582800	0.1064379	-0.2460000	-2.1521000	0.0391579	-0.1581800	-2.1625600	0.0467179	-0.1600100	-2.3185200	0.1111579	-0.1971900	-1.8744998	1.4781915	-0.1909427	-1.8054462	1.4578719	-0.0597946	-1.7959799	1.4656282	-0.3238783	-1.7748128	1.0038893	-0.0715596	-1.7496340	1.0126927	-0.3236989	-1.9347325	1.0280086	-0.1619179	-1.9238160	1.0307204	-0.2596097	-2.0014141	0.5184726	-0.0834262	-1.6422910	0.5579118	-0.3225259	-1.9830760	0.5203188	-0.1996091	-1.6521006	0.5619663	-0.1985507	-2.2535529	0.1758446	-0.1363700	-1.6345425	0.1386542	-0.3028845	-2.2247785	0.1693498	-0.2139948	-1.6226469	0.1463148	-0.2124345	-2.3055337	0.1835166	-0.1878104	-1.6954190	0.0986810	-0.2579806	-2.1673375	0.0643990	-0.1792826	-1.4978522	0.1155031	-0.2417086	-2.2047796	0.0816020	-0.1296637	-1.5320025	0.1039458	-0.3009930	-1.8304569	0.7526155	-0.0469047	-1.9019534	0.6611619	-0.0398424	-1.9424394	0.7985808	-0.0303762	-1.6779467	0.8456497	-0.3471942	-1.6630890	0.7324601	-0.3592710	-1.7871827	0.7984843	-0.3922464	-2.0756477	0.4135642	-0.0942162	-2.1282139	0.2967627	-0.0968001	-2.1755474	0.3405717	-0.0970097	-1.6368576	0.4283154	-0.3255787	-1.6014086	0.3066945	-0.3278345	-1.6726097	0.3131735	-0.3371732	-1.8609540	0.9381202	-0.1288864	-1.8458535	0.9433110	-0.2888660	-1.8083333	1.1346760	0.0634296	-1.9082966	1.1835486	-0.4300527	-1.8377578	1.1214563	-0.0193086	-1.9222964	1.1678157	-0.3558672	-1.7256149	0.8955662	0.0262337	-1.9281171	0.9221997	-0.4437380	-1.7947111	0.8796772	0.0439755	-2.0073932	0.9350670	-0.4364720
177	2.9333333	-1.7748900	1.4137279	-0.1946600	-1.7620800	1.4020079	-0.0441500	-1.8192800	1.1205579	0.0138400	-1.7374300	0.8655979	0.0313700	-1.7722500	1.4256379	-0.3455600	-1.8937500	1.1775879	-0.3981900	-1.9766300	0.9183079	-0.4413500	-1.8013400	0.9405479	-0.2083200	-1.8123700	0.9343479	-0.1091600	-2.0027800	0.5030279	-0.1386900	-2.2520400	0.1404179	-0.1836700	-1.7834700	0.9471879	-0.3071300	-1.6455300	0.5546279	-0.2639600	-1.6121700	0.1437979	-0.2494900	-1.4710000	0.1146379	-0.2684900	-1.4807200	0.1150879	-0.2668600	-1.6474500	0.1064479	-0.2442400	-2.1438800	0.0415879	-0.1558000	-2.1518700	0.0503479	-0.1572800	-2.3070300	0.1229179	-0.1983700	-1.8551945	1.4798305	-0.1937334	-1.7865704	1.4598980	-0.0637525	-1.7780210	1.4669032	-0.3255505	-1.7569893	1.0041208	-0.0757249	-1.7311414	1.0146645	-0.3227065	-1.9166329	1.0263419	-0.1651947	-1.9055429	1.0299970	-0.2609654	-1.9824001	0.5196375	-0.0862707	-1.6258097	0.5586167	-0.3223434	-1.9640773	0.5205303	-0.2022046	-1.6367712	0.5625215	-0.1992592	-2.2426456	0.1810315	-0.1360574	-1.6276357	0.1378544	-0.3043855	-2.2129823	0.1732704	-0.2153480	-1.6159134	0.1447834	-0.2134788	-2.2935176	0.1910156	-0.1881736	-1.6887338	0.0997615	-0.2594716	-2.1582728	0.0646332	-0.1794922	-1.4922800	0.1102588	-0.2429018	-2.1953417	0.0838086	-0.1288491	-1.5261852	0.1001920	-0.3022623	-1.8120222	0.7540235	-0.0501771	-1.8831844	0.6626162	-0.0430142	-1.9240638	0.7998712	-0.0340296	-1.6598392	0.8465481	-0.3466600	-1.6453066	0.7333166	-0.3588125	-1.7679989	0.8000469	-0.3925634	-2.0591759	0.4154806	-0.0948850	-2.1141016	0.2991716	-0.0964242	-2.1616487	0.3449863	-0.0971509	-1.6228623	0.4283785	-0.3265176	-1.5901292	0.3055545	-0.3288166	-1.6615885	0.3139195	-0.3387339	-1.8428300	0.9386152	-0.1326082	-1.8272869	0.9450014	-0.2902127	-1.7932102	1.1365174	0.0612344	-1.8902617	1.1845798	-0.4326282	-1.8218791	1.1230899	-0.0221866	-1.9036890	1.1684708	-0.3585367	-1.7110765	0.8967571	0.0247613	-1.9117043	0.9231089	-0.4464940	-1.7797962	0.8812007	0.0427164	-1.9909720	0.9361368	-0.4397770
178	2.9500000	-1.7576400	1.4154979	-0.1974300	-1.7453700	1.4049079	-0.0465700	-1.8034400	1.1213179	0.0122800	-1.7234600	0.8686579	0.0302400	-1.7543700	1.4263779	-0.3486700	-1.8757100	1.1759079	-0.4007900	-1.9607000	0.9186479	-0.4439200	-1.7824700	0.9403379	-0.2103400	-1.7935800	0.9343479	-0.1111900	-1.9804500	0.5036079	-0.1385600	-2.2434500	0.1441379	-0.1853000	-1.7645200	0.9471979	-0.3091200	-1.6313200	0.5533179	-0.2654200	-1.6069300	0.1420579	-0.2498700	-1.4650800	0.1083379	-0.2691500	-1.4747900	0.1092379	-0.2675700	-1.6407100	0.1042679	-0.2438300	-2.1406800	0.0427179	-0.1544500	-2.1476200	0.0520779	-0.1560200	-2.2953900	0.1303779	-0.2004200	-1.8357588	1.4798222	-0.1961433	-1.7675289	1.4602423	-0.0671963	-1.7597654	1.4667140	-0.3269772	-1.7386276	1.0026376	-0.0792384	-1.7120389	1.0149183	-0.3216459	-1.8979121	1.0231243	-0.1681637	-1.8866170	1.0277135	-0.2622642	-1.9618638	0.5188183	-0.0884804	-1.6095429	0.5572498	-0.3219318	-1.9433548	0.5187445	-0.2041384	-1.6215840	0.5610890	-0.1995935	-2.2307289	0.1849970	-0.1355802	-1.6209426	0.1351783	-0.3054131	-2.2001140	0.1758839	-0.2163825	-1.6092316	0.1414789	-0.2141676	-2.2800542	0.1974332	-0.1883292	-1.6822218	0.0987193	-0.2603698	-2.1490933	0.0635582	-0.1794096	-1.4865498	0.1037216	-0.2440173	-2.1856180	0.0848280	-0.1278547	-1.5203660	0.0949729	-0.3033530	-1.7926989	0.7538541	-0.0528231	-1.8633129	0.6623469	-0.0455580	-1.9048777	0.7993259	-0.0371929	-1.6411729	0.8453984	-0.3461056	-1.6272840	0.7320864	-0.3582745	-1.7486164	0.7997148	-0.3928177	-2.0413710	0.4156456	-0.0951289	-2.0989355	0.3000431	-0.0956920	-2.1464298	0.3478795	-0.0970710	-1.6091876	0.4264702	-0.3270681	-1.5791314	0.3025076	-0.3294880	-1.6508842	0.3126751	-0.3397609	-1.8241261	0.9373753	-0.1358352	-1.8081059	0.9449661	-0.2914286	-1.7781235	1.1368399	0.0593629	-1.8718977	1.1838584	-0.4349374	-1.8059699	1.1231828	-0.0246569	-1.8847056	1.1673516	-0.3609310	-1.6967049	0.8964909	0.0236380	-1.8946348	0.9222820	-0.4489702	-1.7650045	0.8813324	0.0418209	-1.9739151	0.9354093	-0.4428479
179	2.9666667	-1.7407300	1.4174679	-0.2000800	-1.7287100	1.4078579	-0.0487400	-1.7858300	1.1238879	0.0108200	-1.7105900	0.8722979	0.0287900	-1.7370700	1.4273679	-0.3517900	-1.8561200	1.1748979	-0.4033200	-1.9421100	0.9193479	-0.4464600	-1.7623300	0.9402679	-0.2119100	-1.7725600	0.9342979	-0.1125600	-1.9564500	0.5041879	-0.1385900	-2.2390200	0.1426379	-0.1879800	-1.7452300	0.9470279	-0.3109300	-1.6183400	0.5521079	-0.2677100	-1.6043300	0.1412579	-0.2509900	-1.4609300	0.1011979	-0.2704400	-1.4705000	0.1027479	-0.2688800	-1.6417200	0.1030179	-0.2452000	-2.1442600	0.0407979	-0.1554500	-2.1504400	0.0492579	-0.1571300	-2.2897200	0.1279979	-0.2028600	-1.8161166	1.4801321	-0.1981665	-1.7480879	1.4610823	-0.0699035	-1.7410301	1.4669846	-0.3283383	-1.7191853	1.0012628	-0.0818026	-1.6915897	1.0156148	-0.3204568	-1.8780890	1.0201519	-0.1706096	-1.8664610	1.0257958	-0.2633764	-1.9402886	0.5178630	-0.0901388	-1.5928531	0.5557864	-0.3211770	-1.9213829	0.5168262	-0.2055928	-1.6060745	0.5596507	-0.1993938	-2.2183171	0.1893232	-0.1350903	-1.6146219	0.1323970	-0.3061832	-2.1867916	0.1787914	-0.2172752	-1.6028467	0.1381249	-0.2146621	-2.2657099	0.2043403	-0.1884215	-1.6762116	0.0971976	-0.2610016	-2.1403975	0.0628040	-0.1793388	-1.4807378	0.0977675	-0.2450895	-2.1761625	0.0862583	-0.1269612	-1.5146239	0.0901007	-0.3043820	-1.7722531	0.7536540	-0.0546896	-1.8423829	0.6620127	-0.0473947	-1.8846775	0.7987961	-0.0397105	-1.6212220	0.8441573	-0.3454501	-1.6082981	0.7307508	-0.3575726	-1.7282567	0.7994815	-0.3929937	-2.0226996	0.4158852	-0.0951090	-2.0831777	0.3011157	-0.0948216	-2.1303659	0.3509451	-0.0968727	-1.5954412	0.4245109	-0.3272099	-1.5682262	0.2993637	-0.3299156	-1.6402778	0.3113594	-0.3403888	-1.8042431	0.9361836	-0.1383967	-1.7875895	0.9451710	-0.2924868	-1.7623382	1.1376962	0.0577642	-1.8524218	1.1832646	-0.4370118	-1.7893418	1.1237780	-0.0267746	-1.8645883	1.1663755	-0.3630340	-1.6819418	0.8966898	0.0228021	-1.8759731	0.9216508	-0.4512459	-1.7498646	0.8820469	0.0412451	-1.9552395	0.9347937	-0.4457956
180	2.9833333	-1.7254000	1.4197579	-0.2025600	-1.7120700	1.4107679	-0.0506500	-1.7696000	1.1273279	0.0094500	-1.6997100	0.8757779	0.0270200	-1.7229200	1.4291179	-0.3549100	-1.8359000	1.1749779	-0.4056400	-1.9213800	0.9204979	-0.4488700	-1.7416400	0.9413579	-0.2133800	-1.7499400	0.9357879	-0.1137100	-1.9267400	0.5084679	-0.1391900	-2.2353700	0.1423379	-0.1903700	-1.7264500	0.9476879	-0.3127700	-1.6064900	0.5510779	-0.2705900	-1.6022300	0.1389179	-0.2522200	-1.4593300	0.0936379	-0.2722700	-1.4684900	0.0955179	-0.2706800	-1.6456900	0.1004879	-0.2472600	-2.1487300	0.0358879	-0.1578800	-2.1515800	0.0453179	-0.1588400	-2.2870000	0.1253379	-0.2043600	-1.7972909	1.4816606	-0.2001068	-1.7291613	1.4633586	-0.0722791	-1.7229538	1.4686324	-0.3299384	-1.6993181	1.0010047	-0.0838359	-1.6706825	1.0177381	-0.3193347	-1.8578372	1.0183465	-0.1727431	-1.8458034	1.0251496	-0.2644234	-1.9179312	0.5177429	-0.0916081	-1.5766361	0.5552412	-0.3205446	-1.8985301	0.5158328	-0.2069431	-1.5911648	0.5592107	-0.1992615	-2.2059334	0.1947639	-0.1348674	-1.6097083	0.1303643	-0.3071828	-2.1735242	0.1827714	-0.2183541	-1.5978253	0.1355470	-0.2154477	-2.2511096	0.2126447	-0.1887239	-1.6717283	0.0961538	-0.2618735	-2.1326171	0.0628040	-0.1796423	-1.4760591	0.0930166	-0.2465022	-2.1674322	0.0885644	-0.1264629	-1.5101006	0.0862417	-0.3057377	-1.7511301	0.7544460	-0.0562251	-1.8207445	0.6625795	-0.0489347	-1.8639440	0.7992041	-0.0419203	-1.6009508	0.8437622	-0.3449632	-1.5892837	0.7302844	-0.3570270	-1.7076891	0.8003713	-0.3933291	-2.0034972	0.4170825	-0.0950991	-2.0671881	0.3031805	-0.0940870	-2.1138930	0.3550632	-0.0967945	-1.5825482	0.4234455	-0.3274762	-1.5583908	0.2969901	-0.3305770	-1.6307133	0.3109324	-0.3411585	-1.7838218	0.9360496	-0.1406917	-1.7665170	0.9466202	-0.2936362	-1.7467561	1.1400308	0.0561145	-1.8325508	1.1836949	-0.4391404	-1.7729527	1.1258528	-0.0289027	-1.8440807	1.1664773	-0.3650853	-1.6678185	0.8981777	0.0219229	-1.8561598	0.9220939	-0.4537364	-1.7355486	0.8841850	0.0405412	-1.9353579	0.9351017	-0.4488712
181	3.0000000	-1.7119700	1.4226479	-0.2050200	-1.6961500	1.4140179	-0.0526200	-1.7565400	1.1307579	0.0080100	-1.6899700	0.8780079	0.0250700	-1.7119300	1.4316079	-0.3579700	-1.8153500	1.1767679	-0.4079100	-1.9000200	0.9219979	-0.4511100	-1.7220000	0.9427579	-0.2148700	-1.7278200	0.9380679	-0.1148700	-1.8887700	0.5178879	-0.1399200	-2.2230100	0.1456079	-0.1910400	-1.7092500	0.9484079	-0.3146700	-1.5962700	0.5501979	-0.2735000	-1.6000000	0.1367279	-0.2530500	-1.4581200	0.0874279	-0.2744900	-1.4669500	0.0896379	-0.2728700	-1.6463100	0.0972179	-0.2481800	-2.1456000	0.0344679	-0.1598000	-2.1395700	0.0464079	-0.1585400	-2.2740800	0.1298979	-0.2034700	-1.7803506	1.4835330	-0.2020469	-1.7118518	1.4659752	-0.0747082	-1.7067900	1.4707701	-0.3316540	-1.6803331	1.0011343	-0.0857612	-1.6512766	1.0200947	-0.3183422	-1.8385344	1.0167604	-0.1745755	-1.8262721	1.0246488	-0.2652828	-1.8937780	0.5175407	-0.0927002	-1.5625656	0.5548449	-0.3205447	-1.8739480	0.5149593	-0.2079149	-1.5782323	0.5589756	-0.1998337	-2.1924807	0.2004111	-0.1347189	-1.6071333	0.1284278	-0.3085919	-2.1591430	0.1869308	-0.2193533	-1.5949838	0.1331199	-0.2167190	-2.2351419	0.2213421	-0.1890737	-1.6694445	0.0951420	-0.2630264	-2.1245787	0.0627897	-0.1798812	-1.4737236	0.0886285	-0.2485344	-2.1582946	0.0908968	-0.1260078	-1.5079380	0.0826296	-0.3075939	-1.7297710	0.7558584	-0.0576505	-1.7982515	0.6634352	-0.0502352	-1.8431492	0.7995699	-0.0438952	-1.5823145	0.8432688	-0.3448266	-1.5721312	0.7298116	-0.3569348	-1.6888179	0.8014898	-0.3938726	-1.9827726	0.4182686	-0.0948627	-2.0499376	0.3052928	-0.0932330	-2.0959841	0.3593187	-0.0966884	-1.5719415	0.4225258	-0.3283409	-1.5508918	0.2947196	-0.3318154	-1.6234655	0.3106576	-0.3423754	-1.7642432	0.9362377	-0.1429074	-1.7466615	0.9483212	-0.2948129	-1.7329216	1.1429093	0.0543227	-1.8137085	1.1843339	-0.4414137	-1.7584021	1.1285069	-0.0311417	-1.8246573	1.1668502	-0.3671842	-1.6558318	0.8999829	0.0208243	-1.8364230	0.9227263	-0.4565179	-1.7235657	0.8867575	0.0395041	-1.9154804	0.9354012	-0.4521147
182	3.0166667	-1.6987000	1.4263079	-0.2075200	-1.6814200	1.4175979	-0.0549800	-1.7457600	1.1339579	0.0062900	-1.6803100	0.8800379	0.0230900	-1.7001600	1.4350979	-0.3606500	-1.7937100	1.1784479	-0.4105000	-1.8786900	0.9219879	-0.4531900	-1.7045000	0.9443379	-0.2164600	-1.7081800	0.9402079	-0.1160100	-1.8428800	0.5300679	-0.1394000	-2.1969700	0.1552179	-0.1899200	-1.6938300	0.9492179	-0.3167700	-1.5880700	0.5510079	-0.2757900	-1.5986800	0.1342979	-0.2534000	-1.4548100	0.0818479	-0.2768300	-1.4636300	0.0843379	-0.2751800	-1.6440100	0.0952479	-0.2474400	-2.1325400	0.0372879	-0.1607300	-2.1161700	0.0542779	-0.1567100	-2.2423000	0.1396379	-0.2002600	-1.7653618	1.4857339	-0.2042507	-1.6964530	1.4686349	-0.0775914	-1.6925647	1.4733034	-0.3335068	-1.6631204	1.0017760	-0.0880577	-1.6346659	1.0222764	-0.3177192	-1.8211413	1.0152566	-0.1762644	-1.8090191	1.0239475	-0.2660211	-1.8658140	0.5170706	-0.0929446	-1.5516782	0.5545174	-0.3215985	-1.8456399	0.5140254	-0.2079584	-1.5679426	0.5587956	-0.2014842	-2.1756151	0.2062418	-0.1344797	-1.6069584	0.1265043	-0.3105868	-2.1412556	0.1911877	-0.2199824	-1.5941969	0.1308106	-0.2185733	-2.2152448	0.2301086	-0.1893862	-1.6691320	0.0942317	-0.2644162	-2.1141425	0.0632058	-0.1794902	-1.4737873	0.0844823	-0.2514988	-2.1465958	0.0936029	-0.1252819	-1.5082302	0.0792060	-0.3101764	-1.7080061	0.7584681	-0.0589574	-1.7740320	0.6648767	-0.0511071	-1.8221786	0.7996953	-0.0456053	-1.5665090	0.8424473	-0.3452817	-1.5580376	0.7291825	-0.3576382	-1.6730659	0.8026793	-0.3947745	-1.9584462	0.4192539	-0.0940533	-2.0293075	0.3073621	-0.0919710	-2.0744366	0.3635823	-0.0964114	-1.5643788	0.4216775	-0.3301703	-1.5462100	0.2925665	-0.3339488	-1.6191091	0.3103634	-0.3442613	-1.7464669	0.9367505	-0.1451583	-1.7292138	0.9499581	-0.2959561	-1.7214847	1.1460797	0.0522831	-1.7962179	1.1849480	-0.4440391	-1.7463333	1.1314819	-0.0336069	-1.8067840	1.1672598	-0.3694942	-1.6463874	0.9018231	0.0194177	-1.8172157	0.9232225	-0.4595266	-1.7143906	0.8894423	0.0380410	-1.8960502	0.9354186	-0.4556885
183	3.0333333	-1.6841300	1.4297479	-0.2099200	-1.6669200	1.4209879	-0.0575900	-1.7345100	1.1379879	0.0043200	-1.6707200	0.8820379	0.0211100	-1.6855600	1.4387279	-0.3628400	-1.7713400	1.1802079	-0.4135000	-1.8563800	0.9214279	-0.4551800	-1.6887900	0.9451179	-0.2183000	-1.6912300	0.9416579	-0.1172200	-1.7915900	0.5425779	-0.1369000	-2.1613000	0.1699079	-0.1885900	-1.6792600	0.9493779	-0.3192800	-1.5811700	0.5501079	-0.2774400	-1.5981900	0.1299479	-0.2532800	-1.4492300	0.0763379	-0.2780800	-1.4584200	0.0788879	-0.2764200	-1.6414500	0.0917379	-0.2462000	-2.1134600	0.0429879	-0.1605900	-2.0929900	0.0641979	-0.1553000	-2.1982800	0.1549779	-0.1970100	-1.7512037	1.4874469	-0.2070899	-1.6821695	1.4703901	-0.0811152	-1.6788383	1.4753549	-0.3357702	-1.6474969	1.0022273	-0.0910754	-1.6202376	1.0232996	-0.3178472	-1.8053988	1.0130492	-0.1782886	-1.7936698	1.0221504	-0.2671187	-1.8323039	0.5156256	-0.0920627	-1.5436244	0.5532726	-0.3237595	-1.8116610	0.5121802	-0.2067735	-1.5598650	0.5575915	-0.2041995	-2.1534962	0.2120443	-0.1343110	-1.6079044	0.1234275	-0.3131450	-2.1179677	0.1952006	-0.2203118	-1.5941370	0.1275234	-0.2208996	-2.1892276	0.2385951	-0.1899217	-1.6693883	0.0922268	-0.2659513	-2.0999498	0.0640075	-0.1783183	-1.4747233	0.0796405	-0.2553070	-2.1309393	0.0966956	-0.1243785	-1.5094944	0.0750063	-0.3134303	-1.6851451	0.7619383	-0.0600454	-1.7470351	0.6664806	-0.0514013	-1.8003505	0.7987607	-0.0471299	-1.5530334	0.8402611	-0.3464986	-1.5465873	0.7274040	-0.3592874	-1.6601147	0.8029772	-0.3962200	-1.9287364	0.4194254	-0.0925853	-2.0035977	0.3089290	-0.0903128	-2.0473956	0.3674215	-0.0960717	-1.5592736	0.4198670	-0.3329726	-1.5434526	0.2895389	-0.3369891	-1.6168275	0.3088382	-0.3467938	-1.7302819	0.9366980	-0.1476041	-1.7136916	0.9504431	-0.2972446	-1.7114703	1.1486402	0.0498559	-1.7790191	1.1847228	-0.4472801	-1.7358166	1.1338646	-0.0364142	-1.7895188	1.1668865	-0.3722882	-1.6385139	0.9027834	0.0175508	-1.7976774	0.9227451	-0.4627485	-1.7069785	0.8913465	0.0360965	-1.8761582	0.9343804	-0.4598513
184	3.0500000	-1.6687900	1.4327479	-0.2122200	-1.6521400	1.4238379	-0.0600800	-1.7211700	1.1414379	0.0023300	-1.6616300	0.8839979	0.0189900	-1.6696800	1.4418479	-0.3649200	-1.7508500	1.1806479	-0.4165500	-1.8310100	0.9204579	-0.4573100	-1.6732200	0.9447479	-0.2203000	-1.6750500	0.9420779	-0.1185200	-1.7393700	0.5511379	-0.1332700	-2.1246600	0.1868479	-0.1884200	-1.6642100	0.9485379	-0.3219900	-1.5758000	0.5480279	-0.2789500	-1.5970600	0.1266279	-0.2528100	-1.4447700	0.0735779	-0.2769500	-1.4544000	0.0758279	-0.2753500	-1.6390100	0.0893379	-0.2452800	-2.0925100	0.0519679	-0.1589900	-2.0766600	0.0737279	-0.1546600	-2.1550900	0.1743079	-0.1959600	-1.7362167	1.4883691	-0.2105306	-1.6675164	1.4710483	-0.0848804	-1.6635942	1.4765660	-0.3385006	-1.6322329	1.0022360	-0.0943998	-1.6057556	1.0230811	-0.3188829	-1.7899841	1.0101500	-0.1808845	-1.7785446	1.0193417	-0.2690141	-1.7931709	0.5135161	-0.0899090	-1.5368022	0.5508460	-0.3265327	-1.7716704	0.5095631	-0.2042678	-1.5526141	0.5551012	-0.2074968	-2.1258225	0.2185603	-0.1343409	-1.6079047	0.1190083	-0.3157083	-2.0889554	0.1996646	-0.2204464	-1.5929124	0.1231291	-0.2231981	-2.1568076	0.2474336	-0.1908922	-1.6682852	0.0887790	-0.2672776	-2.0815239	0.0661070	-0.1763962	-1.4743569	0.0742768	-0.2591809	-2.1109619	0.1011014	-0.1234048	-1.5095351	0.0700815	-0.3166621	-1.6605034	0.7660441	-0.0605330	-1.7168589	0.6682804	-0.0508445	-1.7769068	0.7967811	-0.0483265	-1.5400563	0.8365160	-0.3483389	-1.5360137	0.7242483	-0.3615990	-1.6480287	0.8020981	-0.3981033	-1.8934491	0.4192252	-0.0904538	-1.9726282	0.3105461	-0.0883367	-2.0145942	0.3713785	-0.0956977	-1.5549066	0.4168529	-0.3361625	-1.5407646	0.2854715	-0.3403239	-1.6146949	0.3057825	-0.3494443	-1.7143820	0.9357416	-0.1500754	-1.6981801	0.9494967	-0.2988525	-1.7009913	1.1503413	0.0472080	-1.7605871	1.1834419	-0.4510462	-1.7249617	1.1353820	-0.0393965	-1.7713110	1.1655307	-0.3754574	-1.6303735	0.9027196	0.0153731	-1.7760599	0.9211951	-0.4660426	-1.6994027	0.8922944	0.0338448	-1.8541246	0.9321224	-0.4644677
185	3.0666667	-1.6544900	1.4347179	-0.2145300	-1.6383300	1.4262779	-0.0622800	-1.7066100	1.1451179	0.0001200	-1.6534000	0.8863779	0.0167000	-1.6548700	1.4433079	-0.3673100	-1.7335800	1.1801279	-0.4193100	-1.8018600	0.9186779	-0.4598500	-1.6572500	0.9433479	-0.2223200	-1.6585100	0.9409779	-0.1199000	-1.6907800	0.5557179	-0.1300700	-2.0910600	0.2046279	-0.1886500	-1.6487200	0.9473179	-0.3246800	-1.5716600	0.5452779	-0.2806700	-1.5939300	0.1263979	-0.2523900	-1.4437000	0.0729479	-0.2742700	-1.4535000	0.0750479	-0.2728200	-1.6349400	0.0899279	-0.2447200	-2.0691600	0.0631579	-0.1564100	-2.0624500	0.0820279	-0.1542500	-2.1190900	0.1946779	-0.1962800	-1.7202829	1.4884549	-0.2143161	-1.6523058	1.4707733	-0.0884952	-1.6467240	1.4768246	-0.3415437	-1.6169872	1.0018076	-0.0974428	-1.5903736	1.0219405	-0.3207789	-1.7745458	1.0068809	-0.1839410	-1.7630937	1.0159474	-0.2717855	-1.7509849	0.5116321	-0.0867257	-1.5305749	0.5474954	-0.3294467	-1.7282306	0.5070563	-0.2006723	-1.5457381	0.5516792	-0.2109815	-2.0943785	0.2262397	-0.1346727	-1.6063981	0.1137962	-0.3177610	-2.0560763	0.2051827	-0.2205521	-1.5901868	0.1181540	-0.2250636	-2.1204451	0.2568395	-0.1923722	-1.6655352	0.0843485	-0.2680891	-2.0592300	0.0703083	-0.1740723	-1.4722420	0.0689521	-0.2624697	-2.0873252	0.1074189	-0.1225445	-1.5078896	0.0649190	-0.3192637	-1.6349862	0.7705126	-0.0603014	-1.6850525	0.6704416	-0.0494753	-1.7525212	0.7942218	-0.0491252	-1.5270554	0.8315763	-0.3506371	-1.5257223	0.7200069	-0.3642520	-1.6359757	0.8001753	-0.4001876	-1.8548501	0.4194687	-0.0878287	-1.9383687	0.3129135	-0.0862495	-1.9781556	0.3760354	-0.0952920	-1.5506040	0.4129780	-0.3392232	-1.5375453	0.2807668	-0.3433629	-1.6120016	0.3016522	-0.3517584	-1.6984133	0.9339745	-0.1523383	-1.6820208	0.9473730	-0.3008513	-1.6896906	1.1514352	0.0445601	-1.7409915	1.1813118	-0.4551569	-1.7133962	1.1362630	-0.0423192	-1.7521926	1.1634289	-0.3787615	-1.6215442	0.9020239	0.0130795	-1.7519229	0.9189023	-0.4692940	-1.6911711	0.8926364	0.0315017	-1.8295699	0.9288431	-0.4692943
186	3.0833333	-1.6419900	1.4362479	-0.2167800	-1.6263100	1.4288979	-0.0641500	-1.6926400	1.1492279	-0.0026400	-1.6463900	0.8891579	0.0145700	-1.6417700	1.4438379	-0.3699300	-1.7179600	1.1800579	-0.4217600	-1.7712300	0.9183779	-0.4625900	-1.6418500	0.9434279	-0.2243900	-1.6423900	0.9413279	-0.1214000	-1.6477000	0.5564979	-0.1285200	-2.0547000	0.2200879	-0.1870600	-1.6339800	0.9468779	-0.3273300	-1.5674900	0.5405979	-0.2823900	-1.5897000	0.1277579	-0.2522700	-1.4450700	0.0727579	-0.2721800	-1.4547100	0.0750679	-0.2709000	-1.6291700	0.0921379	-0.2442500	-2.0386300	0.0750179	-0.1534100	-2.0400300	0.0891679	-0.1532600	-2.0839000	0.2119579	-0.1951800	-1.7046678	1.4899321	-0.2181888	-1.6376587	1.4718963	-0.0918918	-1.6297721	1.4782969	-0.3445985	-1.6025040	1.0032625	-0.1000855	-1.5752107	1.0222744	-0.3234569	-1.7599276	1.0057940	-0.1872494	-1.7482838	1.0145134	-0.2752184	-1.7089279	0.5127903	-0.0832008	-1.5257835	0.5455693	-0.3325292	-1.6847915	0.5076722	-0.1966558	-1.5400597	0.5497660	-0.2146617	-2.0608477	0.2361344	-0.1353453	-1.6045205	0.1103926	-0.3193117	-2.0211538	0.2131333	-0.2207558	-1.5872254	0.1151185	-0.2264859	-2.0828067	0.2675537	-0.1942494	-1.6624753	0.0816369	-0.2684353	-2.0327033	0.0780634	-0.1718195	-1.4697276	0.0658074	-0.2651185	-2.0600181	0.1167423	-0.1219806	-1.5058989	0.0617224	-0.3212055	-1.6103840	0.7773203	-0.0597609	-1.6539024	0.6752034	-0.0478128	-1.7287324	0.7936849	-0.0497296	-1.5151479	0.8279644	-0.3534630	-1.5167309	0.7171126	-0.3672822	-1.6249136	0.7995936	-0.4024671	-1.8156121	0.4225326	-0.0851588	-1.9028328	0.3179844	-0.0843984	-1.9405174	0.3830672	-0.0949768	-1.5471870	0.4106714	-0.3421969	-1.5347420	0.2778639	-0.3460726	-1.6096788	0.2990271	-0.3538221	-1.6832388	0.9339347	-0.1544021	-1.6663065	0.9466532	-0.3032354	-1.6787081	1.1541802	0.0419364	-1.7214968	1.1807716	-0.4595067	-1.7022407	1.1387976	-0.0451854	-1.7334776	1.1630123	-0.3820728	-1.6131307	0.9030454	0.0107715	-1.7264149	0.9183641	-0.4725431	-1.6834559	0.8947113	0.0290903	-1.8036495	0.9269839	-0.4741734
187	3.1000000	-1.6301100	1.4383779	-0.2187300	-1.6153000	1.4313779	-0.0656600	-1.6796500	1.1536779	-0.0058600	-1.6404900	0.8916479	0.0131000	-1.6289600	1.4453179	-0.3722600	-1.7010300	1.1800879	-0.4241400	-1.7415000	0.9187779	-0.4651600	-1.6269700	0.9432779	-0.2261400	-1.6266400	0.9412879	-0.1227000	-1.6102400	0.5558979	-0.1291700	-2.0067900	0.2318679	-0.1823500	-1.6199400	0.9466679	-0.3295500	-1.5631000	0.5357379	-0.2838100	-1.5877600	0.1306479	-0.2524600	-1.4462700	0.0749679	-0.2711000	-1.4559100	0.0776479	-0.2699700	-1.6244600	0.0960179	-0.2437200	-1.9945000	0.0810579	-0.1497100	-1.9999500	0.0916579	-0.1505900	-2.0380200	0.2213979	-0.1911400	-1.6893813	1.4910930	-0.2215350	-1.6235311	1.4727144	-0.0946603	-1.6129657	1.4791882	-0.3469666	-1.5884046	1.0047942	-0.1020380	-1.5604684	1.0222556	-0.3264046	-1.7459161	1.0051927	-0.1901425	-1.7341037	1.0133293	-0.2785514	-1.6672731	0.5153683	-0.0796311	-1.5222610	0.5433059	-0.3354707	-1.6419830	0.5100689	-0.1925963	-1.5353760	0.5476616	-0.2182083	-2.0238866	0.2440859	-0.1355486	-1.6027128	0.1073302	-0.3202287	-1.9829598	0.2197512	-0.2204221	-1.5845450	0.1124734	-0.2272082	-2.0433444	0.2753342	-0.1955816	-1.6596398	0.0793020	-0.2681773	-1.9989445	0.0852959	-0.1692681	-1.4674768	0.0629468	-0.2668812	-2.0263161	0.1247280	-0.1210077	-1.5041486	0.0586941	-0.3223144	-1.5865613	0.7845516	-0.0590245	-1.6233733	0.6806947	-0.0460202	-1.7052849	0.7933646	-0.0499037	-1.5043897	0.8239160	-0.3563812	-1.5090258	0.7137941	-0.3703058	-1.6148650	0.7985888	-0.4045412	-1.7754567	0.4261083	-0.0823667	-1.8649692	0.3228223	-0.0824166	-1.9012472	0.3892340	-0.0942557	-1.5445750	0.4082803	-0.3448723	-1.5324593	0.2751064	-0.3482416	-1.6078222	0.2964034	-0.3555178	-1.6686320	0.9339350	-0.1559088	-1.6511702	0.9456503	-0.3054902	-1.6681064	1.1568594	0.0395794	-1.7021292	1.1802034	-0.4636410	-1.6914765	1.1412778	-0.0477168	-1.7151782	1.1626179	-0.3850720	-1.6053361	0.9040540	0.0087916	-1.6999591	0.9180702	-0.4753242	-1.6763442	0.8968339	0.0269681	-1.7767185	0.9250797	-0.4786857
188	3.1166667	-1.6172700	1.4407279	-0.2202000	-1.6035400	1.4338679	-0.0668800	-1.6673000	1.1570379	-0.0090600	-1.6348200	0.8938479	0.0125600	-1.6149500	1.4476279	-0.3739300	-1.6803600	1.1805979	-0.4266800	-1.7113900	0.9192479	-0.4676100	-1.6111100	0.9447279	-0.2269100	-1.6098400	0.9429579	-0.1231600	-1.5773600	0.5573379	-0.1313600	-1.9475600	0.2426579	-0.1755200	-1.6049900	0.9475279	-0.3306700	-1.5580100	0.5326679	-0.2849500	-1.5895600	0.1311479	-0.2531900	-1.4430300	0.0778979	-0.2697300	-1.4530800	0.0797279	-0.2689000	-1.6222200	0.0965179	-0.2435800	-1.9395900	0.1014979	-0.1444600	-1.9453000	0.1118479	-0.1450900	-1.9806400	0.2306479	-0.1846500	-1.6732028	1.4936718	-0.2237286	-1.6084761	1.4749551	-0.0963988	-1.5953706	1.4812424	-0.3481390	-1.5732113	1.0082776	-0.1029821	-1.5449850	1.0237423	-0.3287494	-1.7310203	1.0065352	-0.1919394	-1.7192184	1.0138477	-0.2808819	-1.6240166	0.5212216	-0.0758812	-1.5188418	0.5424234	-0.3377035	-1.5979377	0.5162161	-0.1883387	-1.5304465	0.5470768	-0.2209443	-1.9813602	0.2517638	-0.1344184	-1.5998178	0.1064395	-0.3199626	-1.9394593	0.2268438	-0.2186482	-1.5809329	0.1120925	-0.2267261	-2.0001349	0.2814767	-0.1955713	-1.6558546	0.0792123	-0.2667684	-1.9554624	0.0943803	-0.1651557	-1.4642697	0.0621593	-0.2672869	-1.9838057	0.1335385	-0.1184358	-1.5014305	0.0576713	-0.3221092	-1.5617171	0.7940214	-0.0578608	-1.5915552	0.6887038	-0.0439133	-1.6802962	0.7949597	-0.0492271	-1.4933507	0.8210645	-0.3586637	-1.5012980	0.7117052	-0.3726526	-1.6045630	0.7989189	-0.4057033	-1.7322989	0.4320070	-0.0791241	-1.8225976	0.3292020	-0.0797269	-1.8582596	0.3962610	-0.0925673	-1.5416454	0.4075491	-0.3466668	-1.5295947	0.2742624	-0.3493037	-1.6052802	0.2955493	-0.3562092	-1.6529439	0.9357407	-0.1563338	-1.6351835	0.9461173	-0.3067549	-1.6566150	1.1609983	0.0380037	-1.6811188	1.1812115	-0.4669393	-1.6797139	1.1452408	-0.0494953	-1.6955578	1.1638006	-0.3871810	-1.5969392	0.9064950	0.0078396	-1.6713381	0.9196233	-0.4770907	-1.6687918	0.9004738	0.0256923	-1.7475580	0.9248701	-0.4822525
189	3.1333333	-1.6027200	1.4431979	-0.2212900	-1.5895700	1.4360979	-0.0679200	-1.6560000	1.1602779	-0.0119400	-1.6281900	0.8951579	0.0126700	-1.5998000	1.4504979	-0.3750300	-1.6565500	1.1805779	-0.4293900	-1.6782500	0.9201779	-0.4701900	-1.5936500	0.9473179	-0.2266400	-1.5912000	0.9459479	-0.1226700	-1.5466200	0.5618079	-0.1336100	-1.8852200	0.2475979	-0.1688400	-1.5887000	0.9493879	-0.3306500	-1.5514800	0.5312679	-0.2856500	-1.5938700	0.1293679	-0.2544400	-1.4349900	0.0814179	-0.2676500	-1.4461900	0.0827979	-0.2672400	-1.6232600	0.0962879	-0.2439100	-1.8696400	0.1068079	-0.1391400	-1.8736900	0.1152979	-0.1392700	-1.9186200	0.2368779	-0.1775800	-1.6554120	1.4973286	-0.2248562	-1.5918744	1.4782777	-0.0969640	-1.5761618	1.4840187	-0.3483787	-1.5561756	1.0131546	-0.1028861	-1.5280150	1.0262336	-0.3304198	-1.7145258	1.0093783	-0.1924311	-1.7028626	1.0156433	-0.2820071	-1.5795606	0.5296709	-0.0724562	-1.5147696	0.5423868	-0.3388959	-1.5533157	0.5254955	-0.1846075	-1.5247625	0.5473792	-0.2225382	-1.9319391	0.2558910	-0.1315064	-1.5956986	0.1069095	-0.3189957	-1.8893535	0.2313902	-0.2154388	-1.5763312	0.1130184	-0.2253186	-1.9522007	0.2829930	-0.1937399	-1.6511464	0.0803856	-0.2647747	-1.8999549	0.1015248	-0.1597060	-1.4597394	0.0626238	-0.2664902	-1.9303302	0.1394110	-0.1140346	-1.4973363	0.0578406	-0.3210095	-1.5353939	0.8050273	-0.0565296	-1.5582556	0.6985591	-0.0417876	-1.6533410	0.7979720	-0.0476296	-1.4812426	0.8189898	-0.3599958	-1.4927204	0.7104285	-0.3740101	-1.5931704	0.8002017	-0.4058420	-1.6859841	0.4388139	-0.0755372	-1.7747021	0.3350546	-0.0761962	-1.8112713	0.4018260	-0.0896746	-1.5377619	0.4079084	-0.3475377	-1.5256156	0.2746285	-0.3494730	-1.6016050	0.2958485	-0.3561695	-1.6355863	0.9388800	-0.1555673	-1.6177243	0.9476221	-0.3069436	-1.6438752	1.1659544	0.0372013	-1.6577368	1.1832005	-0.4694824	-1.6665485	1.1500606	-0.0505742	-1.6738470	1.1659241	-0.3884840	-1.5875429	0.9097400	0.0079244	-1.6398674	0.9224747	-0.4779650	-1.6604508	0.9049753	0.0251967	-1.7154740	0.9258302	-0.4849402
190	3.1500000	-1.5870100	1.4456479	-0.2222700	-1.5735200	1.4384279	-0.0689700	-1.6458900	1.1638679	-0.0143600	-1.6202800	0.8961279	0.0125400	-1.5844700	1.4528779	-0.3759500	-1.6328400	1.1800079	-0.4319900	-1.6425100	0.9210279	-0.4727600	-1.5759800	0.9496879	-0.2262300	-1.5715200	0.9497179	-0.1221400	-1.5154400	0.5691279	-0.1349500	-1.8270500	0.2498979	-0.1639200	-1.5730400	0.9506079	-0.3304500	-1.5454500	0.5312079	-0.2858600	-1.5967100	0.1267979	-0.2554400	-1.4264600	0.0829379	-0.2659200	-1.4386400	0.0839179	-0.2658800	-1.6240300	0.0940679	-0.2442900	-1.7956400	0.1130479	-0.1340400	-1.7986900	0.1203979	-0.1336500	-1.8586500	0.2400979	-0.1721700	-1.6376274	1.5006138	-0.2257711	-1.5751472	1.4812419	-0.0972812	-1.5571909	1.4862419	-0.3487003	-1.5386949	1.0179754	-0.1027345	-1.5111070	1.0283931	-0.3320838	-1.6977425	1.0121644	-0.1925124	-1.6864069	1.0172402	-0.2827057	-1.5362306	0.5391280	-0.0702080	-1.5114002	0.5420490	-0.3397321	-1.5103780	0.5361531	-0.1821718	-1.5198373	0.5473962	-0.2237659	-1.8781071	0.2552722	-0.1278669	-1.5918294	0.1074985	-0.3180712	-1.8350893	0.2321189	-0.2117996	-1.5721498	0.1140565	-0.2239200	-1.9015953	0.2788146	-0.1911106	-1.6469802	0.0814496	-0.2630247	-1.8357775	0.1054937	-0.1538883	-1.4552267	0.0633184	-0.2654571	-1.8690265	0.1412182	-0.1088137	-1.4932283	0.0581427	-0.3199249	-1.5092876	0.8158791	-0.0559125	-1.5254088	0.7086440	-0.0405223	-1.6261050	0.8010813	-0.0461043	-1.4693989	0.8164474	-0.3610100	-1.4845870	0.7087436	-0.3749992	-1.5819186	0.8011757	-0.4056915	-1.6389111	0.4450709	-0.0725450	-1.7237984	0.3390099	-0.0727603	-1.7626659	0.4045741	-0.0865699	-1.5343608	0.4081159	-0.3481772	-1.5220223	0.2749591	-0.3495126	-1.5982327	0.2960494	-0.3560772	-1.6178716	0.9419196	-0.1545708	-1.6002083	0.9488230	-0.3069009	-1.6312936	1.1704276	0.0363954	-1.6335263	1.1848479	-0.4721885	-1.6534220	1.1544225	-0.0517545	-1.6514644	1.1676299	-0.3898834	-1.5783118	0.9125930	0.0081419	-1.6068795	0.9254425	-0.4787538	-1.6523991	0.9090570	0.0246143	-1.6817823	0.9267140	-0.4875358
191	3.1666667	-1.5712300	1.4480679	-0.2233800	-1.5575100	1.4413579	-0.0702000	-1.6350100	1.1681179	-0.0164100	-1.6130600	0.8964779	0.0112300	-1.5689300	1.4550279	-0.3769700	-1.6117200	1.1782079	-0.4342800	-1.6069800	0.9223679	-0.4749700	-1.5600100	0.9523479	-0.2265300	-1.5527300	0.9536579	-0.1224500	-1.4822800	0.5761679	-0.1357500	-1.7724800	0.2505279	-0.1616400	-1.5599300	0.9517379	-0.3308500	-1.5430600	0.5313279	-0.2860200	-1.5960400	0.1276979	-0.2553900	-1.4232700	0.0814379	-0.2649800	-1.4355500	0.0819879	-0.2652200	-1.6226500	0.0947279	-0.2443000	-1.7251800	0.1131279	-0.1304600	-1.7281300	0.1208479	-0.1296400	-1.8025500	0.2400879	-0.1700800	-1.6217173	1.5039945	-0.2271145	-1.5601223	1.4843402	-0.0979868	-1.5403436	1.4885562	-0.3497897	-1.5226150	1.0230893	-0.1032702	-1.4961064	1.0307577	-0.3344641	-1.6824883	1.0154187	-0.1930078	-1.6716607	1.0192793	-0.2838019	-1.4968569	0.5494818	-0.0697273	-1.5103572	0.5420449	-0.3408414	-1.4717999	0.5478527	-0.1815707	-1.5174278	0.5477202	-0.2252636	-1.8228417	0.2508626	-0.1246366	-1.5901493	0.1087004	-0.3177857	-1.7796141	0.2298075	-0.2087606	-1.5702240	0.1157110	-0.2232532	-1.8505175	0.2702002	-0.1887072	-1.6452120	0.0829629	-0.2621604	-1.7675526	0.1069888	-0.1489348	-1.4527545	0.0646224	-0.2649471	-1.8040919	0.1398964	-0.1040665	-1.4911496	0.0590326	-0.3195536	-1.4856485	0.8266547	-0.0566301	-1.4955270	0.7190194	-0.0407317	-1.6009606	0.8047633	-0.0455319	-1.4595548	0.8141187	-0.3624308	-1.4785599	0.7073337	-0.3763019	-1.5725078	0.8025037	-0.4060625	-1.5940563	0.4509809	-0.0709724	-1.6730501	0.3415928	-0.0703489	-1.7152850	0.4050131	-0.0842625	-1.5331991	0.4087321	-0.3491682	-1.5206653	0.2757773	-0.3500650	-1.5970111	0.2967101	-0.3565028	-1.6017088	0.9453092	-0.1542140	-1.5845442	0.9503190	-0.3074980	-1.6203259	1.1749052	0.0349082	-1.6105170	1.1866718	-0.4757208	-1.6418661	1.1588041	-0.0536769	-1.6303284	1.1693972	-0.3920829	-1.5706717	0.9155626	0.0076844	-1.5744204	0.9291288	-0.4800137	-1.6460014	0.9132195	0.0232468	-1.6485293	0.9281129	-0.4905781
192	3.1833333	-1.5559100	1.4505379	-0.2246600	-1.5434600	1.4442379	-0.0716400	-1.6214700	1.1732179	-0.0182900	-1.6089800	0.8970379	0.0085300	-1.5523500	1.4570879	-0.3780200	-1.5927800	1.1765779	-0.4362300	-1.5734100	0.9242679	-0.4767100	-1.5461300	0.9555679	-0.2273300	-1.5361600	0.9578179	-0.1233800	-1.4481200	0.5809679	-0.1370700	-1.7213000	0.2476179	-0.1618200	-1.5487900	0.9537979	-0.3316000	-1.5438400	0.5305279	-0.2865500	-1.5921600	0.1314279	-0.2546900	-1.4274900	0.0795479	-0.2642800	-1.4390000	0.0804179	-0.2648700	-1.6197300	0.0991579	-0.2441000	-1.6632100	0.1070679	-0.1294500	-1.6659900	0.1145279	-0.1283000	-1.7533100	0.2385979	-0.1703400	-1.6079923	1.5076186	-0.2284894	-1.5471018	1.4877178	-0.0987196	-1.5258908	1.4912986	-0.3512058	-1.5082478	1.0285562	-0.1042228	-1.4833661	1.0336367	-0.3372429	-1.6690612	1.0193509	-0.1936107	-1.6589308	1.0220840	-0.2849863	-1.4625656	0.5603235	-0.0705924	-1.5115959	0.5427919	-0.3418475	-1.4385778	0.5599839	-0.1823837	-1.5175793	0.5487601	-0.2266954	-1.7678840	0.2438849	-0.1220396	-1.5910346	0.1109082	-0.3176732	-1.7247045	0.2254560	-0.2064487	-1.5708710	0.1183440	-0.2230002	-1.7998757	0.2588863	-0.1865809	-1.6460602	0.0853887	-0.2617531	-1.6989786	0.1066975	-0.1453162	-1.4529844	0.0668156	-0.2646902	-1.7386938	0.1364454	-0.1003357	-1.4917252	0.0608580	-0.3194907	-1.4650258	0.8371967	-0.0582197	-1.4694118	0.7294695	-0.0419812	-1.5786728	0.8091904	-0.0456930	-1.4519455	0.8124535	-0.3639474	-1.4747355	0.7066321	-0.3775686	-1.5651104	0.8045711	-0.4066768	-1.5528257	0.4565948	-0.0706732	-1.6242259	0.3432981	-0.0690042	-1.6704557	0.4037253	-0.0827874	-1.5343873	0.4101302	-0.3500497	-1.5217995	0.2774208	-0.3506749	-1.5981361	0.2982602	-0.3569570	-1.5874668	0.9492386	-0.1542925	-1.5711473	0.9524786	-0.3085188	-1.6108418	1.1796243	0.0329275	-1.5890867	1.1889827	-0.4796761	-1.6318079	1.1634467	-0.0560351	-1.6107652	1.1715307	-0.3947684	-1.5648562	0.9188212	0.0066476	-1.5432623	0.9338159	-0.4813054	-1.6413896	0.9177386	0.0213366	-1.6164596	0.9304039	-0.4936876
193	3.2000000	-1.5405900	1.4525479	-0.2259800	-1.5306800	1.4464779	-0.0731100	-1.6058500	1.1775379	-0.0199700	-1.6069400	0.8996279	0.0051200	-1.5344700	1.4588179	-0.3790700	-1.5740800	1.1761379	-0.4377900	-1.5414100	0.9265679	-0.4780100	-1.5328300	0.9594879	-0.2278800	-1.5209600	0.9625979	-0.1241900	-1.4151800	0.5850379	-0.1392400	-1.6762700	0.2375079	-0.1628500	-1.5374800	0.9571179	-0.3319800	-1.5439500	0.5301779	-0.2873600	-1.5871800	0.1368479	-0.2542300	-1.4357600	0.0774979	-0.2635500	-1.4456600	0.0789179	-0.2647300	-1.6177900	0.1061179	-0.2439300	-1.6078300	0.1041479	-0.1298600	-1.6105200	0.1099279	-0.1284800	-1.7109700	0.2200479	-0.1708400	-1.5948620	1.5114778	-0.2292150	-1.5345886	1.4913612	-0.0988390	-1.5121668	1.4945474	-0.3521067	-1.4941606	1.0343294	-0.1049912	-1.4713567	1.0371865	-0.3394850	-1.6558699	1.0238493	-0.1936372	-1.6465899	1.0256112	-0.2854655	-1.4326357	0.5710506	-0.0719483	-1.5130444	0.5445636	-0.3421598	-1.4098869	0.5718062	-0.1837303	-1.5181945	0.5507965	-0.2274744	-1.7132848	0.2349931	-0.1196798	-1.5930458	0.1142936	-0.3169877	-1.6704202	0.2195141	-0.2044206	-1.5725823	0.1220475	-0.2224594	-1.7492468	0.2454363	-0.1843435	-1.6479234	0.0888823	-0.2609657	-1.6310805	0.1054945	-0.1426283	-1.4546814	0.0700347	-0.2641322	-1.6735962	0.1317893	-0.0973648	-1.4937096	0.0637921	-0.3190169	-1.4460729	0.8471647	-0.0598163	-1.4459705	0.7395693	-0.0434294	-1.5581109	0.8143228	-0.0459113	-1.4448698	0.8117849	-0.3648648	-1.4712497	0.7069431	-0.3781432	-1.5579941	0.8075630	-0.4067787	-1.5148153	0.4616895	-0.0709368	-1.5772900	0.3442505	-0.0681946	-1.6277872	0.4008864	-0.0816109	-1.5360653	0.4125560	-0.3501928	-1.5237913	0.2800603	-0.3506526	-1.5999035	0.3009946	-0.3567044	-1.5736225	0.9537643	-0.1541537	-1.5584634	0.9554878	-0.3091352	-1.6011925	1.1846797	0.0310878	-1.5678036	1.1919169	-0.4832230	-1.6215796	1.1684513	-0.0581485	-1.5912974	1.1742054	-0.3971395	-1.5594491	0.9224999	0.0056553	-1.5124590	0.9395870	-0.4818939	-1.6370762	0.9227935	0.0195111	-1.5846501	0.9337783	-0.4961236
194	3.2166667	-1.5246900	1.4543279	-0.2272500	-1.5168400	1.4484379	-0.0743700	-1.5898300	1.1805879	-0.0213800	-1.6039800	0.9035879	0.0018600	-1.5164500	1.4606179	-0.3802600	-1.5533600	1.1773579	-0.4389800	-1.5096200	0.9300179	-0.4789400	-1.5189500	0.9630879	-0.2280800	-1.5057500	0.9667379	-0.1247300	-1.3845000	0.5898179	-0.1417200	-1.6365200	0.2227579	-0.1632600	-1.5250100	0.9604979	-0.3318900	-1.5403800	0.5299279	-0.2881600	-1.5821000	0.1404279	-0.2546200	-1.4433800	0.0735179	-0.2627800	-1.4513700	0.0754979	-0.2647300	-1.6149500	0.1108179	-0.2441100	-1.5498000	0.0995379	-0.1303200	-1.5535900	0.1050379	-0.1286900	-1.6748000	0.2001679	-0.1700300	-1.5810543	1.5146801	-0.2293286	-1.5212636	1.4943532	-0.0983741	-1.4979311	1.4974070	-0.3525221	-1.4792865	1.0394123	-0.1055259	-1.4587446	1.0403804	-0.3410766	-1.6418267	1.0279670	-0.1931110	-1.6334499	1.0289112	-0.2852533	-1.4059175	0.5802265	-0.0735505	-1.5131294	0.5463828	-0.3418839	-1.3845574	0.5818454	-0.1854455	-1.5176255	0.5528616	-0.2277105	-1.6589459	0.2240907	-0.1173061	-1.5948679	0.1177303	-0.3157872	-1.6166642	0.2116726	-0.2025653	-1.5740314	0.1256260	-0.2216114	-1.6984556	0.2297761	-0.1818250	-1.6495264	0.0924284	-0.2597625	-1.5641153	0.1031409	-0.1406405	-1.4565530	0.0728959	-0.2632855	-1.6089690	0.1258043	-0.0948965	-1.4958233	0.0665469	-0.3181277	-1.4275130	0.8554313	-0.0612443	-1.4239702	0.7480617	-0.0448808	-1.5382315	0.8190158	-0.0460074	-1.4370234	0.8112016	-0.3651922	-1.4666917	0.7073216	-0.3780833	-1.5498372	0.8104645	-0.4063172	-1.4792237	0.4652244	-0.0714098	-1.5318044	0.3437264	-0.0676151	-1.5866703	0.3959522	-0.0804128	-1.5367182	0.4150034	-0.3497125	-1.5252122	0.2826407	-0.3500472	-1.6008869	0.3039043	-0.3558195	-1.5590967	0.9578886	-0.1537435	-1.5452615	0.9583362	-0.3092514	-1.5902537	1.1891728	0.0294723	-1.5456589	1.1945765	-0.4861979	-1.6100540	1.1729266	-0.0599098	-1.5708517	1.1765588	-0.3990736	-1.5533457	0.9257668	0.0047685	-1.4812125	0.9455181	-0.4817556	-1.6318361	0.9275421	0.0178190	-1.5523312	0.9373549	-0.4977924
195	3.2333333	-1.5088900	1.4552279	-0.2285100	-1.5017700	1.4487179	-0.0753600	-1.5748600	1.1827979	-0.0228600	-1.6001900	0.9075779	-0.0011600	-1.4998900	1.4619379	-0.3817300	-1.5297200	1.1795279	-0.4399600	-1.4768600	0.9347479	-0.4794900	-1.5047300	0.9655179	-0.2280400	-1.4907600	0.9695679	-0.1251200	-1.3570100	0.5956579	-0.1441500	-1.5953400	0.2062379	-0.1631900	-1.5116400	0.9627379	-0.3314500	-1.5340900	0.5316479	-0.2887500	-1.5769100	0.1433779	-0.2556100	-1.4475800	0.0699079	-0.2619900	-1.4543800	0.0726779	-0.2646800	-1.6070200	0.1162679	-0.2447000	-1.4872100	0.0957879	-0.1318000	-1.4923100	0.1003879	-0.1298900	-1.6352100	0.1777179	-0.1693600	-1.5666265	1.5164789	-0.2290246	-1.5070794	1.4959076	-0.0975611	-1.4833563	1.4990515	-0.3526493	-1.4639193	1.0429710	-0.1059316	-1.4457024	1.0423534	-0.3421264	-1.6272323	1.0309557	-0.1921930	-1.6197810	1.0312268	-0.2845146	-1.3821272	0.5869546	-0.0754354	-1.5118609	0.5475438	-0.3412763	-1.3622749	0.5892498	-0.1875497	-1.5157623	0.5542172	-0.2276635	-1.6047620	0.2111581	-0.1150797	-1.5962043	0.1204986	-0.3142408	-1.5633039	0.2018545	-0.2010797	-1.5749054	0.1283394	-0.2205686	-1.6473411	0.2118405	-0.1792746	-1.6505940	0.0953446	-0.2582507	-1.4981075	0.0997066	-0.1394350	-1.4582259	0.0746633	-0.2622777	-1.5448022	0.1185335	-0.0930123	-1.4977204	0.0684093	-0.3169612	-1.4094106	0.8612488	-0.0625979	-1.4033495	0.7541236	-0.0464124	-1.5191598	0.8223545	-0.0460857	-1.4286089	0.8100132	-0.3651337	-1.4612070	0.7070684	-0.3776175	-1.5408615	0.8124909	-0.4054465	-1.4458521	0.4665641	-0.0721052	-1.4876718	0.3413401	-0.0673279	-1.5468888	0.3885490	-0.0792924	-1.5362440	0.4167813	-0.3488556	-1.5258721	0.2845056	-0.3490546	-1.6009457	0.3062701	-0.3545103	-1.5441742	0.9607891	-0.1531942	-1.5317549	0.9601866	-0.3089834	-1.5784464	1.1923899	0.0280011	-1.5228468	1.1962553	-0.4886637	-1.5976889	1.1761808	-0.0614049	-1.5495876	1.1778960	-0.4006892	-1.5469187	0.9279676	0.0038717	-1.4496545	0.9509435	-0.4810798	-1.6260078	0.9313028	0.0161247	-1.5196165	0.9404505	-0.4987826
196	3.2500000	-1.4934800	1.4560979	-0.2298900	-1.4866300	1.4495279	-0.0763400	-1.5618600	1.1847679	-0.0247500	-1.5977700	0.9106279	-0.0043900	-1.4841000	1.4629379	-0.3835000	-1.5043300	1.1812979	-0.4408800	-1.4427100	0.9402379	-0.4796200	-1.4901800	0.9660179	-0.2274100	-1.4766600	0.9699179	-0.1251400	-1.3340500	0.6004879	-0.1467300	-1.5470200	0.1925179	-0.1630500	-1.4967200	0.9631379	-0.3301500	-1.5268700	0.5331479	-0.2889400	-1.5697000	0.1428079	-0.2563900	-1.4450800	0.0662579	-0.2619300	-1.4520000	0.0695779	-0.2651100	-1.5922900	0.1187279	-0.2451400	-1.4204200	0.0932079	-0.1367000	-1.4267500	0.0977479	-0.1344000	-1.5887100	0.1620079	-0.1691100	-1.5515611	1.5164298	-0.2281245	-1.4918672	1.4955791	-0.0961711	-1.4684437	1.4989107	-0.3524113	-1.4481027	1.0443568	-0.1057387	-1.4321479	1.0423849	-0.3424594	-1.6122771	1.0322421	-0.1905597	-1.6057372	1.0319596	-0.2830338	-1.3603639	0.5906104	-0.0772780	-1.5091188	0.5472580	-0.3400793	-1.3421142	0.5935293	-0.1897438	-1.5124033	0.5540464	-0.2269832	-1.5499919	0.1967109	-0.1129845	-1.5961278	0.1217333	-0.3120541	-1.5096650	0.1905894	-0.1999466	-1.5742639	0.1293890	-0.2189629	-1.5950721	0.1923702	-0.1766632	-1.6502550	0.0967824	-0.2560800	-1.4327383	0.0955034	-0.1390824	-1.4585604	0.0746283	-0.2607456	-1.4806397	0.1103388	-0.0917532	-1.4983150	0.0686261	-0.3152177	-1.3914953	0.8640981	-0.0635201	-1.3836049	0.7571647	-0.0476698	-1.5006481	0.8235130	-0.0457465	-1.4195247	0.8074712	-0.3644748	-1.4547115	0.7054197	-0.3765351	-1.5311141	0.8128932	-0.4039741	-1.4138326	0.4654051	-0.0727982	-1.4441445	0.3370873	-0.0672081	-1.5075258	0.3787293	-0.0781007	-1.5342835	0.4170767	-0.3473411	-1.5251226	0.2848843	-0.3473958	-1.5995533	0.3071737	-0.3525018	-1.5289438	0.9617415	-0.1520933	-1.5179469	0.9602740	-0.3080669	-1.5662823	1.1938908	0.0268639	-1.4994130	1.1963707	-0.4904100	-1.5849375	1.1777623	-0.0624330	-1.5275530	1.1776325	-0.4018029	-1.5407887	0.9286305	0.0031019	-1.4176149	0.9553574	-0.4795897	-1.6201137	0.9335858	0.0146265	-1.4863024	0.9424929	-0.4988971
197	3.2666667	-1.4776800	1.4560379	-0.2313400	-1.4718100	1.4501379	-0.0773900	-1.5507200	1.1875879	-0.0269000	-1.5965200	0.9123879	-0.0078100	-1.4672100	1.4622979	-0.3853100	-1.4786700	1.1827279	-0.4417100	-1.4075100	0.9451179	-0.4793100	-1.4748100	0.9642079	-0.2261100	-1.4634300	0.9680079	-0.1247200	-1.3153900	0.6014579	-0.1495900	-1.4878200	0.1836379	-0.1629900	-1.4792800	0.9615679	-0.3279000	-1.5196200	0.5321479	-0.2886600	-1.5628900	0.1401079	-0.2564300	-1.4375700	0.0646279	-0.2633400	-1.4459300	0.0684479	-0.2665800	-1.5778800	0.1183879	-0.2448000	-1.3465000	0.0936279	-0.1445800	-1.3533400	0.0973479	-0.1420500	-1.5321900	0.1510479	-0.1691600	-1.5354095	1.5143790	-0.2267352	-1.4751832	1.4932526	-0.0942129	-1.4526572	1.4966545	-0.3519055	-1.4314702	1.0432951	-0.1046670	-1.4175550	1.0402411	-0.3421680	-1.5966755	1.0315289	-0.1881114	-1.5909799	1.0308171	-0.2808452	-1.3391786	0.5910733	-0.0789894	-1.5047572	0.5450726	-0.3383133	-1.3226413	0.5947131	-0.1919528	-1.5073712	0.5519160	-0.2255811	-1.4925275	0.1814684	-0.1111908	-1.5940090	0.1210831	-0.3091861	-1.4537744	0.1787042	-0.1992701	-1.5714578	0.1285024	-0.2167035	-1.5395730	0.1721384	-0.1741436	-1.6479687	0.0962786	-0.2531296	-1.3659621	0.0914194	-0.1397840	-1.4566525	0.0728461	-0.2586890	-1.4143644	0.1020223	-0.0913203	-1.4967847	0.0671221	-0.3129376	-1.3730220	0.8638775	-0.0639312	-1.3637283	0.7570372	-0.0485655	-1.4818907	0.8220255	-0.0448448	-1.4093285	0.8030486	-0.3632682	-1.4469082	0.7018835	-0.3748985	-1.5202678	0.8112885	-0.4020068	-1.3814757	0.4618676	-0.0735406	-1.3993994	0.3313673	-0.0673889	-1.4666550	0.3667911	-0.0769282	-1.5305690	0.4154847	-0.3451697	-1.5224941	0.2834294	-0.3450761	-1.5963341	0.3061690	-0.3497891	-1.5129930	0.9603468	-0.1502808	-1.5033102	0.9582154	-0.3065199	-1.5538279	1.1936520	0.0260229	-1.4750174	1.1947535	-0.4915240	-1.5718459	1.1776224	-0.0630665	-1.5044744	1.1755950	-0.4024809	-1.5350371	0.9276812	0.0023963	-1.3847014	0.9585694	-0.4772461	-1.6142422	0.9343096	0.0133215	-1.4519507	0.9432687	-0.4981733
198	3.2833333	-1.4606800	1.4553179	-0.2325700	-1.4562400	1.4497879	-0.0783000	-1.5401300	1.1898979	-0.0286900	-1.5936700	0.9134379	-0.0107700	-1.4486500	1.4613479	-0.3867800	-1.4537300	1.1836979	-0.4424700	-1.3718200	0.9498279	-0.4786400	-1.4584000	0.9605479	-0.2248700	-1.4498600	0.9638379	-0.1241900	-1.2996200	0.5999879	-0.1522100	-1.4199000	0.1784279	-0.1632700	-1.4600900	0.9583079	-0.3258400	-1.5121900	0.5295379	-0.2883000	-1.5602700	0.1343879	-0.2558900	-1.4317400	0.0650179	-0.2658700	-1.4419700	0.0688779	-0.2687500	-1.5702000	0.1156079	-0.2440900	-1.2687000	0.1011479	-0.1524900	-1.2756100	0.1047079	-0.1501100	-1.4671200	0.1472179	-0.1696600	-1.5181407	1.5109231	-0.2255781	-1.4571816	1.4895621	-0.0923664	-1.4357937	1.4928096	-0.3517080	-1.4139685	1.0403650	-0.1032611	-1.4017274	1.0365519	-0.3420460	-1.5803717	1.0292561	-0.1855889	-1.5753927	1.0282543	-0.2787932	-1.3176213	0.5891754	-0.0810231	-1.4992895	0.5413907	-0.3367927	-1.3028618	0.5936528	-0.1945630	-1.5011874	0.5482506	-0.2242467	-1.4311732	0.1673679	-0.1102586	-1.5905935	0.1191755	-0.3064732	-1.3945060	0.1681254	-0.1994192	-1.5672524	0.1263672	-0.2146486	-1.4795987	0.1529705	-0.1722798	-1.6445858	0.0944419	-0.2502391	-1.2966691	0.0897229	-0.1418166	-1.4531506	0.0701021	-0.2570245	-1.3448394	0.0957834	-0.0921399	-1.4938207	0.0646134	-0.3110228	-1.3536444	0.8613716	-0.0644834	-1.3431585	0.7545266	-0.0496795	-1.4624198	0.8183888	-0.0440293	-1.3980266	0.7969606	-0.3623164	-1.4380197	0.6967577	-0.3735428	-1.5083396	0.8081411	-0.4003767	-1.3477354	0.4571097	-0.0748997	-1.3524264	0.3256817	-0.0684286	-1.4230783	0.3541827	-0.0763857	-1.5257089	0.4124635	-0.3431658	-1.5186235	0.2806220	-0.3429352	-1.5919449	0.3037928	-0.3472184	-1.4961509	0.9570255	-0.1484460	-1.4875690	0.9544540	-0.3051538	-1.5410339	1.1922932	0.0248866	-1.4497735	1.1920170	-0.4927021	-1.5583556	1.1763671	-0.0639365	-1.4804316	1.1723963	-0.4034087	-1.5293740	0.9257420	0.0012440	-1.3509608	0.9611336	-0.4747535	-1.6082014	0.9340691	0.0116684	-1.4166654	0.9433243	-0.4972398
199	3.3000000	-1.4427200	1.4541979	-0.2334300	-1.4390000	1.4488679	-0.0788800	-1.5283000	1.1906479	-0.0296900	-1.5880800	0.9140579	-0.0130800	-1.4299100	1.4600579	-0.3878800	-1.4301500	1.1858379	-0.4431900	-1.3364000	0.9549679	-0.4777200	-1.4409300	0.9555079	-0.2244300	-1.4339900	0.9577179	-0.1239900	-1.2843600	0.5942479	-0.1539400	-1.3555800	0.1742379	-0.1636500	-1.4410200	0.9541679	-0.3251200	-1.5040700	0.5246479	-0.2883100	-1.5613000	0.1269179	-0.2552100	-1.4303000	0.0670479	-0.2686900	-1.4421200	0.0709079	-0.2710100	-1.5681000	0.1087679	-0.2437400	-1.1991200	0.1085179	-0.1581900	-1.2057300	0.1116779	-0.1562300	-1.4025900	0.1394079	-0.1709100	-1.5000963	1.5064321	-0.2252623	-1.4384904	1.4849602	-0.0913618	-1.4180302	1.4879126	-0.3522337	-1.3955711	1.0359471	-0.1024127	-1.3847163	1.0317419	-0.3426689	-1.5632162	1.0256344	-0.1838392	-1.5588277	1.0244683	-0.2776280	-1.2961073	0.5853542	-0.0835582	-1.4929629	0.5366411	-0.3362686	-1.2830424	0.5905883	-0.1976042	-1.4941375	0.5434546	-0.2238457	-1.3677390	0.1557969	-0.1104116	-1.5869105	0.1164943	-0.3048649	-1.3335229	0.1599964	-0.2004331	-1.5627648	0.1234438	-0.2137228	-1.4166926	0.1363339	-0.1713179	-1.6411102	0.0917113	-0.2484064	-1.2269868	0.0915122	-0.1451148	-1.4492462	0.0668842	-0.2567155	-1.2742153	0.0928957	-0.0943524	-1.4905325	0.0615472	-0.3103950	-1.3335802	0.8570439	-0.0657708	-1.3222073	0.7501316	-0.0514575	-1.4423196	0.8132071	-0.0439719	-1.3857273	0.7895630	-0.3622910	-1.4281804	0.6904364	-0.3731967	-1.4953721	0.8039032	-0.3997253	-1.3134757	0.4518096	-0.0770757	-1.3046037	0.3209162	-0.0704901	-1.3779827	0.3420371	-0.0767906	-1.5201816	0.4084395	-0.3421962	-1.5141906	0.2768180	-0.3418713	-1.5870523	0.3005514	-0.3457194	-1.4783426	0.9522106	-0.1473914	-1.4706987	0.9494347	-0.3046568	-1.5276702	1.1902801	0.0230562	-1.4241901	1.1887585	-0.4944834	-1.5443219	1.1744560	-0.0654479	-1.4557642	1.1686249	-0.4051461	-1.5233276	0.9232939	-0.0007291	-1.3167992	0.9635752	-0.4728062	-1.6016284	0.9333284	0.0093110	-1.3809574	0.9431780	-0.4965960
200	3.3166667	-1.4245900	1.4530079	-0.2341200	-1.4199700	1.4478479	-0.0791600	-1.5148400	1.1897879	-0.0299800	-1.5813200	0.9147879	-0.0152100	-1.4126100	1.4587679	-0.3890300	-1.4083200	1.1880479	-0.4438700	-1.3027000	0.9593879	-0.4767900	-1.4233600	0.9510979	-0.2248800	-1.4161400	0.9525379	-0.1243700	-1.2680500	0.5876279	-0.1545400	-1.3045700	0.1694879	-0.1635800	-1.4237400	0.9505679	-0.3256400	-1.4965300	0.5193279	-0.2885500	-1.5612500	0.1199779	-0.2547800	-1.4275900	0.0660279	-0.2716700	-1.4404900	0.0703179	-0.2733900	-1.5684800	0.0984879	-0.2437300	-1.1461300	0.1155679	-0.1605700	-1.1529700	0.1183779	-0.1590500	-1.3528700	0.1323079	-0.1715700	-1.4826452	1.5026528	-0.2256035	-1.4205108	1.4812657	-0.0911377	-1.4007075	1.4839827	-0.3533880	-1.3770951	1.0319036	-0.1025170	-1.3675302	1.0275387	-0.3439760	-1.5459116	1.0223640	-0.1831109	-1.5420326	1.0210818	-0.2774450	-1.2760872	0.5814615	-0.0862195	-1.4860640	0.5326988	-0.3368063	-1.2644941	0.5871235	-0.2006298	-1.4865538	0.5393688	-0.2245757	-1.3079160	0.1488146	-0.1111326	-1.5837019	0.1147718	-0.3046693	-1.2762570	0.1559635	-0.2018328	-1.5588879	0.1214150	-0.2141296	-1.3565538	0.1245399	-0.1708384	-1.6382238	0.0897644	-0.2480211	-1.1628080	0.0978021	-0.1490222	-1.4458561	0.0648329	-0.2578628	-1.2085749	0.0947816	-0.0973627	-1.4876931	0.0595507	-0.3111750	-1.3139577	0.8528495	-0.0677143	-1.3021275	0.7458400	-0.0536968	-1.4226785	0.8086876	-0.0446369	-1.3731642	0.7829596	-0.3631859	-1.4178946	0.6849385	-0.3739059	-1.4820874	0.8004551	-0.3999963	-1.2814015	0.4477794	-0.0795296	-1.2599258	0.3186923	-0.0729916	-1.3352755	0.3327262	-0.0776644	-1.5143829	0.4052215	-0.3424663	-1.5097234	0.2737472	-0.3421013	-1.5821449	0.2982650	-0.3455811	-1.4604346	0.9479453	-0.1472774	-1.4536958	0.9451004	-0.3050536	-1.5142124	1.1892860	0.0207811	-1.3995690	1.1867715	-0.4968069	-1.5303347	1.1735630	-0.0674005	-1.4316683	1.1660968	-0.4075784	-1.5172353	0.9219871	-0.0033288	-1.2836286	0.9674554	-0.4715091	-1.5950660	0.9337321	0.0065162	-1.3463773	0.9444603	-0.4962224
201	3.3333333	-1.4071400	1.4511779	-0.2348200	-1.4002700	1.4461679	-0.0791600	-1.5004600	1.1906379	-0.0299900	-1.5740900	0.9150979	-0.0173700	-1.3973300	1.4565979	-0.3905300	-1.3880700	1.1897179	-0.4444000	-1.2720700	0.9643179	-0.4759400	-1.4068200	0.9476279	-0.2254500	-1.3985200	0.9482679	-0.1249300	-1.2497200	0.5803579	-0.1543600	-1.2607000	0.1642479	-0.1635600	-1.4083200	0.9477979	-0.3262500	-1.4901200	0.5137979	-0.2886800	-1.5599100	0.1180579	-0.2543600	-1.4251100	0.0678879	-0.2742500	-1.4388300	0.0726679	-0.2753400	-1.5729700	0.0934479	-0.2432400	-1.1005900	0.1223679	-0.1598500	-1.1083400	0.1247979	-0.1588500	-1.3139600	0.1249879	-0.1718000	-1.4669476	1.4998941	-0.2257227	-1.4041937	1.4788090	-0.0907636	-1.3850722	1.4813411	-0.3545024	-1.3595818	1.0285773	-0.1028211	-1.3513330	1.0241634	-0.3453114	-1.5295381	1.0196723	-0.1825964	-1.5261422	1.0182756	-0.2774506	-1.2585089	0.5779280	-0.0881202	-1.4793775	0.5298779	-0.3375222	-1.2481713	0.5836582	-0.2028314	-1.4792327	0.5363755	-0.2254896	-1.2551044	0.1456965	-0.1114833	-1.5818288	0.1143212	-0.3048448	-1.2259333	0.1551833	-0.2028292	-1.5565057	0.1206024	-0.2147281	-1.3028907	0.1169372	-0.1700708	-1.6367920	0.0887172	-0.2479964	-1.1071405	0.1072413	-0.1525127	-1.4437323	0.0645562	-0.2593289	-1.1511824	0.1002505	-0.1000412	-1.4860589	0.0591371	-0.3122936	-1.2958516	0.8492132	-0.0693888	-1.2839379	0.7421030	-0.0554717	-1.4045835	0.8052163	-0.0450888	-1.3613096	0.7775539	-0.3641966	-1.4080586	0.6806179	-0.3748377	-1.4695494	0.7979843	-0.4004665	-1.2531706	0.4450508	-0.0812538	-1.2206989	0.3185595	-0.0749067	-1.2974041	0.3262224	-0.0780326	-1.5090988	0.4031376	-0.3430521	-1.5060357	0.2717758	-0.3426630	-1.5780604	0.2972426	-0.3458439	-1.4435252	0.9445604	-0.1472688	-1.4377392	0.9417041	-0.3056092	-1.5012340	1.1893392	0.0189549	-1.3771808	1.1861622	-0.4988639	-1.5171952	1.1737423	-0.0688919	-1.4094053	1.1649358	-0.4098613	-1.5115894	0.9218733	-0.0058168	-1.2529625	0.9726303	-0.4701724	-1.5890836	0.9353179	0.0041744	-1.3144366	0.9471448	-0.4953672
202	3.3500000	-1.3903100	1.4489579	-0.2352400	-1.3813800	1.4440979	-0.0787400	-1.4864500	1.1905079	-0.0299300	-1.5656900	0.9161079	-0.0192500	-1.3824400	1.4543279	-0.3919000	-1.3689200	1.1896779	-0.4447000	-1.2439000	0.9696779	-0.4748700	-1.3904800	0.9460679	-0.2250900	-1.3810600	0.9463079	-0.1248000	-1.2305100	0.5751779	-0.1541400	-1.2156600	0.1650879	-0.1644500	-1.3931800	0.9466279	-0.3256800	-1.4836400	0.5110279	-0.2884300	-1.5623900	0.1244079	-0.2532800	-1.4287900	0.0744279	-0.2753200	-1.4437800	0.0789179	-0.2756800	-1.5812900	0.0922679	-0.2425200	-1.0524500	0.1299679	-0.1575400	-1.0611000	0.1319179	-0.1573000	-1.2743900	0.1226279	-0.1728500	-1.4519886	1.4992126	-0.2247603	-1.3884453	1.4786470	-0.0893385	-1.3701655	1.4808746	-0.3546984	-1.3422544	1.0271299	-0.1021033	-1.3353730	1.0226756	-0.3458310	-1.5133727	1.0186076	-0.1811251	-1.5104637	1.0170755	-0.2765796	-1.2417287	0.5760698	-0.0885776	-1.4725290	0.5291820	-0.3374051	-1.2325159	0.5816375	-0.2035680	-1.4718343	0.5355388	-0.2254945	-1.2079207	0.1465301	-0.1109189	-1.5811478	0.1163496	-0.3040430	-1.1810721	0.1578486	-0.2028620	-1.5554703	0.1222362	-0.2142576	-1.2546234	0.1136561	-0.1685994	-1.6367167	0.0898552	-0.2469987	-1.0580735	0.1196452	-0.1547552	-1.4427976	0.0671787	-0.2597669	-1.1003426	0.1091328	-0.1015427	-1.4855846	0.0614779	-0.3124109	-1.2781978	0.8473855	-0.0697926	-1.2663611	0.7401775	-0.0558968	-1.3869405	0.8037395	-0.0443218	-1.3494754	0.7742488	-0.3642791	-1.3981448	0.6784134	-0.3749352	-1.4570871	0.7974138	-0.4002067	-1.2272352	0.4445614	-0.0816164	-1.1853892	0.3210679	-0.0755878	-1.2629675	0.3231314	-0.0773340	-1.5040285	0.4032501	-0.3427498	-1.5029298	0.2720456	-0.3422934	-1.5745444	0.2986192	-0.3452543	-1.4268018	0.9430316	-0.1462221	-1.4220061	0.9401673	-0.3053396	-1.4877846	1.1909274	0.0183941	-1.3562905	1.1874714	-0.4997225	-1.5039178	1.1755142	-0.0691767	-1.3883063	1.1657449	-0.4109871	-1.5050707	0.9235385	-0.0073222	-1.2242698	0.9794515	-0.4680587	-1.5824414	0.9385569	0.0030234	-1.2847065	0.9516270	-0.4933085
203	3.3666667	-1.3734500	1.4463579	-0.2350400	-1.3635400	1.4415579	-0.0779100	-1.4736000	1.1894279	-0.0298800	-1.5568000	0.9171979	-0.0208800	-1.3664100	1.4517879	-0.3923900	-1.3496500	1.1885279	-0.4448800	-1.2165200	0.9747079	-0.4734500	-1.3723600	0.9461579	-0.2237700	-1.3615200	0.9461979	-0.1239200	-1.2122800	0.5729479	-0.1544100	-1.1677300	0.1688779	-0.1666200	-1.3765600	0.9469579	-0.3239800	-1.4758700	0.5106879	-0.2878200	-1.5675600	0.1272179	-0.2521200	-1.4359900	0.0745979	-0.2749800	-1.4537100	0.0789179	-0.2744600	-1.5916300	0.0960679	-0.2423300	-1.0030200	0.1372279	-0.1558600	-1.0120000	0.1386679	-0.1564400	-1.2282200	0.1254079	-0.1755300	-1.4356755	1.5001771	-0.2228035	-1.3713390	1.4803326	-0.0870755	-1.3539034	1.4821092	-0.3538161	-1.3231722	1.0273817	-0.1003247	-1.3177624	1.0227837	-0.3454787	-1.4953984	1.0189534	-0.1786717	-1.4930141	1.0172305	-0.2747851	-1.2233493	0.5757015	-0.0881022	-1.4640391	0.5302307	-0.3364721	-1.2151517	0.5810280	-0.2032410	-1.4628694	0.5364436	-0.2246370	-1.1638414	0.1502124	-0.1100914	-1.5804309	0.1205276	-0.3023365	-1.1390030	0.1629691	-0.2024042	-1.5545555	0.1259559	-0.2128976	-1.2092799	0.1137213	-0.1670956	-1.6367361	0.0933480	-0.2451554	-1.0129148	0.1335782	-0.1560507	-1.4421621	0.0714637	-0.2592505	-1.0535031	0.1200413	-0.1023080	-1.4853434	0.0656443	-0.3115568	-1.2589259	0.8471631	-0.0691238	-1.2472185	0.7398447	-0.0552985	-1.3676113	0.8039172	-0.0426136	-1.3358922	0.7726583	-0.3634070	-1.3865209	0.6779549	-0.3741576	-1.4429030	0.7984523	-0.3991261	-1.2012354	0.4458328	-0.0812207	-1.1515727	0.3254441	-0.0756053	-1.2295863	0.3227249	-0.0762748	-1.4977867	0.4051985	-0.3415272	-1.4991347	0.2741918	-0.3409779	-1.5702526	0.3021195	-0.3438198	-1.4082666	0.9431423	-0.1441653	-1.4044973	0.9401993	-0.3041778	-1.4723308	1.1934168	0.0188540	-1.3350608	1.1900642	-0.4994921	-1.4889272	1.1782587	-0.0685723	-1.3666856	1.1679315	-0.4110009	-1.4959378	0.9263779	-0.0079987	-1.1958333	0.9871855	-0.4654540	-1.5733856	0.9427614	0.0026952	-1.2555786	0.9571232	-0.4903371
204	3.3833333	-1.3565300	1.4431879	-0.2344000	-1.3461500	1.4386379	-0.0771000	-1.4611700	1.1885379	-0.0300400	-1.5477600	0.9182579	-0.0225000	-1.3499200	1.4485279	-0.3919400	-1.3290700	1.1865279	-0.4451500	-1.1895800	0.9788079	-0.4718500	-1.3524800	0.9462679	-0.2226400	-1.3401900	0.9461879	-0.1231700	-1.1962200	0.5713679	-0.1550100	-1.1186100	0.1727279	-0.1699600	-1.3582200	0.9472479	-0.3225100	-1.4681500	0.5106779	-0.2871100	-1.5703000	0.1262179	-0.2514300	-1.4425300	0.0738879	-0.2736800	-1.4635100	0.0768179	-0.2723100	-1.5972200	0.0984279	-0.2428600	-0.9586400	0.1431979	-0.1568600	-0.9672600	0.1445579	-0.1579800	-1.1755900	0.1288479	-0.1794700	-1.4179389	1.5010271	-0.2211026	-1.3529160	1.4820578	-0.0853177	-1.3362192	1.4833070	-0.3529446	-1.3023969	1.0276912	-0.0987945	-1.2985499	1.0227608	-0.3452898	-1.4755677	1.0189521	-0.1764753	-1.4737550	1.0169584	-0.2731946	-1.2033770	0.5752043	-0.0882290	-1.4540455	0.5313647	-0.3357970	-1.1960786	0.5803626	-0.2033078	-1.4524620	0.5374093	-0.2240549	-1.1227516	0.1543270	-0.1106989	-1.5795149	0.1251090	-0.3009658	-1.0995016	0.1682188	-0.2030425	-1.5535773	0.1299985	-0.2119002	-1.1667041	0.1149226	-0.1672448	-1.6365444	0.0976560	-0.2437424	-0.9715734	0.1461756	-0.1579831	-1.4418690	0.0753798	-0.2589590	-1.0106333	0.1301892	-0.1040381	-1.4853158	0.0697264	-0.3108892	-1.2380870	0.8468132	-0.0687390	-1.2265354	0.7393939	-0.0551263	-1.3466011	0.8040326	-0.0413858	-1.3206607	0.7710868	-0.3626606	-1.3732990	0.6775525	-0.3735433	-1.4270479	0.7994307	-0.3982267	-1.1751718	0.4470088	-0.0816730	-1.1191759	0.3295514	-0.0765880	-1.1972470	0.3229411	-0.0765341	-1.4904385	0.4073267	-0.3404985	-1.4946496	0.2765683	-0.3398606	-1.5651576	0.3060277	-0.3426813	-1.3879183	0.9432846	-0.1423502	-1.3852145	0.9401280	-0.3031908	-1.4553178	1.1951208	0.0191039	-1.3134643	1.1921721	-0.4992734	-1.4726974	1.1802955	-0.0682813	-1.3446419	1.1697440	-0.4110243	-1.4846756	0.9286591	-0.0089658	-1.1677778	0.9939788	-0.4634907	-1.5623480	0.9462132	0.0019246	-1.2271475	0.9617707	-0.4875801
205	3.4000000	-1.3399800	1.4398179	-0.2337400	-1.3290800	1.4349879	-0.0766300	-1.4469000	1.1892979	-0.0304700	-1.5355500	0.9182579	-0.0235800	-1.3340400	1.4449879	-0.3911300	-1.3074100	1.1843779	-0.4453100	-1.1635500	0.9819379	-0.4702700	-1.3331000	0.9453379	-0.2223600	-1.3199600	0.9450679	-0.1229800	-1.1815800	0.5689779	-0.1555200	-1.0706200	0.1750579	-0.1741600	-1.3397300	0.9465879	-0.3221800	-1.4619700	0.5078879	-0.2864600	-1.5677600	0.1247179	-0.2510500	-1.4449600	0.0705879	-0.2717500	-1.4689700	0.0733979	-0.2697200	-1.5971400	0.1007379	-0.2428600	-0.9224400	0.1483979	-0.1608700	-0.9299200	0.1493279	-0.1621800	-1.1227100	0.1308179	-0.1836900	-1.4007617	1.5006157	-0.2202762	-1.3350964	1.4825611	-0.0846128	-1.3191078	1.4832680	-0.3527397	-1.2821660	1.0269647	-0.0982730	-1.2799718	1.0214909	-0.3458655	-1.4561155	1.0177033	-0.1752312	-1.4549324	1.0153613	-0.2724323	-1.1837898	0.5735946	-0.0897658	-1.4444149	0.5314614	-0.3359509	-1.1772980	0.5787567	-0.2045532	-1.4424077	0.5373122	-0.2242893	-1.0865358	0.1573361	-0.1134885	-1.5795529	0.1288393	-0.3005555	-1.0644997	0.1721169	-0.2055043	-1.5536004	0.1331231	-0.2118360	-1.1288776	0.1158657	-0.1696905	-1.6371818	0.1015209	-0.2433526	-0.9359574	0.1555404	-0.1614652	-1.4430168	0.0777890	-0.2594893	-0.9736312	0.1377360	-0.1076399	-1.4866169	0.0725724	-0.3110244	-1.2178795	0.8453099	-0.0694165	-1.2064077	0.7377925	-0.0561805	-1.3260542	0.8029945	-0.0414149	-1.3058862	0.7685461	-0.3627172	-1.3605089	0.6761494	-0.3737140	-1.4116981	0.7992636	-0.3981079	-1.1509385	0.4469521	-0.0837784	-1.0900539	0.3320564	-0.0793608	-1.1678504	0.3225001	-0.0788440	-1.4836599	0.4084832	-0.3402686	-1.4909404	0.2780521	-0.3395655	-1.5607680	0.3090860	-0.3424223	-1.3680095	0.9424478	-0.1414931	-1.3664266	0.9389258	-0.3029843	-1.4386247	1.1950884	0.0186009	-1.2933474	1.1928170	-0.4995412	-1.4570772	1.1806890	-0.0687608	-1.3240455	1.1702059	-0.4116337	-1.4729000	0.9293268	-0.0106380	-1.1420985	0.9986278	-0.4624783	-1.5509683	0.9478691	0.0003250	-1.2012676	0.9644986	-0.4854102
206	3.4166667	-1.3233300	1.4363979	-0.2330900	-1.3113200	1.4316979	-0.0761700	-1.4298800	1.1887279	-0.0310300	-1.5189600	0.9216079	-0.0235100	-1.3185500	1.4415979	-0.3903400	-1.2863100	1.1822879	-0.4450300	-1.1380600	0.9839379	-0.4687500	-1.3151700	0.9434879	-0.2225600	-1.3016500	0.9431079	-0.1229300	-1.1656200	0.5659179	-0.1557800	-1.0288000	0.1754079	-0.1784100	-1.3221600	0.9448579	-0.3226300	-1.4559100	0.5025879	-0.2861300	-1.5611000	0.1178579	-0.2506800	-1.4476100	0.0655179	-0.2693900	-1.4726300	0.0681979	-0.2670100	-1.5931600	0.0942979	-0.2417900	-0.8947800	0.1502079	-0.1655300	-0.9012000	0.1512779	-0.1668800	-1.0771000	0.1302479	-0.1874100	-1.3847864	1.4990162	-0.2199147	-1.3184873	1.4818130	-0.0844276	-1.3031789	1.4820312	-0.3528899	-1.2635216	1.0252797	-0.0984943	-1.2628465	1.0190279	-0.3467573	-1.4380357	1.0153011	-0.1746961	-1.4374650	1.0125295	-0.2721704	-1.1651020	0.5711005	-0.0922501	-1.4356214	0.5304443	-0.3364642	-1.1592974	0.5764706	-0.2065857	-1.4331352	0.5360569	-0.2249006	-1.0562801	0.1587380	-0.1177328	-1.5804579	0.1313444	-0.3006782	-1.0351022	0.1741479	-0.2091645	-1.5544718	0.1349610	-0.2122838	-1.0971132	0.1161912	-0.1736727	-1.6384334	0.1044780	-0.2435186	-0.9069195	0.1607180	-0.1659776	-1.4454612	0.0785078	-0.2605044	-0.9434272	0.1418317	-0.1125185	-1.4891162	0.0739435	-0.3115873	-1.1991366	0.8429413	-0.0707557	-1.1875451	0.7352998	-0.0580378	-1.3068386	0.8009244	-0.0423147	-1.2923189	0.7651673	-0.3632087	-1.3487983	0.6737963	-0.3742379	-1.3976143	0.7980011	-0.3983086	-1.1291196	0.4456856	-0.0869776	-1.0649271	0.3327178	-0.0833106	-1.1422425	0.3212772	-0.0825004	-1.4777830	0.4085115	-0.3404127	-1.4881912	0.2784249	-0.3396822	-1.5572495	0.3110112	-0.3425699	-1.3495560	0.9407700	-0.1412882	-1.3490216	0.9367067	-0.3031616	-1.4225638	1.1936379	0.0177448	-1.2752084	1.1921687	-0.4998644	-1.4422146	1.1797236	-0.0694687	-1.3053000	1.1695071	-0.4124034	-1.4605550	0.9287775	-0.0123310	-1.1192586	1.0012905	-0.4618164	-1.5392108	0.9480276	-0.0014618	-1.1782664	0.9655239	-0.4833872
207	3.4333333	-1.3053000	1.4333179	-0.2320600	-1.2914900	1.4286679	-0.0752200	-1.4113700	1.1868179	-0.0314400	-1.5010700	0.9191279	-0.0228900	-1.3023900	1.4385679	-0.3893500	-1.2667300	1.1807679	-0.4443200	-1.1131300	0.9862279	-0.4672200	-1.2973600	0.9415679	-0.2227600	-1.2837800	0.9410379	-0.1228300	-1.1463200	0.5623479	-0.1561000	-0.9974600	0.1740479	-0.1819900	-1.3043800	0.9427679	-0.3231300	-1.4469500	0.5001979	-0.2866300	-1.5555100	0.1175079	-0.2502900	-1.4557900	0.0643479	-0.2673000	-1.4788100	0.0663879	-0.2650300	-1.5896400	0.0919079	-0.2406000	-0.8764700	0.1485879	-0.1676500	-0.8822100	0.1496779	-0.1691400	-1.0419900	0.1277279	-0.1907700	-1.3686330	1.4972313	-0.2197248	-1.3016447	1.4806677	-0.0844263	-1.2870309	1.4806200	-0.3531058	-1.2451538	1.0234575	-0.0990704	-1.2457849	1.0162468	-0.3474968	-1.4200203	1.0126679	-0.1744398	-1.4200229	1.0094234	-0.2719516	-1.1460196	0.5686485	-0.0949868	-1.4259033	0.5291401	-0.3371008	-1.1406817	0.5744051	-0.2089174	-1.4228083	0.5344084	-0.2256810	-1.0320912	0.1586904	-0.1224228	-1.5811368	0.1340155	-0.3009722	-1.0113182	0.1744858	-0.2131009	-1.5550373	0.1367400	-0.2130049	-1.0717767	0.1164119	-0.1782406	-1.6391674	0.1079348	-0.2438926	-0.8842552	0.1612056	-0.1704985	-1.4482462	0.0786839	-0.2618633	-0.9200115	0.1421486	-0.1176056	-1.4918998	0.0751047	-0.3123595	-1.1804307	0.8406877	-0.0720198	-1.1685894	0.7328702	-0.0599608	-1.2877771	0.7986948	-0.0434300	-1.2784812	0.7619215	-0.3638558	-1.3365844	0.6714184	-0.3748394	-1.3833427	0.7965430	-0.3983685	-1.1087860	0.4438875	-0.0905132	-1.0432596	0.3318956	-0.0875163	-1.1199833	0.3198342	-0.0866087	-1.4712742	0.4084254	-0.3406458	-1.4851603	0.2788112	-0.3399637	-1.5531743	0.3130082	-0.3427291	-1.3312416	0.9390989	-0.1412772	-1.3316580	0.9343554	-0.3032198	-1.4053547	1.1916106	0.0172044	-1.2576538	1.1912112	-0.4998688	-1.4263174	1.1782021	-0.0698901	-1.2870259	1.1685827	-0.4128540	-1.4458665	0.9276587	-0.0135189	-1.0975499	1.0030401	-0.4610462	-1.5252173	0.9473753	-0.0026470	-1.1565879	0.9658762	-0.4812148
208	3.4500000	-1.2856600	1.4305779	-0.2305900	-1.2698600	1.4258879	-0.0737900	-1.3929100	1.1827179	-0.0313800	-1.4810800	0.9155179	-0.0214200	-1.2848500	1.4355879	-0.3879500	-1.2477800	1.1792579	-0.4434000	-1.0895400	0.9886679	-0.4656800	-1.2786100	0.9393079	-0.2227300	-1.2654800	0.9388979	-0.1227400	-1.1242000	0.5608479	-0.1568400	-0.9771200	0.1706979	-0.1846900	-1.2851700	0.9404479	-0.3231600	-1.4333300	0.4986679	-0.2880500	-1.5511200	0.1231079	-0.2505700	-1.4660600	0.0620279	-0.2661100	-1.4850800	0.0647979	-0.2643500	-1.5866400	0.1001279	-0.2406900	-0.8634900	0.1437879	-0.1663800	-0.8692100	0.1448579	-0.1681400	-1.0180000	0.1239179	-0.1939800	-1.3512993	1.4951246	-0.2195593	-1.2835346	1.4788939	-0.0844101	-1.2696263	1.4789579	-0.3532324	-1.2259378	1.0212626	-0.0997928	-1.2276808	1.0128937	-0.3479180	-1.4009513	1.0098530	-0.1742550	-1.4014994	1.0060894	-0.2715911	-1.1256922	0.5660245	-0.0976004	-1.4136085	0.5272018	-0.3379867	-1.1205774	0.5722961	-0.2113522	-1.4097127	0.5319652	-0.2266576	-1.0140045	0.1564748	-0.1269367	-1.5809525	0.1373474	-0.3014179	-0.9931591	0.1724452	-0.2167814	-1.5546446	0.1387945	-0.2140180	-1.0531496	0.1160063	-0.1827666	-1.6388377	0.1126601	-0.2444833	-0.8677475	0.1559435	-0.1744853	-1.4509379	0.0781642	-0.2635473	-0.9032672	0.1377120	-0.1222723	-1.4945651	0.0761442	-0.3133407	-1.1606756	0.8383572	-0.0728118	-1.1485496	0.7303084	-0.0615306	-1.2679580	0.7961274	-0.0443687	-1.2630071	0.7586919	-0.3646988	-1.3223950	0.6688075	-0.3756106	-1.3676658	0.7946432	-0.3982418	-1.0893193	0.4411757	-0.0939773	-1.0246750	0.3290211	-0.0914685	-1.1007531	0.3176821	-0.0906420	-1.4627528	0.4080959	-0.3410263	-1.4808428	0.2792683	-0.3404838	-1.5474252	0.3152910	-0.3428903	-1.3119990	0.9372142	-0.1412205	-1.3132943	0.9316589	-0.3029310	-1.3860302	1.1887469	0.0171085	-1.2398127	1.1897084	-0.4993616	-1.4083889	1.1758415	-0.0698885	-1.2683632	1.1671986	-0.4127026	-1.4279058	0.9257425	-0.0140112	-1.0760658	1.0037061	-0.4600325	-1.5079461	0.9456670	-0.0030689	-1.1353297	0.9653613	-0.4788408
209	3.4666667	-1.2654400	1.4283279	-0.2289300	-1.2480300	1.4237779	-0.0722800	-1.3745000	1.1786279	-0.0306600	-1.4552500	0.9133579	-0.0182800	-1.2662500	1.4336679	-0.3862300	-1.2281500	1.1776179	-0.4422900	-1.0676000	0.9907279	-0.4641900	-1.2587700	0.9376879	-0.2222800	-1.2461200	0.9372379	-0.1223400	-1.1003100	0.5603979	-0.1580500	-0.9663000	0.1661979	-0.1865600	-1.2648600	0.9389379	-0.3226500	-1.4177900	0.5000279	-0.2894100	-1.5496300	0.1319979	-0.2514100	-1.4742300	0.0590679	-0.2656600	-1.4889900	0.0633479	-0.2645600	-1.5850900	0.1095879	-0.2421800	-0.8507000	0.1404979	-0.1632400	-0.8569500	0.1412679	-0.1653400	-1.0057100	0.1191979	-0.1966500	-1.3326959	1.4936802	-0.2191196	-1.2641006	1.4775073	-0.0839892	-1.2509162	1.4780823	-0.3530338	-1.2056687	1.0197728	-0.1003528	-1.2084129	1.0100546	-0.3479499	-1.3806519	1.0080525	-0.1738984	-1.3817278	1.0037182	-0.2709345	-1.1040395	0.5643097	-0.0997908	-1.3985122	0.5256056	-0.3389414	-1.0990874	0.5711614	-0.2136275	-1.3936522	0.5297427	-0.2275398	-1.0008838	0.1532867	-0.1307493	-1.5800020	0.1426531	-0.3018327	-0.9796786	0.1692555	-0.2198610	-1.5534041	0.1424491	-0.2150647	-1.0402908	0.1157679	-0.1866332	-1.6376877	0.1202236	-0.2450783	-0.8559637	0.1469105	-0.1778047	-1.4536626	0.0779009	-0.2652373	-0.8916753	0.1302732	-0.1261804	-1.4972407	0.0781094	-0.3143126	-1.1397113	0.8369663	-0.0730066	-1.1272672	0.7286632	-0.0625338	-1.2471365	0.7943078	-0.0448190	-1.2456319	0.7564560	-0.3655693	-1.3059885	0.6669271	-0.3763969	-1.3504022	0.7932761	-0.3978764	-1.0702829	0.4387122	-0.0969677	-1.0083670	0.3254065	-0.0947837	-1.0838394	0.3158363	-0.0940609	-1.4520156	0.4085349	-0.3414013	-1.4751034	0.2808991	-0.3410782	-1.5399532	0.3190333	-0.3429124	-1.2916622	0.9361030	-0.1408562	-1.2938051	0.9296281	-0.3021527	-1.3645841	1.1860351	0.0176222	-1.2215987	1.1885882	-0.4981928	-1.3882854	1.1736012	-0.0692901	-1.2492642	1.1662923	-0.4118188	-1.4061882	0.9240260	-0.0134161	-1.0549065	1.0040505	-0.4586625	-1.4869599	0.9437807	-0.0025160	-1.1146261	0.9647763	-0.4761432
210	3.4833333	-1.2454600	1.4258979	-0.2271400	-1.2271200	1.4212779	-0.0707200	-1.3559000	1.1748979	-0.0292800	-1.4277100	0.9105679	-0.0145500	-1.2472700	1.4315379	-0.3842800	-1.2080600	1.1753979	-0.4410200	-1.0473900	0.9926579	-0.4627600	-1.2379900	0.9364579	-0.2214600	-1.2251500	0.9360279	-0.1214800	-1.0768200	0.5596579	-0.1595700	-0.9608000	0.1600779	-0.1881000	-1.2442900	0.9377979	-0.3218700	-1.4020000	0.5000479	-0.2901200	-1.5506300	0.1396679	-0.2520900	-1.4784900	0.0583779	-0.2655400	-1.4903800	0.0633079	-0.2648800	-1.5866000	0.1194379	-0.2436200	-0.8350600	0.1362679	-0.1609300	-0.8422900	0.1369779	-0.1633000	-1.0020600	0.1131579	-0.1986600	-1.3130796	1.4924975	-0.2183282	-1.2436894	1.4762107	-0.0831196	-1.2312712	1.4775993	-0.3524330	-1.1844489	1.0188143	-0.1005881	-1.1882570	1.0076689	-0.3477701	-1.3592967	1.0070484	-0.1732587	-1.3609248	1.0021298	-0.2700183	-1.0812919	0.5632219	-0.1014665	-1.3808764	0.5241058	-0.3398631	-1.0766413	0.5706439	-0.2155803	-1.3749153	0.5275708	-0.2282181	-0.9907230	0.1495263	-0.1336826	-1.5783838	0.1497788	-0.3021011	-0.9691099	0.1653564	-0.2223143	-1.5514300	0.1476616	-0.2159609	-1.0312142	0.1154085	-0.1895603	-1.6358497	0.1306107	-0.2455167	-0.8467053	0.1359600	-0.1806391	-1.4566266	0.0777426	-0.2666962	-0.8828794	0.1212858	-0.1293344	-1.5000784	0.0808069	-0.3151265	-1.1176751	0.8361628	-0.0727677	-1.1048896	0.7276169	-0.0630220	-1.2253009	0.7930163	-0.0447247	-1.2265586	0.7549069	-0.3664192	-1.2876047	0.6654813	-0.3771497	-1.3317498	0.7921803	-0.3973471	-1.0512354	0.4364855	-0.0993002	-0.9931747	0.3214315	-0.0973521	-1.0681659	0.3142007	-0.0966182	-1.4392275	0.4094512	-0.3417034	-1.4680143	0.2834384	-0.3416322	-1.5309110	0.3239954	-0.3427551	-1.2703463	0.9354532	-0.1401257	-1.2733779	0.9280368	-0.3010024	-1.3415025	1.1832554	0.0187016	-1.2032037	1.1876152	-0.4964879	-1.3665075	1.1712298	-0.0681454	-1.2299331	1.1655970	-0.4103498	-1.3812742	0.9222636	-0.0117862	-1.0342995	1.0038034	-0.4571598	-1.4627587	0.9414616	-0.0010211	-1.0947132	0.9638082	-0.4732856
211	3.5000000	-1.2252600	1.4248279	-0.2252000	-1.2069200	1.4198779	-0.0689600	-1.3368800	1.1727979	-0.0275900	-1.4074600	0.9092279	-0.0125800	-1.2271200	1.4307979	-0.3821600	-1.1884400	1.1735979	-0.4396800	-1.0289800	0.9938279	-0.4613600	-1.2170300	0.9348279	-0.2204100	-1.2036200	0.9344579	-0.1203700	-1.0560000	0.5570279	-0.1612600	-0.9561000	0.1525479	-0.1897400	-1.2239100	0.9360979	-0.3209100	-1.3855600	0.4982479	-0.2906500	-1.5505700	0.1442879	-0.2520800	-1.4797300	0.0552679	-0.2652500	-1.4906300	0.0607079	-0.2646800	-1.5852200	0.1260479	-0.2438900	-0.8182900	0.1294279	-0.1615300	-0.8266200	0.1300179	-0.1639900	-1.0007800	0.1048779	-0.2002600	-1.2931396	1.4906689	-0.2172146	-1.2230779	1.4741881	-0.0819250	-1.2114394	1.4765484	-0.3514559	-1.1629993	1.0175912	-0.1005062	-1.1680115	1.0049540	-0.3475197	-1.3376708	1.0060479	-0.1723747	-1.3398942	1.0005269	-0.2689599	-1.0585548	0.5617192	-0.1028304	-1.3615071	0.5218431	-0.3407296	-1.0544458	0.5696341	-0.2172469	-1.3542870	0.5246064	-0.2287829	-0.9821724	0.1450449	-0.1358086	-1.5758631	0.1574604	-0.3022008	-0.9602896	0.1606101	-0.2242203	-1.5484847	0.1533392	-0.2166781	-1.0243161	0.1140154	-0.1915444	-1.6328634	0.1425956	-0.2458085	-0.8387847	0.1244830	-0.1831163	-1.4598628	0.0766733	-0.2677630	-0.8754818	0.1117511	-0.1318656	-1.5029704	0.0831049	-0.3156518	-1.0954414	0.8349409	-0.0724445	-1.0823604	0.7261589	-0.0632867	-1.2031899	0.7914526	-0.0442924	-1.2066731	0.7532416	-0.3672705	-1.2681083	0.6636513	-0.3779018	-1.3125241	0.7905477	-0.3966931	-1.0325985	0.4337705	-0.1010999	-0.9787709	0.3168090	-0.0993302	-1.0534152	0.3120749	-0.0984234	-1.4248944	0.4098168	-0.3419486	-1.4597395	0.2857796	-0.3420888	-1.5205007	0.3289979	-0.3424452	-1.2488081	0.9344707	-0.1391273	-1.2527820	0.9260965	-0.2996417	-1.3181550	1.1800573	0.0200339	-1.1851525	1.1862606	-0.4945007	-1.3445644	1.1683760	-0.0666446	-1.2110040	1.1645736	-0.4085419	-1.3559333	0.9200302	-0.0098109	-1.0149866	1.0023971	-0.4556286	-1.4377977	0.9384858	0.0010528	-1.0761412	0.9619456	-0.4706340
212	3.5166667	-1.2042100	1.4253779	-0.2232200	-1.1870500	1.4194879	-0.0669500	-1.3166100	1.1715479	-0.0260000	-1.3947100	0.9054979	-0.0127900	-1.2049300	1.4318779	-0.3801500	-1.1692000	1.1726679	-0.4382300	-1.0118500	0.9944479	-0.4599500	-1.1959900	0.9323179	-0.2191000	-1.1826700	0.9320479	-0.1192000	-1.0381400	0.5530179	-0.1629100	-0.9515100	0.1439679	-0.1911300	-1.2028000	0.9332979	-0.3194600	-1.3668300	0.4961079	-0.2915700	-1.5470900	0.1468479	-0.2515900	-1.4821400	0.0515479	-0.2647600	-1.4925000	0.0574679	-0.2641200	-1.5786100	0.1309479	-0.2431400	-0.8035100	0.1186179	-0.1649700	-0.8129500	0.1194879	-0.1672500	-1.0011000	0.0976479	-0.2010800	-1.2729743	1.4877913	-0.2158459	-1.2024600	1.4711025	-0.0806040	-1.1914827	1.4744791	-0.3501131	-1.1414511	1.0156129	-0.1001143	-1.1477102	1.0013484	-0.3471058	-1.3159107	1.0044270	-0.1712629	-1.3187347	0.9982591	-0.2677629	-1.0363995	0.5590098	-0.1039393	-1.3403267	0.5182559	-0.3416267	-1.0330396	0.5673082	-0.2185944	-1.3316901	0.5202425	-0.2294812	-0.9746490	0.1396793	-0.1372405	-1.5715843	0.1648236	-0.3021367	-0.9526710	0.1548424	-0.2256128	-1.5437354	0.1587002	-0.2172913	-1.0187035	0.1111058	-0.1927146	-1.6274908	0.1552387	-0.2460913	-0.8318509	0.1130338	-0.1851622	-1.4630314	0.0741637	-0.2683002	-0.8690195	0.1020728	-0.1338218	-1.5053601	0.0843772	-0.3157230	-1.0732571	0.8326056	-0.0721154	-1.0600514	0.7235622	-0.0634117	-1.1810640	0.7890655	-0.0435768	-1.1861088	0.7509941	-0.3680642	-1.2475499	0.6609537	-0.3786634	-1.2927383	0.7878813	-0.3958088	-1.0146525	0.4299770	-0.1024439	-0.9651070	0.3111907	-0.1008062	-1.0395134	0.3089748	-0.0996122	-1.4087499	0.4089714	-0.3422022	-1.4498043	0.2872015	-0.3424441	-1.5081477	0.3332270	-0.3420322	-1.2271851	0.9326754	-0.1378437	-1.2320825	0.9232771	-0.2980324	-1.2949652	1.1763262	0.0214495	-1.1672180	1.1843472	-0.4922769	-1.3229146	1.1649502	-0.0649353	-1.1924207	1.1630268	-0.4064309	-1.3319218	0.9169274	-0.0080480	-0.9969059	0.9995653	-0.4539362	-1.4136379	0.9348093	0.0034570	-1.0587868	0.9590898	-0.4683457
213	3.5333333	-1.1824500	1.4269679	-0.2213000	-1.1674600	1.4202179	-0.0648100	-1.2941400	1.1710179	-0.0244900	-1.3819700	0.9063979	-0.0132400	-1.1809600	1.4341679	-0.3783300	-1.1499800	1.1736279	-0.4365100	-0.9954800	0.9945179	-0.4583600	-1.1738800	0.9309179	-0.2176800	-1.1618600	0.9309079	-0.1181800	-1.0221100	0.5495679	-0.1637700	-0.9490800	0.1369379	-0.1915600	-1.1794700	0.9317879	-0.3176100	-1.3431900	0.4946179	-0.2932600	-1.5403500	0.1495179	-0.2515600	-1.4857500	0.0479979	-0.2647400	-1.4951900	0.0551379	-0.2640600	-1.5701600	0.1358979	-0.2427200	-0.7957000	0.1056979	-0.1692800	-0.8057000	0.1067479	-0.1712100	-1.0039800	0.0908479	-0.2007700	-1.2518789	1.4859318	-0.2144721	-1.1812045	1.4690935	-0.0794630	-1.1705711	1.4734673	-0.3486203	-1.1188864	1.0149669	-0.0996913	-1.1263062	0.9987705	-0.3466245	-1.2931019	1.0039748	-0.1702218	-1.2964779	0.9970529	-0.2666600	-1.0143644	0.5568055	-0.1049367	-1.3159977	0.5151718	-0.3429282	-1.0119097	0.5653417	-0.2197588	-1.3058533	0.5162573	-0.2307408	-0.9678677	0.1353263	-0.1381837	-1.5640167	0.1735599	-0.3023322	-0.9459748	0.1498957	-0.2266249	-1.5357218	0.1654687	-0.2182175	-1.0138928	0.1085979	-0.1933118	-1.6179212	0.1701372	-0.2469173	-0.8258544	0.1034918	-0.1868155	-1.4650608	0.0722327	-0.2685333	-0.8633791	0.0941750	-0.1353629	-1.5059766	0.0865701	-0.3155708	-1.0502852	0.8309648	-0.0719486	-1.0372722	0.7216048	-0.0635723	-1.1581544	0.7877811	-0.0427448	-1.1637335	0.7501086	-0.3689707	-1.2247015	0.6593043	-0.3796953	-1.2712118	0.7860787	-0.3948800	-0.9969962	0.4268557	-0.1035175	-0.9518657	0.3063492	-0.1019731	-1.0260988	0.3067656	-0.1003923	-1.3894267	0.4087096	-0.3428609	-1.4367960	0.2894782	-0.3430784	-1.4923558	0.3383916	-0.3419537	-1.2045278	0.9320626	-0.1364547	-1.2102568	0.9214604	-0.2963162	-1.2710483	1.1741797	0.0225429	-1.1482664	1.1838171	-0.4899626	-1.3005315	1.1630966	-0.0633209	-1.1731130	1.1629469	-0.4041493	-1.3085723	0.9151090	-0.0066940	-0.9791632	0.9972551	-0.4522581	-1.3898243	0.9326919	0.0057051	-1.0417742	0.9572666	-0.4665151
214	3.5500000	-1.1608800	1.4292579	-0.2192800	-1.1482700	1.4219379	-0.0625000	-1.2692800	1.1716279	-0.0227500	-1.3648900	0.9075579	-0.0127500	-1.1568800	1.4371879	-0.3764700	-1.1318200	1.1753779	-0.4344200	-0.9803100	0.9936979	-0.4564100	-1.1502000	0.9324079	-0.2166600	-1.1401400	0.9325179	-0.1174900	-1.0075800	0.5484879	-0.1629100	-0.9474900	0.1319679	-0.1910200	-1.1538600	0.9331079	-0.3161900	-1.3101000	0.4963679	-0.2962600	-1.5323900	0.1560979	-0.2528600	-1.4888600	0.0483179	-0.2654000	-1.4967200	0.0560579	-0.2648400	-1.5649000	0.1442479	-0.2440500	-0.7986600	0.0926279	-0.1725200	-0.8084100	0.0943479	-0.1740800	-1.0065400	0.0846879	-0.1996600	-1.2297973	1.4868815	-0.2135738	-1.1592423	1.4700108	-0.0789516	-1.1485436	1.4753403	-0.3474948	-1.0948828	1.0175788	-0.0998828	-1.1033881	0.9990530	-0.3465456	-1.2688173	1.0062074	-0.1698402	-1.2726929	0.9983898	-0.2661617	-0.9924020	0.5567822	-0.1061947	-1.2873476	0.5142608	-0.3452325	-0.9909604	0.5653675	-0.2210785	-1.2757429	0.5143308	-0.2330863	-0.9620718	0.1336018	-0.1391192	-1.5523597	0.1854672	-0.3035413	-0.9404525	0.1473582	-0.2276785	-1.5237365	0.1754657	-0.2200664	-1.0099612	0.1082197	-0.1938628	-1.6032654	0.1890055	-0.2490614	-0.8212744	0.0973112	-0.1884254	-1.4654200	0.0730018	-0.2690297	-0.8589723	0.0895632	-0.1369254	-1.5041557	0.0917370	-0.3158414	-1.0261977	0.8316514	-0.0723925	-1.0138065	0.7219390	-0.0642121	-1.1341428	0.7893382	-0.0422970	-1.1386809	0.7523430	-0.3704371	-1.1985572	0.6604260	-0.3815126	-1.2471240	0.7867834	-0.3945038	-0.9796577	0.4260407	-0.1047320	-0.9392112	0.3038794	-0.1032771	-1.0132707	0.3071195	-0.1011974	-1.3658605	0.4107199	-0.3446080	-1.4197365	0.2943430	-0.3447032	-1.4721541	0.3462116	-0.3429949	-1.1803255	0.9343656	-0.1354857	-1.1868083	0.9223171	-0.2949800	-1.2456240	1.1750427	0.0230043	-1.1280129	1.1861137	-0.4879861	-1.2765552	1.1642384	-0.0622347	-1.1528155	1.1657902	-0.4020968	-1.2844513	0.9159325	-0.0058156	-0.9615285	0.9968833	-0.4511850	-1.3652434	0.9334770	0.0074619	-1.0251432	0.9578219	-0.4654087
215	3.5666667	-1.1400300	1.4323279	-0.2169300	-1.1288500	1.4243779	-0.0598800	-1.2423600	1.1732279	-0.0206000	-1.3437600	0.9089879	-0.0115300	-1.1345600	1.4408779	-0.3743200	-1.1156600	1.1776079	-0.4320500	-0.9672300	0.9919179	-0.4540500	-1.1254500	0.9359679	-0.2161600	-1.1172900	0.9356979	-0.1170000	-0.9948100	0.5501479	-0.1602700	-0.9459000	0.1298979	-0.1895800	-1.1271900	0.9371579	-0.3156400	-1.2657100	0.5057479	-0.3003900	-1.5251200	0.1680279	-0.2553600	-1.4849900	0.0524479	-0.2666000	-1.4918600	0.0611579	-0.2662700	-1.5643500	0.1574379	-0.2470900	-0.8085700	0.0798579	-0.1738000	-0.8174100	0.0821079	-0.1750900	-1.0070000	0.0837979	-0.1982900	-1.2074603	1.4898326	-0.2130478	-1.1370312	1.4730469	-0.0788658	-1.1262077	1.4792632	-0.3468691	-1.0700184	1.0226582	-0.1008637	-1.0795838	1.0015698	-0.3469268	-1.2436417	1.0100954	-0.1701504	-1.2479798	1.0012924	-0.2662411	-0.9714324	0.5581695	-0.1075832	-1.2539308	0.5148016	-0.3484776	-0.9710200	0.5665808	-0.2223692	-1.2411046	0.5138341	-0.2363220	-0.9576768	0.1335715	-0.1401317	-1.5364289	0.1999020	-0.3058906	-0.9364882	0.1463531	-0.2288777	-1.5076461	0.1881125	-0.2227121	-1.0071992	0.1091708	-0.1945649	-1.5834592	0.2110407	-0.2525126	-0.8185544	0.0934893	-0.1899908	-1.4637065	0.0762987	-0.2698062	-0.8562300	0.0872071	-0.1385137	-1.4995143	0.0995558	-0.3166966	-1.0017285	0.8337415	-0.0733987	-0.9904748	0.7236993	-0.0652785	-1.1097504	0.7928761	-0.0423219	-1.1109311	0.7569841	-0.3723706	-1.1689044	0.6635832	-0.3840386	-1.2205447	0.7891045	-0.3948447	-0.9634020	0.4266881	-0.1059795	-0.9277804	0.3029411	-0.1046808	-1.0016746	0.3091121	-0.1019800	-1.3376881	0.4142816	-0.3475155	-1.3982726	0.3011120	-0.3474394	-1.4473075	0.3559731	-0.3453345	-1.1550629	0.9386546	-0.1350552	-1.1622522	0.9250137	-0.2941054	-1.2188840	1.1777707	0.0229379	-1.1074048	1.1901451	-0.4863493	-1.2512309	1.1672431	-0.0616041	-1.1324076	1.1704778	-0.4002271	-1.2591176	0.9183090	-0.0051973	-0.9449368	0.9973962	-0.4508365	-1.3396136	0.9359693	0.0088106	-1.0099652	0.9595910	-0.4648265
216	3.5833333	-1.1194200	1.4360279	-0.2144200	-1.1082600	1.4273179	-0.0571400	-1.2145000	1.1749279	-0.0182200	-1.3176700	0.9095879	-0.0098500	-1.1139300	1.4449479	-0.3720300	-1.1005000	1.1795779	-0.4297300	-0.9560100	0.9895879	-0.4513700	-1.1011000	0.9394679	-0.2156400	-1.0950800	0.9385379	-0.1161800	-0.9828900	0.5522379	-0.1568900	-0.9453900	0.1290379	-0.1873500	-1.1006500	0.9412979	-0.3153300	-1.2149600	0.5184479	-0.3045600	-1.5179500	0.1820679	-0.2580300	-1.4658900	0.0576479	-0.2683200	-1.4730600	0.0675379	-0.2681400	-1.5632400	0.1732479	-0.2507500	-0.8158500	0.0704679	-0.1735600	-0.8241400	0.0731079	-0.1746500	-1.0058400	0.0837979	-0.1969900	-1.1859949	1.4928145	-0.2121134	-1.1152388	1.4761624	-0.0783518	-1.1049957	1.4830999	-0.3462687	-1.0457342	1.0278689	-0.1020138	-1.0563496	1.0043841	-0.3471588	-1.2190716	1.0136057	-0.1703777	-1.2238407	1.0038656	-0.2661115	-0.9534417	0.5588174	-0.1083347	-1.2165682	0.5150196	-0.3517683	-0.9539534	0.5668616	-0.2228621	-1.2029468	0.5131540	-0.2393805	-0.9550644	0.1328555	-0.1406918	-1.5165273	0.2145355	-0.3087149	-0.9344023	0.1446736	-0.2297588	-1.4877413	0.2011906	-0.2252220	-1.0059341	0.1091025	-0.1950372	-1.5593044	0.2334000	-0.2563255	-0.8177474	0.0898731	-0.1909373	-1.4588957	0.0806147	-0.2702718	-0.8552676	0.0847812	-0.1394690	-1.4913487	0.1081872	-0.3177074	-0.9786116	0.8349922	-0.0741992	-0.9691340	0.7246858	-0.0660128	-1.0867499	0.7961981	-0.0422030	-1.0815452	0.7621420	-0.3739593	-1.1366734	0.6668999	-0.3864291	-1.1926236	0.7909815	-0.3953813	-0.9497651	0.4265861	-0.1065170	-0.9186069	0.3013893	-0.1055078	-0.9924137	0.3102963	-0.1020860	-1.3055768	0.4174948	-0.3508289	-1.3727873	0.3077680	-0.3506012	-1.4184911	0.3655323	-0.3483166	-1.1302252	0.9427136	-0.1345975	-1.1380794	0.9275702	-0.2931314	-1.1918880	1.1801799	0.0230533	-1.0879521	1.1937543	-0.4845178	-1.2256299	1.1699324	-0.0606914	-1.1133617	1.1748337	-0.3980100	-1.2328724	0.9201177	-0.0041374	-0.9307671	0.9967307	-0.4505320	-1.3132861	0.9378756	0.0104385	-0.9975938	0.9605004	-0.4640156
217	3.6000000	-1.0982100	1.4393779	-0.2122400	-1.0866600	1.4306179	-0.0547600	-1.1874200	1.1768579	-0.0159600	-1.2858100	0.9086079	-0.0078400	-1.0931100	1.4483279	-0.3700900	-1.0844500	1.1812979	-0.4278500	-0.9455000	0.9865279	-0.4486900	-1.0790300	0.9427479	-0.2146500	-1.0758000	0.9411279	-0.1147900	-0.9707400	0.5523779	-0.1539200	-0.9450900	0.1276979	-0.1853500	-1.0756800	0.9451879	-0.3146400	-1.1646400	0.5289079	-0.3078100	-1.5063600	0.1951879	-0.2607100	-1.4351600	0.0759779	-0.2701200	-1.4429700	0.0849779	-0.2701200	-1.5512700	0.1851279	-0.2548000	-0.8131200	0.0649179	-0.1731400	-0.8216200	0.0676179	-0.1740800	-1.0048800	0.0834079	-0.1961400	-1.1664597	1.4957915	-0.2103797	-1.0947214	1.4793096	-0.0771210	-1.0863482	1.4865843	-0.3452514	-1.0239698	1.0325179	-0.1028226	-1.0353996	1.0073872	-0.3465182	-1.1968930	1.0164706	-0.1699611	-1.2020112	1.0060646	-0.2651100	-0.9403615	0.5588405	-0.1079342	-1.1775884	0.5155563	-0.3541763	-0.9414566	0.5664245	-0.2219903	-1.1637579	0.5131171	-0.2413831	-0.9543708	0.1313970	-0.1404322	-1.4936906	0.2285853	-0.3112456	-0.9340930	0.1424521	-0.2299572	-1.4650492	0.2140253	-0.2267620	-1.0062289	0.1081413	-0.1950868	-1.5327488	0.2540048	-0.2594117	-0.8183664	0.0863654	-0.1907748	-1.4493912	0.0867815	-0.2701249	-0.8557715	0.0820781	-0.1392345	-1.4787291	0.1178329	-0.3185387	-0.9589656	0.8353383	-0.0741881	-0.9518790	0.7249251	-0.0658661	-1.0672396	0.7991274	-0.0415971	-1.0525329	0.7678950	-0.3743219	-1.1039298	0.6706336	-0.3877289	-1.1651888	0.7925340	-0.3954599	-0.9401990	0.4258481	-0.1058248	-0.9125760	0.2994042	-0.1052242	-0.9864370	0.3105306	-0.1011546	-1.2714235	0.4207395	-0.3536863	-1.3446577	0.3143326	-0.3533494	-1.3874595	0.3746727	-0.3511316	-1.1077405	0.9462602	-0.1337466	-1.1161064	0.9300546	-0.2915723	-1.1659989	1.1821182	0.0238619	-1.0708333	1.1968052	-0.4821750	-1.2009751	1.1721370	-0.0589861	-1.0968860	1.1786529	-0.3952166	-1.2061230	0.9212554	-0.0021662	-0.9199525	0.9948122	-0.4496731	-1.2867276	0.9388849	0.0128360	-0.9888235	0.9605407	-0.4625356
218	3.6166667	-1.0761000	1.4427679	-0.2107400	-1.0647800	1.4344279	-0.0531200	-1.1619100	1.1773979	-0.0138900	-1.2509200	0.9063979	-0.0057600	-1.0707400	1.4513579	-0.3687400	-1.0667300	1.1836479	-0.4265100	-0.9352200	0.9830779	-0.4464600	-1.0589900	0.9466979	-0.2134700	-1.0583600	0.9445679	-0.1132000	-0.9594300	0.5503879	-0.1518900	-0.9431800	0.1265279	-0.1848800	-1.0529400	0.9497579	-0.3137800	-1.1163000	0.5372879	-0.3099500	-1.4849900	0.2081879	-0.2644300	-1.3947200	0.0914779	-0.2727200	-1.4036500	0.1004479	-0.2727600	-1.5258600	0.1955679	-0.2602800	-0.8034800	0.0629179	-0.1730600	-0.8125500	0.0655479	-0.1739000	-1.0036200	0.0822079	-0.1962600	-1.1477880	1.4996005	-0.2082055	-1.0745623	1.4833050	-0.0755137	-1.0692070	1.4904487	-0.3440404	-1.0042690	1.0370219	-0.1033855	-1.0162972	1.0114101	-0.3450562	-1.1766334	1.0197754	-0.1690454	-1.1820354	1.0091565	-0.2633721	-0.9315332	0.5591962	-0.1069590	-1.1373252	0.5178434	-0.3558096	-0.9327593	0.5663329	-0.2203939	-1.1236834	0.5151993	-0.2425067	-0.9545342	0.1301586	-0.1396524	-1.4668573	0.2418564	-0.3136184	-0.9343599	0.1407296	-0.2297622	-1.4384110	0.2264128	-0.2276111	-1.0070562	0.1072951	-0.1949764	-1.5035900	0.2719279	-0.2617138	-0.8190092	0.0838454	-0.1898846	-1.4317636	0.0949063	-0.2700414	-0.8564790	0.0799262	-0.1380803	-1.4588830	0.1283544	-0.3197230	-0.9423844	0.8357171	-0.0736858	-0.9382466	0.7253935	-0.0652173	-1.0508819	0.8025463	-0.0409020	-1.0240421	0.7754714	-0.3737708	-1.0708869	0.6760880	-0.3881416	-1.1382763	0.7949379	-0.3951844	-0.9339738	0.4254944	-0.1044102	-0.9088222	0.2980155	-0.1042049	-0.9828615	0.3107476	-0.0996850	-1.2350506	0.4250920	-0.3561416	-1.3131898	0.3214162	-0.3557823	-1.3538842	0.3839246	-0.3538144	-1.0873606	0.9501721	-0.1328507	-1.0960884	0.9336064	-0.2897189	-1.1408213	1.1844312	0.0250316	-1.0550623	1.2002115	-0.4797310	-1.1766996	1.1746657	-0.0568198	-1.0820028	1.1827718	-0.3923375	-1.1780677	0.9226321	0.0003812	-0.9112230	0.9927214	-0.4485324	-1.2590345	0.9397957	0.0156405	-0.9822595	0.9607472	-0.4608729
219	3.6333333	-1.0539100	1.4460979	-0.2096000	-1.0432500	1.4374579	-0.0519700	-1.1369700	1.1782679	-0.0116100	-1.2161300	0.9040079	-0.0035600	-1.0478800	1.4550079	-0.3675600	-1.0482400	1.1864479	-0.4252400	-0.9250700	0.9793079	-0.4447800	-1.0383500	0.9506079	-0.2124400	-1.0389500	0.9480779	-0.1117100	-0.9503800	0.5476479	-0.1508500	-0.9401900	0.1246579	-0.1860500	-1.0309900	0.9540779	-0.3131700	-1.0694800	0.5442179	-0.3111200	-1.4535600	0.2231479	-0.2695400	-1.3520900	0.1084279	-0.2766100	-1.3618600	0.1169479	-0.2766700	-1.4940000	0.2120279	-0.2670100	-0.7949100	0.0626079	-0.1730700	-0.8044100	0.0652379	-0.1738500	-1.0018300	0.0802879	-0.1973600	-1.1275065	1.5034691	-0.2061190	-1.0526205	1.4874165	-0.0740395	-1.0508765	1.4939988	-0.3429412	-0.9838581	1.0406418	-0.1037623	-0.9963674	1.0158168	-0.3432189	-1.1557166	1.0229523	-0.1678966	-1.1613638	1.0126399	-0.2613242	-0.9236358	0.5594314	-0.1058779	-1.0941032	0.5214708	-0.3571384	-0.9245176	0.5662424	-0.2186903	-1.0807497	0.5189155	-0.2432888	-0.9532986	0.1288853	-0.1389596	-1.4340509	0.2535212	-0.3161557	-0.9328512	0.1392282	-0.2297295	-1.4057440	0.2373928	-0.2284083	-1.0062418	0.1063426	-0.1952224	-1.4701236	0.2862424	-0.2635515	-0.8174090	0.0818365	-0.1889542	-1.4033735	0.1037321	-0.2708714	-0.8552113	0.0778868	-0.1366744	-1.4294312	0.1385856	-0.3218660	-0.9259198	0.8355507	-0.0729503	-0.9251783	0.7255550	-0.0643870	-1.0348255	0.8057429	-0.0403855	-0.9940880	0.7842085	-0.3730076	-1.0357326	0.6827201	-0.3882627	-1.1098013	0.7977215	-0.3948812	-0.9281011	0.4251629	-0.1028198	-0.9046940	0.2968228	-0.1029659	-0.9789865	0.3106853	-0.0983039	-1.1946280	0.4301051	-0.3585008	-1.2764644	0.3284248	-0.3582814	-1.3159268	0.3927063	-0.3565711	-1.0664675	0.9537293	-0.1321847	-1.0754550	0.9375897	-0.2880298	-1.1142244	1.1865638	0.0261631	-1.0380725	1.2033919	-0.4775624	-1.1507458	1.1769464	-0.0546035	-1.0660588	1.1865859	-0.3897492	-1.1470400	0.9238274	0.0030373	-0.9018070	0.9902422	-0.4475342	-1.2283490	0.9402004	0.0183856	-0.9750134	0.9607155	-0.4594771
220	3.6500000	-1.0329200	1.4494079	-0.2082600	-1.0224800	1.4402179	-0.0508700	-1.1114300	1.1775579	-0.0087600	-1.1807000	0.8999979	-0.0007300	-1.0267200	1.4590379	-0.3659700	-1.0307400	1.1902279	-0.4235100	-0.9143800	0.9755479	-0.4431800	-1.0156800	0.9522179	-0.2115000	-1.0163000	0.9495079	-0.1101900	-0.9427200	0.5453579	-0.1506400	-0.9386700	0.1243479	-0.1878300	-1.0081900	0.9558779	-0.3128000	-1.0261000	0.5512479	-0.3114600	-1.4172100	0.2418479	-0.2751700	-1.3086100	0.1252079	-0.2819500	-1.3189600	0.1330479	-0.2820200	-1.4599500	0.2311979	-0.2733300	-0.7909100	0.0628179	-0.1732400	-0.8004500	0.0653679	-0.1739700	-0.9999900	0.0802679	-0.1990200	-1.1049122	1.5051734	-0.2041810	-1.0284652	1.4894412	-0.0727221	-1.0303742	1.4952060	-0.3418420	-0.9612785	1.0414384	-0.1036596	-0.9742242	1.0184096	-0.3412668	-1.1329454	1.0239278	-0.1664906	-1.1388061	1.0143565	-0.2591607	-0.9145031	0.5577082	-0.1047402	-1.0479805	0.5243385	-0.3582477	-0.9147255	0.5643643	-0.2169807	-1.0348990	0.5220424	-0.2439001	-0.9501038	0.1260024	-0.1384891	-1.3956408	0.2618764	-0.3189035	-0.9291464	0.1362933	-0.2299185	-1.3674327	0.2451400	-0.2294525	-1.0034449	0.1037334	-0.1957625	-1.4326714	0.2953967	-0.2651546	-0.8133099	0.0785201	-0.1883037	-1.3649944	0.1111658	-0.2728103	-0.8516673	0.0742521	-0.1353648	-1.3910901	0.1465908	-0.3250285	-0.9078561	0.8328463	-0.0719870	-0.9107620	0.7234418	-0.0634057	-1.0172633	0.8065535	-0.0398988	-0.9620369	0.7915649	-0.3722304	-0.9981329	0.6881885	-0.3882530	-1.0789609	0.7987943	-0.3945638	-0.9208188	0.4230701	-0.1011943	-0.8989590	0.2939992	-0.1016821	-0.9734871	0.3087792	-0.0970980	-1.1502924	0.4338459	-0.3607653	-1.2347399	0.3335173	-0.3608975	-1.2737543	0.3991877	-0.3593679	-1.0436496	0.9547307	-0.1315601	-1.0528459	0.9396561	-0.2865917	-1.0854512	1.1865371	0.0273245	-1.0191420	1.2043954	-0.4755667	-1.1224989	1.1769925	-0.0523098	-1.0481916	1.1881653	-0.3873218	-1.1127954	0.9229424	0.0057520	-0.8906655	0.9858377	-0.4466493	-1.1942519	0.9382548	0.0210870	-0.9659765	0.9586803	-0.4582254
221	3.6666667	-1.0133300	1.4523979	-0.2067500	-1.0025000	1.4423079	-0.0498200	-1.0853100	1.1752379	-0.0057700	-1.1428700	0.8966779	0.0027700	-1.0076600	1.4628779	-0.3640200	-1.0152100	1.1941779	-0.4214600	-0.9030600	0.9720679	-0.4413300	-0.9926300	0.9511079	-0.2104600	-0.9929700	0.9486979	-0.1087400	-0.9352200	0.5436679	-0.1506600	-0.9380200	0.1236679	-0.1891600	-0.9853500	0.9544579	-0.3121800	-0.9860800	0.5563679	-0.3112300	-1.3758600	0.2571879	-0.2808200	-1.2630300	0.1401779	-0.2884900	-1.2735000	0.1472979	-0.2886000	-1.4208300	0.2471579	-0.2788800	-0.7889700	0.0625079	-0.1736300	-0.7984300	0.0650379	-0.1743100	-0.9968800	0.0801679	-0.2006300	-1.0820765	1.5043843	-0.2022392	-1.0043725	1.4889977	-0.0713827	-1.0094990	1.4939226	-0.3404820	-0.9382682	1.0392732	-0.1028082	-0.9515319	1.0186863	-0.3392252	-1.1100823	1.0222864	-0.1647528	-1.1160821	1.0137457	-0.2569218	-0.9053978	0.5537747	-0.1034319	-1.0015667	0.5260362	-0.3589790	-0.9048192	0.5604242	-0.2151190	-0.9887512	0.5240779	-0.2443144	-0.9469003	0.1213906	-0.1380482	-1.3543374	0.2668338	-0.3218108	-0.9253433	0.1317214	-0.2300361	-1.3262712	0.2495250	-0.2308852	-1.0006886	0.0993339	-0.1962234	-1.3936720	0.2994945	-0.2667264	-0.8090276	0.0736764	-0.1878092	-1.3201391	0.1169461	-0.2757743	-0.8480523	0.0689079	-0.1341074	-1.3471536	0.1522122	-0.3290377	-0.8897321	0.8273209	-0.0707479	-0.8963788	0.7187641	-0.0622056	-0.9995889	0.8046515	-0.0392435	-0.9300569	0.7968504	-0.3712716	-0.9604221	0.6919256	-0.3879538	-1.0477028	0.7977555	-0.3940620	-0.9135655	0.4189803	-0.0994698	-0.8932948	0.2893023	-0.1003038	-0.9679531	0.3049205	-0.0959061	-1.1046914	0.4359980	-0.3627637	-1.1907529	0.3364674	-0.3634922	-1.2299500	0.4031369	-0.3620630	-1.0205838	0.9528297	-0.1307151	-1.0299033	0.9392350	-0.2852921	-1.0564507	1.1842099	0.0287399	-1.0003728	1.2031038	-0.4735164	-1.0939570	1.1746483	-0.0497027	-1.0303916	1.1874174	-0.3848611	-1.0772653	0.9199741	0.0086452	-0.8795338	0.9796425	-0.4456053	-1.1587224	0.9338968	0.0239082	-0.9567675	0.9546719	-0.4567271
222	3.6833333	-0.9942300	1.4555679	-0.2054900	-0.9828000	1.4443379	-0.0489200	-1.0602600	1.1720679	-0.0032600	-1.1030000	0.8950879	0.0062800	-0.9892700	1.4670579	-0.3624200	-1.0007300	1.1975879	-0.4196300	-0.8929000	0.9679079	-0.4395000	-0.9708100	0.9494479	-0.2092700	-0.9710300	0.9477079	-0.1076700	-0.9285800	0.5415879	-0.1499200	-0.9378300	0.1233979	-0.1894700	-0.9636900	0.9523679	-0.3109000	-0.9477900	0.5613479	-0.3106300	-1.3229100	0.2657579	-0.2870700	-1.2129300	0.1500679	-0.2957600	-1.2227500	0.1568279	-0.2960200	-1.3685000	0.2566879	-0.2846600	-0.7861100	0.0617879	-0.1735900	-0.7955800	0.0641579	-0.1742300	-0.9935400	0.0815079	-0.2015900	-1.0604997	1.5033108	-0.2002500	-0.9819161	1.4881870	-0.0699438	-0.9895569	1.4924282	-0.3388233	-0.9165505	1.0364138	-0.1011399	-0.9298552	1.0187056	-0.3371620	-1.0887438	1.0201767	-0.1627422	-1.0947396	1.0128554	-0.2547149	-0.8980263	0.5495232	-0.1017695	-0.9564346	0.5286476	-0.3593647	-0.8965884	0.5562529	-0.2129424	-0.9438898	0.5270484	-0.2446592	-0.9451193	0.1170320	-0.1373947	-1.3109968	0.2699725	-0.3250217	-0.9229036	0.1274404	-0.2297447	-1.2831581	0.2521918	-0.2330255	-0.9992850	0.0950768	-0.1962537	-1.3535774	0.3003532	-0.2686632	-0.8062639	0.0693046	-0.1871772	-1.2704518	0.1224692	-0.2797935	-0.8459848	0.0639189	-0.1327173	-1.2990195	0.1569156	-0.3338145	-0.8731985	0.8210448	-0.0691674	-0.8836664	0.7135216	-0.0606548	-0.9834327	0.8021881	-0.0382838	-0.8998532	0.8022115	-0.3701163	-0.9242523	0.6960611	-0.3873676	-1.0175739	0.7967288	-0.3933522	-0.9080310	0.4148126	-0.0975219	-0.8893134	0.2847068	-0.0987002	-0.9639528	0.3010555	-0.0945632	-1.0592082	0.4384800	-0.3644939	-1.1457213	0.3390966	-0.3660777	-1.1856460	0.4062674	-0.3646799	-0.9989282	0.9502504	-0.1295686	-1.0081732	0.9384127	-0.2841151	-1.0288061	1.1818357	0.0304950	-0.9832717	1.2017214	-0.4713765	-1.0666567	1.1721285	-0.0467406	-1.0141636	1.1865453	-0.3824017	-1.0417807	0.9172595	0.0116836	-0.8698297	0.9737778	-0.4442674	-1.1231849	0.9293626	0.0268672	-0.9487605	0.9508602	-0.4548991
223	3.7000000	-0.9757300	1.4578279	-0.2045100	-0.9634800	1.4464679	-0.0479300	-1.0376500	1.1705879	-0.0013700	-1.0613300	0.8922679	0.0091200	-0.9716300	1.4694479	-0.3615000	-0.9859000	1.1989079	-0.4182500	-0.8852400	0.9638579	-0.4381100	-0.9493900	0.9500579	-0.2081600	-0.9503200	0.9487379	-0.1070800	-0.9241900	0.5385579	-0.1477900	-0.9370900	0.1235479	-0.1889600	-0.9416100	0.9523379	-0.3092300	-0.9103300	0.5677079	-0.3096700	-1.2570800	0.2668379	-0.2936700	-1.1566900	0.1520879	-0.3033400	-1.1650800	0.1593979	-0.3039000	-1.3017700	0.2588079	-0.2906400	-0.7823200	0.0626379	-0.1726100	-0.7920300	0.0646179	-0.1732000	-0.9887700	0.0823879	-0.2020000	-1.0393024	1.5046661	-0.1984764	-0.9601532	1.4896607	-0.0686140	-0.9695829	1.4934459	-0.3372709	-0.8954395	1.0357620	-0.0990042	-0.9083916	1.0211966	-0.3353907	-1.0681113	1.0202697	-0.1608279	-1.0739111	1.0142594	-0.2528720	-0.8919687	0.5473304	-0.0998170	-0.9117737	0.5347982	-0.3597748	-0.8896590	0.5541689	-0.2105663	-0.8994708	0.5335219	-0.2452915	-0.9436757	0.1152426	-0.1366629	-1.2633541	0.2724061	-0.3288320	-0.9207276	0.1257575	-0.2290914	-1.2357426	0.2543973	-0.2362897	-0.9979348	0.0931831	-0.1959565	-1.3096951	0.2992847	-0.2714238	-0.8041171	0.0677870	-0.1864352	-1.2141372	0.1286302	-0.2850326	-0.8444829	0.0616927	-0.1313700	-1.2447363	0.1616465	-0.3393894	-0.8575538	0.8166146	-0.0674228	-0.8720152	0.7102128	-0.0588775	-0.9681221	0.8018912	-0.0371626	-0.8706378	0.8104198	-0.3691276	-0.8888602	0.7033298	-0.3868580	-0.9877642	0.7984516	-0.3927177	-0.9036903	0.4129439	-0.0954974	-0.8862830	0.2826418	-0.0970278	-0.9607489	0.2994927	-0.0932344	-1.0126599	0.4434870	-0.3662405	-1.0979796	0.3432516	-0.3688981	-1.1393025	0.4102047	-0.3674410	-0.9778749	0.9498400	-0.1283612	-0.9867590	0.9399145	-0.2832683	-1.0017811	1.1819309	0.0324407	-0.9669549	1.2026854	-0.4693890	-1.0398744	1.1719516	-0.0437778	-0.9986677	1.1879713	-0.3802049	-1.0053795	0.9173832	0.0145883	-0.8607389	0.9705939	-0.4429812	-1.0868317	0.9272332	0.0296561	-0.9411655	0.9496373	-0.4529652
224	3.7166667	-0.9585800	1.4592079	-0.2035100	-0.9453400	1.4479579	-0.0466700	-1.0167400	1.1718479	0.0001500	-1.0183200	0.8933079	0.0111500	-0.9554200	1.4709979	-0.3608400	-0.9707200	1.1995879	-0.4171100	-0.8789100	0.9605479	-0.4372300	-0.9273100	0.9531379	-0.2073500	-0.9300500	0.9518279	-0.1066800	-0.9211400	0.5353379	-0.1446200	-0.9341700	0.1240779	-0.1882600	-0.9177700	0.9552779	-0.3079500	-0.8731400	0.5749079	-0.3078600	-1.1893600	0.2634479	-0.2987900	-1.0967000	0.1463979	-0.3110900	-1.1031700	0.1542679	-0.3119700	-1.2319800	0.2545079	-0.2951400	-0.7791900	0.0638079	-0.1712300	-0.7893000	0.0653979	-0.1717300	-0.9813200	0.0843879	-0.2022700	-1.0177351	1.5085495	-0.1972282	-0.9382225	1.4935506	-0.0676266	-0.9487949	1.4970849	-0.3363046	-0.8740025	1.0377287	-0.0968410	-0.8861299	1.0263098	-0.3341555	-1.0471646	1.0226578	-0.1594002	-1.0525437	1.0179277	-0.2516920	-0.8863066	0.5472985	-0.0978810	-0.8674125	0.5443044	-0.3606142	-0.8831454	0.5542316	-0.2083116	-0.8553042	0.5432302	-0.2464949	-0.9412788	0.1159260	-0.1361705	-1.2101393	0.2727244	-0.3333200	-0.9175607	0.1265771	-0.2283827	-1.1825866	0.2548477	-0.2407219	-0.9952628	0.0935682	-0.1956768	-1.2603513	0.2951218	-0.2750944	-0.8013707	0.0689096	-0.1858169	-1.1503705	0.1337060	-0.2913984	-0.8422609	0.0620917	-0.1304106	-1.1833726	0.1648102	-0.3456380	-0.8418038	0.8142313	-0.0658230	-0.8604540	0.7089627	-0.0571989	-0.9526501	0.8039525	-0.0361666	-0.8415564	0.8213067	-0.3686814	-0.8537166	0.7135935	-0.3868155	-0.9575492	0.8030366	-0.3924775	-0.8995243	0.4134294	-0.0937207	-0.8830699	0.2831455	-0.0956035	-0.9572552	0.3001873	-0.0922335	-0.9646629	0.4504990	-0.3683214	-1.0466986	0.3481313	-0.3721663	-1.0902961	0.4139626	-0.3705217	-0.9563627	0.9518359	-0.1273737	-0.9645470	0.9438162	-0.2829036	-0.9746821	1.1844368	0.0343725	-0.9505582	1.2058527	-0.4676697	-1.0129345	1.1741138	-0.0410939	-0.9830445	1.1916178	-0.3783797	-0.9673392	0.9205886	0.0171397	-0.8514793	0.9700587	-0.4421078	-1.0491353	0.9277425	0.0317467	-0.9331896	0.9509430	-0.4509639
225	3.7333333	-0.9422200	1.4612079	-0.2023800	-0.9282600	1.4498279	-0.0454000	-0.9961100	1.1738979	0.0016600	-0.9762800	0.8961979	0.0125600	-0.9398100	1.4729379	-0.3598900	-0.9561800	1.2003579	-0.4157900	-0.8729400	0.9580279	-0.4367600	-0.9055800	0.9584379	-0.2068800	-0.9096200	0.9570079	-0.1060000	-0.9170600	0.5336179	-0.1416700	-0.9290600	0.1252979	-0.1879300	-0.8947200	0.9606479	-0.3076400	-0.8354400	0.5829079	-0.3045800	-1.1301600	0.2573079	-0.3011800	-1.0380900	0.1382379	-0.3188100	-1.0428800	0.1458579	-0.3199000	-1.1706600	0.2465179	-0.2971500	-0.7785300	0.0636479	-0.1704100	-0.7889000	0.0649279	-0.1707900	-0.9722600	0.0879479	-0.2025500	-0.9970935	1.5146046	-0.1966111	-0.9173388	1.4995910	-0.0670843	-0.9285016	1.5030012	-0.3360672	-0.8532662	1.0422641	-0.0949444	-0.8640420	1.0337183	-0.3333709	-1.0268537	1.0271149	-0.1586553	-1.0315755	1.0235251	-0.2512356	-0.8816522	0.5494687	-0.0963314	-0.8255791	0.5563492	-0.3620066	-0.8776634	0.5564543	-0.2065166	-0.8136289	0.5552847	-0.2482531	-0.9387297	0.1188947	-0.1361357	-1.1536286	0.2703166	-0.3382060	-0.9142447	0.1296850	-0.2279170	-1.1258264	0.2529656	-0.2458600	-0.9921392	0.0961981	-0.1957226	-1.2073930	0.2875763	-0.2792988	-0.7987790	0.0721713	-0.1854517	-1.0821998	0.1368090	-0.2984037	-0.8400597	0.0647614	-0.1300029	-1.1178119	0.1656962	-0.3521851	-0.8268568	0.8139436	-0.0646282	-0.8497663	0.7097823	-0.0559454	-0.9378855	0.8082333	-0.0355498	-0.8138302	0.8340400	-0.3688534	-0.8204725	0.7260506	-0.3873412	-0.9283666	0.8101163	-0.3927212	-0.8961329	0.4162295	-0.0924751	-0.8803244	0.2860917	-0.0946617	-0.9541989	0.3030420	-0.0917975	-0.9175923	0.4587446	-0.3708226	-0.9942189	0.3530446	-0.3758428	-1.0409844	0.4168210	-0.3738668	-0.9353851	0.9560546	-0.1267599	-0.9425093	0.9497746	-0.2829568	-0.9485803	1.1888532	0.0363457	-0.9350412	1.2107798	-0.4661916	-0.9869253	1.1781478	-0.0385869	-0.9683054	1.1970690	-0.3768849	-0.9290571	0.9264636	0.0193623	-0.8429832	0.9717116	-0.4417020	-1.0114906	0.9305819	0.0330569	-0.9257753	0.9543309	-0.4488509
226	3.7500000	-0.9254500	1.4631979	-0.2012200	-0.9112100	1.4516479	-0.0444200	-0.9752200	1.1753879	0.0032500	-0.9380500	0.8984979	0.0137100	-0.9233900	1.4750279	-0.3585500	-0.9424900	1.2018879	-0.4140500	-0.8684700	0.9561679	-0.4366100	-0.8859700	0.9645679	-0.2065100	-0.8892600	0.9631379	-0.1048200	-0.9110600	0.5339679	-0.1401400	-0.9254400	0.1266279	-0.1882500	-0.8757800	0.9668379	-0.3081000	-0.7972600	0.5900979	-0.3003700	-1.0781100	0.2462379	-0.3017700	-0.9799900	0.1303179	-0.3251400	-0.9841300	0.1375179	-0.3264100	-1.1175000	0.2327279	-0.2976400	-0.7802500	0.0616379	-0.1707400	-0.7906200	0.0627979	-0.1708800	-0.9658100	0.0922479	-0.2029800	-0.9790134	1.5212671	-0.1963188	-0.8990531	1.5062460	-0.0667191	-0.9104111	1.5096281	-0.3362225	-0.8348960	1.0480252	-0.0932699	-0.8438404	1.0418894	-0.3326620	-1.0088049	1.0324040	-0.1584196	-1.0126609	1.0297494	-0.2512343	-0.8792005	0.5527958	-0.0951757	-0.7885786	0.5689594	-0.3635141	-0.8744085	0.5597728	-0.2051865	-0.7767985	0.5677290	-0.2500040	-0.9377930	0.1229504	-0.1363937	-1.0966540	0.2642192	-0.3428784	-0.9125980	0.1338397	-0.2276733	-1.0682721	0.2478198	-0.2508441	-0.9905108	0.1000237	-0.1960207	-1.1533976	0.2758498	-0.2833404	-0.7979719	0.0761185	-0.1851878	-1.0130310	0.1371201	-0.3051674	-0.8395510	0.0683574	-0.1299457	-1.0513140	0.1634927	-0.3583516	-0.8142612	0.8147135	-0.0637518	-0.8413407	0.7116273	-0.0550632	-0.9253574	0.8134953	-0.0351939	-0.7891749	0.8467710	-0.3692944	-0.7910530	0.7387893	-0.3880683	-0.9021718	0.8181040	-0.3931675	-0.8947763	0.4202046	-0.0916610	-0.8794583	0.2902366	-0.0940911	-0.9530532	0.3069497	-0.0917592	-0.8739858	0.4664802	-0.3733361	-0.9432709	0.3565504	-0.3794266	-0.9939637	0.4173577	-0.3770453	-0.9166677	0.9612019	-0.1263590	-0.9224292	0.9563812	-0.2831078	-0.9249136	1.1936331	0.0385095	-0.9218717	1.2161028	-0.4645796	-0.9633107	1.1825312	-0.0359683	-0.9559397	1.2029268	-0.3753930	-0.8927293	0.9334185	0.0213973	-0.8367275	0.9740527	-0.4414632	-0.9758969	0.9343270	0.0338667	-0.9203586	0.9584278	-0.4464674
227	3.7666667	-0.9079200	1.4646979	-0.2002100	-0.8936000	1.4533979	-0.0438200	-0.9532500	1.1749279	0.0048400	-0.9033200	0.9013879	0.0147100	-0.9060200	1.4764279	-0.3571600	-0.9290100	1.2030379	-0.4121600	-0.8666100	0.9537379	-0.4367400	-0.8691400	0.9697679	-0.2061200	-0.8698300	0.9682179	-0.1034700	-0.9035700	0.5357679	-0.1401400	-0.9285900	0.1282379	-0.1891900	-0.8614500	0.9721679	-0.3087800	-0.7604900	0.5951779	-0.2964200	-1.0260500	0.2283079	-0.3019600	-0.9176900	0.1226479	-0.3277500	-0.9224500	0.1296179	-0.3293400	-1.0660100	0.2082479	-0.2980000	-0.7826600	0.0596179	-0.1722700	-0.7928300	0.0607579	-0.1718400	-0.9663500	0.0965479	-0.2039500	-0.9636897	1.5266611	-0.1960943	-0.8834291	1.5115773	-0.0662530	-0.8948255	1.5150609	-0.3365811	-0.8193953	1.0532230	-0.0917616	-0.8262010	1.0489338	-0.3319311	-0.9935774	1.0369797	-0.1584975	-0.9964289	1.0350287	-0.2515153	-0.8791482	0.5557628	-0.0943431	-0.7569775	0.5799507	-0.3645579	-0.8736128	0.5626718	-0.2043213	-0.7454567	0.5785093	-0.2510806	-0.9394708	0.1265272	-0.1367548	-1.0398487	0.2531273	-0.3468229	-0.9137056	0.1374287	-0.2276599	-1.0106362	0.2382126	-0.2549374	-0.9916598	0.1035238	-0.1964479	-1.0989710	0.2585408	-0.2866759	-0.7997337	0.0791028	-0.1849903	-0.9435794	0.1339605	-0.3108673	-0.8415886	0.0712652	-0.1300907	-0.9845255	0.1573081	-0.3635229	-0.8044114	0.8150350	-0.0630872	-0.8354672	0.7130038	-0.0544323	-0.9154721	0.8181121	-0.0349000	-0.7680265	0.8575157	-0.3696994	-0.7658961	0.7497029	-0.3886154	-0.8796015	0.8249980	-0.3935855	-0.8957751	0.4237672	-0.0911168	-0.8809932	0.2938860	-0.0937782	-0.9544086	0.3104290	-0.0918714	-0.8344551	0.4717108	-0.3753396	-0.8945357	0.3569439	-0.3823429	-0.9497707	0.4138054	-0.3796164	-0.9008020	0.9656127	-0.1260294	-0.9050336	0.9619024	-0.2832237	-0.9038403	1.1970734	0.0408147	-0.9112739	1.2201836	-0.4626859	-0.9422328	1.1855349	-0.0331617	-0.9460713	1.2075070	-0.3738129	-0.8591400	0.9396839	0.0231853	-0.8330487	0.9753102	-0.4412412	-0.9428923	0.9372976	0.0343139	-0.9172728	0.9616144	-0.4439597
228	3.7833333	-0.8903000	1.4652379	-0.1993000	-0.8758300	1.4544479	-0.0432400	-0.9288400	1.1724979	0.0063900	-0.8687200	0.9031079	0.0156500	-0.8886400	1.4766279	-0.3559400	-0.9152400	1.2035579	-0.4106300	-0.8668500	0.9512379	-0.4372600	-0.8540600	0.9735079	-0.2058900	-0.8514100	0.9716479	-0.1024700	-0.8948900	0.5394179	-0.1405900	-0.9370400	0.1285279	-0.1902400	-0.8496300	0.9759879	-0.3094200	-0.7275100	0.5988779	-0.2931200	-0.9694800	0.2052879	-0.3024300	-0.8479400	0.1119979	-0.3259600	-0.8541100	0.1176379	-0.3281200	-1.0131800	0.1784279	-0.2986100	-0.7842300	0.0600779	-0.1739300	-0.7942100	0.0613979	-0.1726300	-0.9718500	0.0986679	-0.2053000	-0.9496690	1.5302564	-0.1959970	-0.8688946	1.5149983	-0.0657080	-0.8803929	1.5187414	-0.3373054	-0.8055701	1.0573111	-0.0905086	-0.8101634	1.0542674	-0.3314849	-0.9800814	1.0405078	-0.1588655	-0.9818863	1.0390262	-0.2521655	-0.8801478	0.5579343	-0.0939841	-0.7295332	0.5885225	-0.3648344	-0.8739733	0.5647617	-0.2041314	-0.7184599	0.5869832	-0.2511729	-0.9430171	0.1291387	-0.1373155	-0.9817648	0.2373070	-0.3498834	-0.9168659	0.1399589	-0.2281359	-0.9516657	0.2245217	-0.2578346	-0.9950792	0.1061418	-0.1971640	-1.0426389	0.2359749	-0.2892039	-0.8031120	0.0807902	-0.1850613	-0.8726899	0.1279977	-0.3150069	-0.8452838	0.0730909	-0.1305269	-0.9161296	0.1476599	-0.3673886	-0.7960558	0.8144765	-0.0627548	-0.8308443	0.7134962	-0.0541577	-0.9070030	0.8216087	-0.0347071	-0.7491645	0.8656601	-0.3700262	-0.7437366	0.7580626	-0.3888669	-0.8595506	0.8300601	-0.3940185	-0.8978951	0.4264318	-0.0909284	-0.8838311	0.2964604	-0.0938440	-0.9572377	0.3130635	-0.0921738	-0.7977047	0.4739010	-0.3765780	-0.8467306	0.3540374	-0.3843223	-0.9069180	0.4059068	-0.3814513	-0.8866901	0.9688158	-0.1258603	-0.8893757	0.9658418	-0.2835162	-0.8837667	1.1987201	0.0430301	-0.9019534	1.2226750	-0.4607958	-0.9221068	1.1866503	-0.0303982	-0.9372731	1.2104033	-0.3724508	-0.8269251	0.9447437	0.0244303	-0.8307218	0.9750665	-0.4412842	-0.9109447	0.9390158	0.0343348	-0.9153285	0.9635431	-0.4417963
229	3.8000000	-0.8728400	1.4647379	-0.1982900	-0.8579600	1.4541179	-0.0422800	-0.9016400	1.1683879	0.0079600	-0.8316500	0.9036679	0.0168200	-0.8716900	1.4756679	-0.3548900	-0.9015000	1.2043279	-0.4094400	-0.8665900	0.9490379	-0.4381400	-0.8384300	0.9761479	-0.2059100	-0.8332500	0.9736179	-0.1020400	-0.8853900	0.5428479	-0.1406000	-0.9416600	0.1275779	-0.1904100	-0.8364900	0.9791079	-0.3099700	-0.6989700	0.6017379	-0.2904100	-0.9073700	0.1830679	-0.3033300	-0.7732900	0.1005379	-0.3218400	-0.7814100	0.1049479	-0.3245500	-0.9562000	0.1487979	-0.2992900	-0.7843100	0.0609579	-0.1741400	-0.7938300	0.0625079	-0.1720400	-0.9725800	0.0981379	-0.2058400	-0.9345563	1.5324304	-0.1959846	-0.8530392	1.5169098	-0.0652046	-0.8648841	1.5210590	-0.3382469	-0.7909705	1.0605308	-0.0894940	-0.7935299	1.0582116	-0.3313999	-0.9658979	1.0432863	-0.1593878	-0.9667371	1.0420776	-0.2530867	-0.8796441	0.5596253	-0.0941426	-0.7038701	0.5949168	-0.3642571	-0.8728628	0.5664009	-0.2045908	-0.6934693	0.5934551	-0.2503282	-0.9458640	0.1310626	-0.1381715	-0.9204660	0.2190714	-0.3520432	-0.9193479	0.1417360	-0.2291618	-0.8896682	0.2090113	-0.2595113	-0.9980909	0.1080923	-0.1983453	-0.9822296	0.2108453	-0.2910002	-0.8055524	0.0816828	-0.1852950	-0.7994003	0.1213291	-0.3174155	-0.8481192	0.0742374	-0.1311532	-0.8448360	0.1367589	-0.3698417	-0.7868034	0.8133828	-0.0627339	-0.8250453	0.7134569	-0.0542427	-0.8975761	0.8243068	-0.0347042	-0.7302683	0.8715723	-0.3701595	-0.7222245	0.7641675	-0.3887177	-0.8397067	0.8335736	-0.3944124	-0.8986341	0.4284929	-0.0911280	-0.8854635	0.2982277	-0.0942564	-0.9590332	0.3151589	-0.0927951	-0.7614922	0.4738865	-0.3769894	-0.7979126	0.3492471	-0.3853252	-0.8630716	0.3951601	-0.3825585	-0.8719600	0.9711454	-0.1259012	-0.8732266	0.9685913	-0.2840597	-0.8621684	1.1989416	0.0450684	-0.8917666	1.2240523	-0.4591254	-0.9004404	1.1862092	-0.0278459	-0.9272888	1.2120823	-0.3714748	-0.7935384	0.9490326	0.0250052	-0.8275181	0.9739121	-0.4418092	-0.8774898	0.9399127	0.0338892	-0.9123428	0.9647004	-0.4401691
230	3.8166667	-0.8547100	1.4636279	-0.1971100	-0.8390500	1.4532979	-0.0409800	-0.8723100	1.1648179	0.0095400	-0.7924800	0.9041979	0.0183600	-0.8543600	1.4742879	-0.3539000	-0.8885100	1.2054379	-0.4082800	-0.8630300	0.9474579	-0.4390700	-0.8202600	0.9776979	-0.2059800	-0.8146000	0.9745479	-0.1019800	-0.8760500	0.5437879	-0.1401300	-0.9362000	0.1276679	-0.1893200	-0.8188000	0.9814079	-0.3101900	-0.6738100	0.6025979	-0.2884400	-0.8415400	0.1696579	-0.3037300	-0.6984700	0.0957779	-0.3177600	-0.7081800	0.0983779	-0.3207200	-0.8955000	0.1311079	-0.2988600	-0.7836200	0.0605479	-0.1724900	-0.7923600	0.0628779	-0.1699700	-0.9625000	0.0989279	-0.2046900	-0.9165928	1.5332261	-0.1957750	-0.8342573	1.5174157	-0.0647315	-0.8466895	1.5221288	-0.3387758	-0.7735836	1.0626787	-0.0884197	-0.7743999	1.0607376	-0.3313504	-0.9489065	1.0450564	-0.1597575	-0.9489269	1.0440035	-0.2539450	-0.8754790	0.5607598	-0.0945087	-0.6777312	0.5992340	-0.3628217	-0.8679788	0.5674998	-0.2052331	-0.6682149	0.5979614	-0.2487287	-0.9454824	0.1324198	-0.1391230	-0.8553489	0.2015650	-0.3532933	-0.9184101	0.1429018	-0.2302964	-0.8242935	0.1945708	-0.2601182	-0.9978037	0.1094961	-0.1997605	-0.9169208	0.1868562	-0.2921735	-0.8048427	0.0820664	-0.1852400	-0.7243179	0.1163588	-0.3181737	-0.8478576	0.0749121	-0.1316019	-0.7709075	0.1273376	-0.3708874	-0.7746961	0.8117354	-0.0626679	-0.8160902	0.7128697	-0.0543626	-0.8852318	0.8261496	-0.0347897	-0.7093125	0.8754156	-0.3697914	-0.6992393	0.7681642	-0.3879545	-0.8179736	0.8356316	-0.3945151	-0.8958356	0.4299219	-0.0914928	-0.8836954	0.2992580	-0.0946756	-0.9574509	0.3167521	-0.0936437	-0.7240176	0.4726486	-0.3765500	-0.7470180	0.3443234	-0.3853732	-0.8166277	0.3836237	-0.3829385	-0.8545809	0.9725225	-0.1259703	-0.8546075	0.9701949	-0.2846311	-0.8372864	1.1978918	0.0471145	-0.8791910	1.2244153	-0.4575533	-0.8755251	1.1843676	-0.0253796	-0.9145623	1.2126853	-0.3706839	-0.7573013	0.9527314	0.0250723	-0.8216999	0.9721289	-0.4425952	-0.8408565	0.9401917	0.0331875	-0.9065936	0.9651847	-0.4387719
231	3.8333333	-0.8354100	1.4622279	-0.1958100	-0.8186500	1.4521479	-0.0394900	-0.8417800	1.1634379	0.0110600	-0.7532700	0.9057479	0.0201200	-0.8361300	1.4728679	-0.3528800	-0.8764000	1.2059279	-0.4070900	-0.8566200	0.9460079	-0.4397200	-0.7993300	0.9775079	-0.2058200	-0.7947100	0.9739679	-0.1020200	-0.8665800	0.5416279	-0.1393300	-0.9254300	0.1293179	-0.1881400	-0.7968600	0.9818179	-0.3097900	-0.6506200	0.6014679	-0.2871100	-0.7771200	0.1642979	-0.3026500	-0.6229200	0.0986679	-0.3142500	-0.6341600	0.1001179	-0.3169400	-0.8345400	0.1241279	-0.2968200	-0.7822300	0.0605479	-0.1696100	-0.7901100	0.0638279	-0.1671900	-0.9478100	0.1001179	-0.2029500	-0.8958702	1.5321138	-0.1950749	-0.8128469	1.5160102	-0.0640441	-0.8258768	1.5215001	-0.3383814	-0.7532949	1.0629066	-0.0870312	-0.7526630	1.0611697	-0.3309863	-0.9288344	1.0448699	-0.1597457	-0.9281899	1.0439214	-0.2544602	-0.8674650	0.5605773	-0.0946496	-0.6506478	0.6009416	-0.3605915	-0.8590551	0.5672388	-0.2055171	-0.6422048	0.5998708	-0.2464541	-0.9415850	0.1327179	-0.1397693	-0.7876512	0.1862632	-0.3535837	-0.9137639	0.1429659	-0.2309413	-0.7568819	0.1824120	-0.2597245	-0.9937372	0.1098174	-0.2009156	-0.8480908	0.1656434	-0.2926601	-0.8009481	0.0816123	-0.1844752	-0.6487719	0.1141614	-0.3174112	-0.8444163	0.0747249	-0.1314986	-0.6956661	0.1206394	-0.3705671	-0.7595648	0.8088193	-0.0621691	-0.8038381	0.7110163	-0.0541210	-0.8697777	0.8264356	-0.0347303	-0.6859531	0.8767179	-0.3686978	-0.6743609	0.7695804	-0.3864676	-0.7940348	0.8356940	-0.3941691	-0.8893058	0.4300166	-0.0916838	-0.8783852	0.2989777	-0.0947355	-0.9521678	0.3172602	-0.0943800	-0.6852720	0.4702427	-0.3752834	-0.6946664	0.3397719	-0.3844913	-0.7679339	0.3721026	-0.3825696	-0.8342990	0.9722143	-0.1258135	-0.8332752	0.9700215	-0.2849432	-0.8094033	1.1952550	0.0494068	-0.8644392	1.2232216	-0.4557798	-0.8476367	1.1808346	-0.0227786	-0.8993445	1.2117358	-0.3697346	-0.7186682	0.9553760	0.0248990	-0.8133994	0.9692529	-0.4431596	-0.8015046	0.9394602	0.0325814	-0.8982027	0.9644392	-0.4371599
232	3.8500000	-0.8155300	1.4601579	-0.1944300	-0.7975400	1.4498179	-0.0377800	-0.8110200	1.1634579	0.0123400	-0.7157400	0.9080679	0.0218200	-0.8174500	1.4710679	-0.3519100	-0.8644300	1.2045479	-0.4058300	-0.8501600	0.9439479	-0.4399400	-0.7770000	0.9752179	-0.2053100	-0.7734200	0.9712979	-0.1019500	-0.8563000	0.5380679	-0.1384400	-0.9167500	0.1301479	-0.1879700	-0.7735400	0.9800179	-0.3088100	-0.6286100	0.5984579	-0.2860100	-0.7198500	0.1617979	-0.3006500	-0.5485900	0.1097979	-0.3111300	-0.5610400	0.1098579	-0.3132100	-0.7767300	0.1201479	-0.2942100	-0.7797600	0.0615179	-0.1662300	-0.7869100	0.0653579	-0.1643100	-0.9380600	0.1007979	-0.2015300	-0.8739194	1.5288683	-0.1938090	-0.7904904	1.5124703	-0.0629403	-0.8038715	1.5189488	-0.3370071	-0.7316187	1.0608022	-0.0852701	-0.7297637	1.0592154	-0.3302305	-0.9071324	1.0421553	-0.1592976	-0.9059356	1.0413053	-0.2545594	-0.8570358	0.5586217	-0.0943493	-0.6239068	0.5997977	-0.3577738	-0.8475701	0.5651213	-0.2052297	-0.6167176	0.5988777	-0.2436423	-0.9359884	0.1317013	-0.1398963	-0.7202255	0.1735916	-0.3529555	-0.9073603	0.1416566	-0.2308587	-0.6902439	0.1727730	-0.2584487	-0.9878056	0.1087433	-0.2015523	-0.7789023	0.1474497	-0.2924151	-0.7956243	0.0801577	-0.1829136	-0.5750833	0.1151691	-0.3153123	-0.8395539	0.0734877	-0.1307060	-0.6216224	0.1171149	-0.3690190	-0.7427538	0.8041800	-0.0611074	-0.7896715	0.7074406	-0.0533605	-0.8525574	0.8247533	-0.0343565	-0.6614804	0.8752547	-0.3668896	-0.6488732	0.7682138	-0.3843466	-0.7692022	0.8334895	-0.3934184	-0.8805524	0.4283749	-0.0915093	-0.8711793	0.2970538	-0.0943094	-0.9447535	0.3163762	-0.0947389	-0.6469793	0.4666223	-0.3733429	-0.6430578	0.3356198	-0.3828293	-0.7191326	0.3608753	-0.3815160	-0.8124726	0.9697902	-0.1252968	-0.8105537	0.9677044	-0.2848986	-0.7803765	1.1909960	0.0520193	-0.8489952	1.2201869	-0.4536294	-0.8185563	1.1756054	-0.0199804	-0.8831984	1.2089945	-0.3684334	-0.6796217	0.9566519	0.0246823	-0.8042557	0.9649456	-0.4431727	-0.7614582	0.9375053	0.0323309	-0.8887974	0.9621675	-0.4351301
233	3.8666667	-0.7954700	1.4576979	-0.1930500	-0.7764100	1.4468179	-0.0359100	-0.7811900	1.1649279	0.0130100	-0.6809500	0.9111979	0.0229500	-0.7984400	1.4690079	-0.3510700	-0.8522900	1.2017879	-0.4044100	-0.8445200	0.9416179	-0.4398000	-0.7552600	0.9722279	-0.2047100	-0.7522200	0.9683479	-0.1018800	-0.8457300	0.5341179	-0.1379500	-0.9112300	0.1299579	-0.1881600	-0.7513600	0.9773179	-0.3076700	-0.6078100	0.5944579	-0.2850300	-0.6655800	0.1580479	-0.2985000	-0.4806300	0.1219679	-0.3097200	-0.4937700	0.1213279	-0.3109600	-0.7164700	0.1167479	-0.2910800	-0.7783900	0.0620979	-0.1635400	-0.7850200	0.0666679	-0.1621600	-0.9317600	0.1007279	-0.1994000	-0.8526434	1.5249145	-0.1922675	-0.7691722	1.5081771	-0.0616006	-0.7824653	1.5158378	-0.3350199	-0.7105725	1.0577874	-0.0834565	-0.7077082	1.0563185	-0.3294133	-0.8859051	1.0384135	-0.1586976	-0.8842483	1.0376542	-0.2545047	-0.8463383	0.5561224	-0.0938200	-0.5994919	0.5972138	-0.3549713	-0.8357542	0.5623654	-0.2046181	-0.5936427	0.5963434	-0.2408732	-0.9309293	0.1306062	-0.1396947	-0.6558721	0.1646114	-0.3518204	-0.9015250	0.1402013	-0.2302538	-0.6270265	0.1666225	-0.2568378	-0.9823340	0.1074640	-0.2018280	-0.7122552	0.1331964	-0.2918144	-0.7910672	0.0789437	-0.1808754	-0.5058043	0.1203241	-0.3124840	-0.8354507	0.0724419	-0.1294945	-0.5514771	0.1177478	-0.3667581	-0.7262714	0.7991125	-0.0597966	-0.7756458	0.7034141	-0.0523557	-0.8355870	0.8224656	-0.0338812	-0.6379930	0.8725224	-0.3648199	-0.6248654	0.7655471	-0.3820735	-0.7455423	0.8304610	-0.3926279	-0.8717473	0.4262433	-0.0911850	-0.8642610	0.2947608	-0.0936658	-0.9373801	0.3153262	-0.0948885	-0.6113526	0.4630811	-0.3712392	-0.5946436	0.3329938	-0.3809035	-0.6727063	0.3512289	-0.3801741	-0.7911108	0.9666531	-0.1246680	-0.7884512	0.9646603	-0.2847504	-0.7524644	1.1866783	0.0546117	-0.8345688	1.2166959	-0.4513523	-0.7904764	1.1702942	-0.0173285	-0.8679342	1.2058492	-0.3669694	-0.6425462	0.9577889	0.0242601	-0.7960955	0.9604757	-0.4427761	-0.7231878	0.9356756	0.0322859	-0.8801891	0.9597015	-0.4329775
234	3.8833333	-0.7753300	1.4549479	-0.1918400	-0.7554300	1.4436279	-0.0342900	-0.7532300	1.1664479	0.0127900	-0.6486400	0.9134279	0.0233100	-0.7791400	1.4664479	-0.3503100	-0.8403500	1.1986679	-0.4029200	-0.8383100	0.9394379	-0.4397300	-0.7358100	0.9694979	-0.2044900	-0.7329400	0.9655479	-0.1022100	-0.8361200	0.5289479	-0.1382900	-0.9055600	0.1267079	-0.1881700	-0.7318100	0.9744479	-0.3068800	-0.5877300	0.5900379	-0.2844100	-0.6074600	0.1552879	-0.2958800	-0.4237000	0.1297079	-0.3107100	-0.4365300	0.1289179	-0.3110300	-0.6477400	0.1146579	-0.2866700	-0.7809900	0.0590179	-0.1631500	-0.7869200	0.0643079	-0.1621200	-0.9224400	0.0993179	-0.1959300	-0.8334298	1.5211191	-0.1909002	-0.7502760	1.5039407	-0.0604862	-0.7630476	1.5129460	-0.3328970	-0.6917389	1.0548307	-0.0821539	-0.6880842	1.0534144	-0.3289898	-0.8668608	1.0349835	-0.1584330	-0.8648330	1.0342850	-0.2547019	-0.8371441	0.5539000	-0.0935165	-0.5787486	0.5942053	-0.3529131	-0.8254848	0.5598093	-0.2041735	-0.5741120	0.5932998	-0.2388970	-0.9277003	0.1299916	-0.1396113	-0.5962797	0.1595013	-0.3506686	-0.8975536	0.1391771	-0.2295707	-0.5686742	0.1641301	-0.2555114	-0.9785425	0.1065752	-0.2020758	-0.6497086	0.1231633	-0.2912863	-0.7887344	0.0783682	-0.1790552	-0.4427914	0.1292649	-0.3097075	-0.8334659	0.0720130	-0.1285073	-0.4871670	0.1223273	-0.3644078	-0.7118306	0.7945699	-0.0588221	-0.7634845	0.6998454	-0.0516369	-0.8205866	0.8205274	-0.0337825	-0.6173004	0.8696370	-0.3631727	-0.6040264	0.7626496	-0.3802914	-0.7247955	0.8275819	-0.3922655	-0.8645657	0.4243942	-0.0911724	-0.8591334	0.2928504	-0.0932863	-0.9315727	0.3147240	-0.0952923	-0.5798117	0.4603545	-0.3695897	-0.5509548	0.3323524	-0.3793227	-0.6302742	0.3437572	-0.3790186	-0.7719513	0.9638336	-0.1244398	-0.7687070	0.9619157	-0.2849030	-0.7272612	1.1831794	0.0566272	-0.8223271	1.2136600	-0.4494640	-0.7650041	1.1658519	-0.0153557	-0.8547771	1.2031691	-0.3657807	-0.6091840	0.9593569	0.0232145	-0.7898704	0.9566143	-0.4424633	-0.6884938	0.9346363	0.0320142	-0.8733518	0.9577757	-0.4313067
235	3.9000000	-0.7555400	1.4521879	-0.1910200	-0.7351000	1.4404279	-0.0333900	-0.7269800	1.1682079	0.0118500	-0.6171200	0.9158779	0.0234300	-0.7599300	1.4640879	-0.3496100	-0.8273400	1.1961779	-0.4016100	-0.8305700	0.9371479	-0.4400700	-0.7188100	0.9666579	-0.2049000	-0.7157000	0.9627379	-0.1031500	-0.8278000	0.5225979	-0.1394200	-0.9007700	0.1190679	-0.1888000	-0.7151100	0.9711079	-0.3067700	-0.5673200	0.5838179	-0.2840500	-0.5487500	0.1546179	-0.2928400	-0.3759900	0.1344979	-0.3117900	-0.3879000	0.1338879	-0.3113200	-0.5808900	0.1146179	-0.2825300	-0.7886100	0.0512879	-0.1656500	-0.7938500	0.0576879	-0.1648200	-0.9133800	0.0932379	-0.1933900	-0.8162596	1.5171103	-0.1900324	-0.7337494	1.4994106	-0.0598581	-0.7455804	1.5098436	-0.3310333	-0.6752304	1.0515735	-0.0816815	-0.6707954	1.0501579	-0.3291472	-0.8501577	1.0317812	-0.1588499	-0.8477553	1.0311187	-0.2554262	-0.8296366	0.5515448	-0.0937623	-0.5610534	0.5906146	-0.3517493	-0.8170561	0.5570781	-0.2042540	-0.5574426	0.5896838	-0.2378267	-0.9262424	0.1291613	-0.1400495	-0.5423177	0.1570205	-0.3495503	-0.8954155	0.1378922	-0.2292604	-0.5159123	0.1640362	-0.2544606	-0.9763387	0.1054699	-0.2026019	-0.5923221	0.1163031	-0.2907848	-0.7886868	0.0774500	-0.1781527	-0.3868697	0.1399789	-0.3071083	-0.8335764	0.0712683	-0.1283685	-0.4296567	0.1290235	-0.3620572	-0.6995839	0.7902106	-0.0585714	-0.7533247	0.6963640	-0.0515595	-0.8077233	0.8185431	-0.0343390	-0.5993553	0.8664463	-0.3622490	-0.5860916	0.7593484	-0.3792201	-0.7068380	0.8244851	-0.3925310	-0.8591292	0.4223557	-0.0917918	-0.8558313	0.2907892	-0.0935522	-0.9274000	0.3139527	-0.0962876	-0.5520932	0.4579007	-0.3685250	-0.5121174	0.3327385	-0.3781917	-0.5921437	0.3377951	-0.3781437	-0.7552531	0.9610063	-0.1249085	-0.7514386	0.9591573	-0.2855852	-0.7046071	1.1800979	0.0577699	-0.8118681	1.2107407	-0.4482429	-0.7420442	1.1618974	-0.0143044	-0.8432784	1.2005690	-0.3651786	-0.5793252	0.9608412	0.0213029	-0.7848440	0.9529106	-0.4425393	-0.6571192	0.9338864	0.0312574	-0.8675910	0.9558684	-0.4305112
236	3.9166667	-0.7359700	1.4492379	-0.1907200	-0.7155600	1.4372979	-0.0333400	-0.7018400	1.1686279	0.0110700	-0.5845000	0.9178479	0.0239200	-0.7404000	1.4614979	-0.3490600	-0.8106000	1.1945779	-0.4004800	-0.8211300	0.9353979	-0.4406300	-0.7027900	0.9625479	-0.2056000	-0.6994000	0.9585079	-0.1041400	-0.8194600	0.5158679	-0.1406300	-0.9034100	0.1079179	-0.1915000	-0.6994200	0.9671479	-0.3071800	-0.5468700	0.5773979	-0.2831500	-0.4985500	0.1581679	-0.2896600	-0.3311300	0.1401479	-0.3100500	-0.3422600	0.1398079	-0.3090400	-0.5308300	0.1138379	-0.2815200	-0.8001600	0.0407679	-0.1703500	-0.8053200	0.0478679	-0.1698700	-0.9186600	0.0834679	-0.1956600	-0.7997618	1.5118899	-0.1895856	-0.7181344	1.4936925	-0.0594322	-0.7286167	1.5054727	-0.3295796	-0.6596366	1.0469187	-0.0816511	-0.6541214	1.0455794	-0.3295846	-0.8344394	1.0276724	-0.1597030	-0.8315142	1.0270808	-0.2564833	-0.8226074	0.5479505	-0.0943509	-0.5440228	0.5857052	-0.3506756	-0.8093752	0.5531120	-0.2047125	-0.5414777	0.5848298	-0.2367645	-0.9262023	0.1270714	-0.1409827	-0.4944554	0.1550258	-0.3479540	-0.8948763	0.1352428	-0.2294869	-0.4692858	0.1640825	-0.2529468	-0.9756251	0.1032623	-0.2034050	-0.5412685	0.1105468	-0.2897705	-0.7903816	0.0747269	-0.1783711	-0.3380291	0.1495999	-0.3038990	-0.8352672	0.0688417	-0.1291682	-0.3791574	0.1351265	-0.3590834	-0.6880765	0.7847819	-0.0587810	-0.7437566	0.6917541	-0.0518801	-0.7955757	0.8152994	-0.0351552	-0.5822302	0.8620984	-0.3615334	-0.5688927	0.7548284	-0.3782702	-0.6896344	0.8200920	-0.3930307	-0.8544032	0.4190519	-0.0927907	-0.8535469	0.2874290	-0.0943682	-0.9241360	0.3119932	-0.0976076	-0.5265326	0.4544820	-0.3673614	-0.4771795	0.3323404	-0.3768305	-0.5575809	0.3319621	-0.3770548	-0.7396712	0.9569727	-0.1256887	-0.7350868	0.9552397	-0.2865557	-0.6828415	1.1762833	0.0583849	-0.8012729	1.2068908	-0.4474175	-0.7199634	1.1572667	-0.0138294	-0.8314354	1.1969728	-0.3650169	-0.5510687	0.9611705	0.0189263	-0.7789193	0.9482881	-0.4427794	-0.6270722	0.9323032	0.0303694	-0.8608474	0.9528558	-0.4304234
237	3.9333333	-0.7153600	1.4462779	-0.1908900	-0.6955800	1.4344979	-0.0338700	-0.6775600	1.1668779	0.0110700	-0.5512900	0.9192379	0.0246500	-0.7192500	1.4583779	-0.3488300	-0.7911700	1.1933079	-0.3993900	-0.8103200	0.9336279	-0.4411000	-0.6861700	0.9578579	-0.2060600	-0.6837800	0.9534479	-0.1045000	-0.8103100	0.5102079	-0.1412100	-0.9159600	0.1012079	-0.1964300	-0.6817600	0.9629179	-0.3077000	-0.5273400	0.5725079	-0.2813800	-0.4574900	0.1611279	-0.2865900	-0.2872800	0.1472579	-0.3055400	-0.2979000	0.1469079	-0.3042200	-0.4996100	0.1135179	-0.2829100	-0.8115100	0.0321679	-0.1755500	-0.8178500	0.0392579	-0.1757300	-0.9410800	0.0756479	-0.2035900	-0.7826087	1.5063365	-0.1893133	-0.7019417	1.4877754	-0.0588417	-0.7108002	1.5006081	-0.3285460	-0.6433968	1.0416594	-0.0813599	-0.6363947	1.0406139	-0.3299068	-0.8182894	1.0233497	-0.1604566	-0.8146523	1.0229264	-0.2574748	-0.8148858	0.5438438	-0.0948700	-0.5256397	0.5805078	-0.3488404	-0.8013274	0.5487022	-0.2052018	-0.5244601	0.5797487	-0.2347945	-0.9275971	0.1248794	-0.1420757	-0.4530180	0.1531346	-0.3453904	-0.8960447	0.1323153	-0.2301158	-0.4292667	0.1637332	-0.2503210	-0.9767873	0.1012781	-0.2042617	-0.4975864	0.1055586	-0.2878455	-0.7935197	0.0709946	-0.1793903	-0.2961471	0.1570680	-0.2992764	-0.8383402	0.0656290	-0.1305002	-0.3357318	0.1397503	-0.3548688	-0.6757711	0.7787857	-0.0589011	-0.7333500	0.6865801	-0.0521084	-0.7826647	0.8114288	-0.0355986	-0.5640889	0.8575311	-0.3603422	-0.5504642	0.7500575	-0.3767429	-0.6712428	0.8152179	-0.3932471	-0.8494750	0.4153594	-0.0936908	-0.8516831	0.2836370	-0.0953595	-0.9212784	0.3099125	-0.0987220	-0.5017097	0.4506502	-0.3653500	-0.4453023	0.3311736	-0.3744867	-0.5258987	0.3266154	-0.3752347	-0.7236846	0.9523694	-0.1261444	-0.7180612	0.9508560	-0.2874282	-0.6605852	1.1723550	0.0590442	-0.7888198	1.2027529	-0.4465518	-0.6973331	1.1525840	-0.0134568	-0.8174779	1.1930241	-0.3648561	-0.5228469	0.9610513	0.0167880	-0.7704563	0.9434563	-0.4427918	-0.5968270	0.9305051	0.0299022	-0.8515449	0.9494073	-0.4306037
238	3.9500000	-0.6932600	1.4430179	-0.1912400	-0.6742000	1.4316179	-0.0344300	-0.6536300	1.1639279	0.0114200	-0.5194300	0.9197179	0.0252300	-0.6964400	1.4550679	-0.3489400	-0.7756000	1.1924479	-0.3979300	-0.8016500	0.9315479	-0.4411200	-0.6665200	0.9544179	-0.2065900	-0.6667200	0.9495879	-0.1046100	-0.8006800	0.5061879	-0.1412800	-0.9297600	0.1011779	-0.2009300	-0.6594000	0.9597479	-0.3085600	-0.5088300	0.5695279	-0.2795600	-0.4225500	0.1638179	-0.2829200	-0.2482900	0.1542579	-0.3003000	-0.2585400	0.1537179	-0.2987600	-0.4740400	0.1104079	-0.2832100	-0.8157600	0.0303779	-0.1787700	-0.8246500	0.0374079	-0.1798300	-0.9670700	0.0737079	-0.2122100	-0.7627500	1.5022770	-0.1895348	-0.6830107	1.4835786	-0.0585906	-0.6901605	1.4970194	-0.3282501	-0.6240520	1.0376474	-0.0809885	-0.6153298	1.0372433	-0.3304336	-0.7993064	1.0205499	-0.1612942	-0.7948760	1.0204405	-0.2586339	-0.8041686	0.5410257	-0.0956460	-0.5038319	0.5768576	-0.3465209	-0.7905660	0.5456752	-0.2060638	-0.5043509	0.5762574	-0.2322200	-0.9284346	0.1248872	-0.1433791	-0.4168408	0.1521560	-0.3420911	-0.8968875	0.1313803	-0.2312395	-0.3947141	0.1637345	-0.2468476	-0.9779662	0.1018985	-0.2053229	-0.4603895	0.1023281	-0.2853331	-0.7959781	0.0684611	-0.1810260	-0.2599917	0.1625412	-0.2934774	-0.8407533	0.0638927	-0.1321934	-0.2982302	0.1432321	-0.3496536	-0.6602084	0.7739286	-0.0591626	-0.7197140	0.6825802	-0.0525195	-0.7665968	0.8087090	-0.0359528	-0.5426819	0.8545205	-0.3589758	-0.5286196	0.7468134	-0.3749442	-0.6493804	0.8117251	-0.3934685	-0.8421193	0.4132570	-0.0947463	-0.8481007	0.2814961	-0.0966613	-0.9167142	0.3098306	-0.0997984	-0.4757974	0.4479305	-0.3627145	-0.4149121	0.3303894	-0.3713066	-0.4955653	0.3230807	-0.3729267	-0.7048008	0.9489633	-0.1265444	-0.6980054	0.9478424	-0.2885412	-0.6362445	1.1698630	0.0597255	-0.7730307	1.2000072	-0.4457108	-0.6723875	1.1494613	-0.0134584	-0.7999859	1.1904739	-0.3645904	-0.4930776	0.9620479	0.0151013	-0.7585371	0.9402457	-0.4427446	-0.5650288	0.9299586	0.0297658	-0.8389017	0.9473469	-0.4307963
239	3.9666667	-0.6707000	1.4409179	-0.1916000	-0.6517100	1.4290279	-0.0348600	-0.6293500	1.1618679	0.0113100	-0.4896000	0.9200779	0.0256400	-0.6738700	1.4530879	-0.3492100	-0.7690500	1.1935379	-0.3954100	-0.8003300	0.9305379	-0.4399300	-0.6413000	0.9529679	-0.2079400	-0.6440300	0.9479579	-0.1053500	-0.7899900	0.5034979	-0.1413900	-0.9373300	0.1073479	-0.2022400	-0.6316100	0.9591479	-0.3104200	-0.4902500	0.5677379	-0.2786400	-0.3912400	0.1631979	-0.2781900	-0.2162400	0.1575479	-0.2951500	-0.2262900	0.1566479	-0.2935000	-0.4442000	0.1057879	-0.2793000	-0.8117800	0.0354979	-0.1790100	-0.8239100	0.0412179	-0.1810200	-0.9843100	0.0788479	-0.2161400	-0.7382924	1.5003392	-0.1907947	-0.6594033	1.4818292	-0.0595427	-0.6649434	1.4954021	-0.3290560	-0.5991234	1.0355870	-0.0813108	-0.5886148	1.0362506	-0.3317451	-0.7748436	1.0197916	-0.1628640	-0.7696486	1.0201583	-0.2605252	-0.7878361	0.5402419	-0.0972916	-0.4768659	0.5751690	-0.3444621	-0.7743179	0.5447006	-0.2078590	-0.4792325	0.5748173	-0.2298727	-0.9258024	0.1282025	-0.1450094	-0.3841887	0.1518365	-0.3384031	-0.8943405	0.1335010	-0.2328882	-0.3637588	0.1638960	-0.2430124	-0.9761133	0.1062792	-0.2067471	-0.4278741	0.1009869	-0.2825574	-0.7949679	0.0681578	-0.1830660	-0.2279234	0.1650602	-0.2872038	-0.8397433	0.0647518	-0.1341351	-0.2650882	0.1447798	-0.3439734	-0.6388402	0.7709741	-0.0601888	-0.7003140	0.6805351	-0.0537385	-0.7448601	0.8078999	-0.0370485	-0.5158331	0.8534444	-0.3582548	-0.5013891	0.7454570	-0.3736589	-0.6219565	0.8102248	-0.3943020	-0.8296766	0.4136013	-0.0964835	-0.8400952	0.2819991	-0.0985385	-0.9076818	0.3126948	-0.1012939	-0.4470981	0.4465517	-0.3600453	-0.3843530	0.3299638	-0.3677742	-0.4649184	0.3214148	-0.3705381	-0.6803775	0.9474219	-0.1277078	-0.6724201	0.9469259	-0.2905421	-0.6085742	1.1692670	0.0601604	-0.7534458	1.1994281	-0.4449772	-0.6436113	1.1484117	-0.0143022	-0.7786703	1.1901877	-0.3642120	-0.4605399	0.9646806	0.0138940	-0.7437681	0.9395612	-0.4427575	-0.5306943	0.9311045	0.0296274	-0.8236653	0.9476916	-0.4303937
240	3.9833333	-0.6487400	1.4394379	-0.1922500	-0.6287300	1.4277779	-0.0357000	-0.6045900	1.1606079	0.0105100	-0.4617700	0.9221479	0.0258800	-0.6530200	1.4513579	-0.3497400	-0.7664300	1.1948679	-0.3922100	-0.8050900	0.9341679	-0.4374400	-0.6132300	0.9548479	-0.2099300	-0.6170400	0.9496379	-0.1067200	-0.7770000	0.5016279	-0.1417400	-0.9360700	0.1134979	-0.2002700	-0.6023500	0.9608879	-0.3129900	-0.4703300	0.5658379	-0.2783400	-0.3671900	0.1615379	-0.2724500	-0.1921700	0.1562379	-0.2897400	-0.2023200	0.1552879	-0.2881100	-0.4154600	0.1052979	-0.2713300	-0.8040200	0.0401779	-0.1778500	-0.8197300	0.0450879	-0.1808000	-0.9878900	0.0850579	-0.2146600	-0.7120994	1.5016500	-0.1926562	-0.6339756	1.4836432	-0.0614915	-0.6381638	1.4969305	-0.3303320	-0.5713760	1.0367611	-0.0823164	-0.5592006	1.0388698	-0.3334636	-0.7473897	1.0221820	-0.1649224	-0.7415514	1.0231474	-0.2627690	-0.7681710	0.5427449	-0.0994503	-0.4479208	0.5764802	-0.3425501	-0.7547163	0.5469388	-0.2102082	-0.4520492	0.5765191	-0.2276378	-0.9211478	0.1360463	-0.1463701	-0.3577589	0.1527033	-0.3340021	-0.8897213	0.1399070	-0.2343661	-0.3389216	0.1648563	-0.2385313	-0.9724215	0.1157295	-0.2079426	-0.4026134	0.1023745	-0.2790828	-0.7921327	0.0712242	-0.1847197	-0.2025518	0.1647523	-0.2804367	-0.8369164	0.0694268	-0.1356313	-0.2390019	0.1445851	-0.3376906	-0.6142332	0.7713826	-0.0617081	-0.6776411	0.6818462	-0.0554609	-0.7200837	0.8103556	-0.0387875	-0.4864219	0.8553432	-0.3581235	-0.4718098	0.7470110	-0.3728121	-0.5920506	0.8119147	-0.3954788	-0.8142435	0.4176186	-0.0985202	-0.8295468	0.2864428	-0.1004474	-0.8960130	0.3196908	-0.1028575	-0.4186667	0.4474375	-0.3571500	-0.3565541	0.3306567	-0.3636716	-0.4369410	0.3223437	-0.3677285	-0.6530065	0.9490537	-0.1295715	-0.6440372	0.9494118	-0.2930774	-0.5807159	1.1714769	0.0606669	-0.7336715	1.2022486	-0.4437632	-0.6141188	1.1503860	-0.0155057	-0.7574428	1.1933359	-0.3632481	-0.4284590	0.9699211	0.0137388	-0.7305900	0.9425278	-0.4422767	-0.4972513	0.9349553	0.0298189	-0.8101499	0.9517626	-0.4283688
241	4.0000000	-0.6268400	1.4380779	-0.1935600	-0.6055200	1.4270279	-0.0372700	-0.5791000	1.1604879	0.0091900	-0.4358400	0.9244279	0.0258100	-0.6325200	1.4497179	-0.3508800	-0.7556800	1.1951579	-0.3903400	-0.8050500	0.9299279	-0.4349200	-0.5876000	0.9553579	-0.2116400	-0.5915300	0.9500079	-0.1080400	-0.7616000	0.5004079	-0.1421600	-0.9308500	0.1173179	-0.1970600	-0.5765800	0.9616479	-0.3150900	-0.4484200	0.5639679	-0.2775900	-0.3516500	0.1557179	-0.2672600	-0.1785200	0.1499779	-0.2841000	-0.1887900	0.1490279	-0.2825600	-0.3936800	0.1007379	-0.2638600	-0.7980000	0.0430979	-0.1775100	-0.8155700	0.0472579	-0.1808500	-0.9851100	0.0905779	-0.2107600	-0.6889153	1.5016810	-0.1941849	-0.6114112	1.4843172	-0.0634523	-0.6146896	1.4970094	-0.3312161	-0.5461047	1.0364812	-0.0832609	-0.5324773	1.0402114	-0.3345976	-0.7220427	1.0228902	-0.1665656	-0.7156995	1.0245003	-0.2643907	-0.7496603	0.5437244	-0.1010474	-0.4221252	0.5761567	-0.3401010	-0.7362094	0.5475917	-0.2120381	-0.4277838	0.5767215	-0.2248998	-0.9183551	0.1433456	-0.1466002	-0.3408565	0.1502945	-0.3287087	-0.8868927	0.1456121	-0.2347994	-0.3234041	0.1622429	-0.2333029	-0.9706637	0.1251996	-0.2080402	-0.3876260	0.1019396	-0.2747305	-0.7914015	0.0727324	-0.1851670	-0.1870829	0.1576704	-0.2732019	-0.8361547	0.0729688	-0.1358488	-0.2231371	0.1385649	-0.3307827	-0.5913946	0.7706225	-0.0628439	-0.6565046	0.6818591	-0.0567362	-0.6972875	0.8113236	-0.0402648	-0.4597521	0.8555773	-0.3577014	-0.4451489	0.7468448	-0.3715780	-0.5649505	0.8120824	-0.3960435	-0.8001395	0.4203953	-0.0998091	-0.8205875	0.2898937	-0.1013914	-0.8858605	0.3258152	-0.1035449	-0.3951325	0.4460816	-0.3534982	-0.3356281	0.3281041	-0.3586738	-0.4157240	0.3212451	-0.3640165	-0.6278966	0.9491854	-0.1312968	-0.6181272	0.9505416	-0.2951141	-0.5566116	1.1720428	0.0616301	-0.7172786	1.2033997	-0.4416535	-0.5883199	1.1508008	-0.0160341	-0.7399709	1.1946168	-0.3614649	-0.4013111	0.9727547	0.0146278	-0.7218001	0.9435826	-0.4405690	-0.4689845	0.9367962	0.0308487	-0.8010405	0.9541181	-0.4247751
242	4.0166667	-0.6038100	1.4373879	-0.1953300	-0.5818500	1.4266379	-0.0392700	-0.5530300	1.1604479	0.0077200	-0.4111300	0.9252079	0.0256300	-0.6102100	1.4484579	-0.3524700	-0.7320200	1.1945879	-0.3910400	-0.7937200	0.9281679	-0.4340100	-0.5652100	0.9533779	-0.2125800	-0.5691600	0.9475679	-0.1089000	-0.7438400	0.5002979	-0.1422300	-0.9259000	0.1219579	-0.1939500	-0.5541600	0.9599479	-0.3160900	-0.4246600	0.5614779	-0.2757400	-0.3421900	0.1476379	-0.2629700	-0.1759600	0.1388679	-0.2786300	-0.1862000	0.1381179	-0.2772100	-0.3802800	0.0972679	-0.2576000	-0.7933600	0.0446179	-0.1772200	-0.8113900	0.0492679	-0.1805200	-0.9826600	0.0974879	-0.2065800	-0.6688818	1.4995084	-0.1949651	-0.5917789	1.4827284	-0.0647679	-0.5946414	1.4946691	-0.3314839	-0.5241027	1.0336078	-0.0836698	-0.5091894	1.0389710	-0.3346986	-0.6995722	1.0207686	-0.1673752	-0.6928080	1.0230251	-0.2650011	-0.7325001	0.5419528	-0.1015559	-0.3999489	0.5733370	-0.3368880	-0.7190494	0.5454583	-0.2128341	-0.4069021	0.5744955	-0.2214931	-0.9172617	0.1488166	-0.1454245	-0.3321499	0.1445796	-0.3230752	-0.8857800	0.1493965	-0.2339141	-0.3158787	0.1560386	-0.2279261	-0.9706403	0.1334122	-0.2067038	-0.3813027	0.0993214	-0.2701426	-0.7926894	0.0716037	-0.1842863	-0.1801672	0.1446601	-0.2660690	-0.8373187	0.0742506	-0.1345856	-0.2160287	0.1273816	-0.3238750	-0.5708954	0.7676917	-0.0631983	-0.6373147	0.6794619	-0.0571200	-0.6770465	0.8096214	-0.0409610	-0.4365430	0.8532471	-0.3565056	-0.4220414	0.7441067	-0.3695594	-0.5412838	0.8097184	-0.3955900	-0.7874612	0.4206603	-0.0998752	-0.8131998	0.2910992	-0.1009829	-0.8772034	0.3297787	-0.1029251	-0.3764755	0.4419458	-0.3491106	-0.3210376	0.3221263	-0.3530764	-0.4006678	0.3176485	-0.3596032	-0.6058611	0.9467458	-0.1323973	-0.5954505	0.9491615	-0.2961713	-0.5356169	1.1700095	0.0626859	-0.7030071	1.2019166	-0.4390868	-0.5659659	1.1487529	-0.0158753	-0.7246086	1.1929729	-0.3594937	-0.3788211	0.9719899	0.0158091	-0.7145833	0.9416385	-0.4382882	-0.4452295	0.9356589	0.0325589	-0.7934072	0.9535581	-0.4211607
243	4.0333333	-0.5797700	1.4373179	-0.1970800	-0.5577700	1.4269679	-0.0412100	-0.5280300	1.1603979	0.0062700	-0.3870300	0.9256379	0.0255900	-0.5862700	1.4481379	-0.3540600	-0.7023900	1.1935079	-0.3932900	-0.7724700	0.9262979	-0.4346800	-0.5428500	0.9505079	-0.2129100	-0.5470500	0.9449379	-0.1094000	-0.7234400	0.5015679	-0.1416200	-0.9212400	0.1286679	-0.1914800	-0.5316100	0.9570579	-0.3162400	-0.4009400	0.5582279	-0.2732200	-0.3347000	0.1393079	-0.2593600	-0.1770400	0.1243479	-0.2735700	-0.1871700	0.1240979	-0.2723200	-0.3706500	0.0920779	-0.2531000	-0.7856900	0.0479679	-0.1743000	-0.8049100	0.0536579	-0.1779300	-0.9810000	0.1066779	-0.2032700	-0.6485881	1.4967518	-0.1952359	-0.5716422	1.4804142	-0.0654440	-0.5744518	1.4915765	-0.3315229	-0.5021940	1.0296790	-0.0836014	-0.4859686	1.0366815	-0.3339643	-0.6768855	1.0175254	-0.1676495	-0.6696825	1.0204425	-0.2649608	-0.7132632	0.5388719	-0.1010903	-0.3781536	0.5696486	-0.3334011	-0.6997693	0.5419447	-0.2127515	-0.3862275	0.5713779	-0.2178767	-0.9143164	0.1539110	-0.1431462	-0.3266591	0.1380645	-0.3180066	-0.8828508	0.1527291	-0.2320187	-0.3113648	0.1487819	-0.2232739	-0.9687342	0.1417467	-0.2042686	-0.3784185	0.0965711	-0.2662347	-0.7925013	0.0695434	-0.1823392	-0.1767061	0.1292774	-0.2598884	-0.8369178	0.0749192	-0.1320863	-0.2125000	0.1143604	-0.3178865	-0.5494767	0.7642124	-0.0628924	-0.6167529	0.6762008	-0.0567180	-0.6561669	0.8068191	-0.0409777	-0.4134971	0.8500587	-0.3547867	-0.3992132	0.7405056	-0.3671084	-0.5177639	0.8065187	-0.3945108	-0.7727688	0.4198352	-0.0988875	-0.8039084	0.2915161	-0.0994335	-0.8665568	0.3330015	-0.1012102	-0.3590223	0.4369775	-0.3446461	-0.3085655	0.3150698	-0.3476938	-0.3875691	0.3135619	-0.3552435	-0.5837806	0.9433719	-0.1330218	-0.5727429	0.9469016	-0.2964910	-0.5144861	1.1672722	0.0634020	-0.6867052	1.1993164	-0.4369482	-0.5438075	1.1461253	-0.0156272	-0.7068893	1.1900384	-0.3580142	-0.3574518	0.9695389	0.0167472	-0.7036074	0.9384245	-0.4363796	-0.4224704	0.9333283	0.0345169	-0.7820124	0.9515405	-0.4188302
244	4.0500000	-0.5562700	1.4377179	-0.1987700	-0.5344200	1.4269779	-0.0429700	-0.5054600	1.1600979	0.0047900	-0.3639000	0.9252979	0.0255900	-0.5626800	1.4486079	-0.3556300	-0.6729000	1.1924279	-0.3957500	-0.7455600	0.9262979	-0.4361200	-0.5194100	0.9498779	-0.2132100	-0.5237200	0.9446879	-0.1100900	-0.6993800	0.5040879	-0.1401800	-0.9172300	0.1350479	-0.1903600	-0.5081300	0.9560279	-0.3161600	-0.3795300	0.5559279	-0.2709700	-0.3268000	0.1320779	-0.2563100	-0.1710500	0.1112379	-0.2688600	-0.1811700	0.1114179	-0.2678900	-0.3632400	0.0854979	-0.2503000	-0.7733100	0.0531079	-0.1686900	-0.7960200	0.0594079	-0.1734800	-0.9794100	0.1133679	-0.2021700	-0.6269269	1.4962762	-0.1955243	-0.5499494	1.4802265	-0.0659024	-0.5528545	1.4906940	-0.3318931	-0.4792361	1.0277399	-0.0835920	-0.4616297	1.0364620	-0.3329726	-0.6529589	1.0165147	-0.1680494	-0.6452816	1.0201239	-0.2649541	-0.6909677	0.5374557	-0.1002058	-0.3557804	0.5680331	-0.3304456	-0.6772972	0.5399805	-0.2123986	-0.3648482	0.5702395	-0.2147277	-0.9083050	0.1613383	-0.1405817	-0.3212745	0.1341971	-0.3142819	-0.8768137	0.1583539	-0.2299490	-0.3067414	0.1440332	-0.2199682	-0.9635991	0.1527418	-0.2016760	-0.3756256	0.0964929	-0.2636644	-0.7895975	0.0696199	-0.1799908	-0.1732429	0.1164127	-0.2553029	-0.8337561	0.0779222	-0.1290684	-0.2090579	0.1040025	-0.3135451	-0.5261162	0.7632571	-0.0624139	-0.5938252	0.6751130	-0.0560331	-0.6336653	0.8060517	-0.0408390	-0.3894364	0.8491281	-0.3532268	-0.3755607	0.7391016	-0.3649801	-0.4933601	0.8056415	-0.3936290	-0.7550444	0.4208039	-0.0974737	-0.7916061	0.2939928	-0.0974340	-0.8528554	0.3382550	-0.0991242	-0.3412526	0.4343237	-0.3409762	-0.2959852	0.3104260	-0.3434071	-0.3743455	0.3120035	-0.3517886	-0.5605882	0.9422374	-0.1337465	-0.5489004	0.9469628	-0.2966995	-0.4927190	1.1667614	0.0634338	-0.6671373	1.1985339	-0.4358578	-0.5212365	1.1459177	-0.0159545	-0.6856995	1.1889014	-0.3574501	-0.3363549	0.9684517	0.0171711	-0.6872680	0.9370211	-0.4356271	-0.4001686	0.9326449	0.0361759	-0.7652695	0.9508940	-0.4182572
245	4.0666667	-0.5342400	1.4389679	-0.2005400	-0.5125600	1.4279379	-0.0448100	-0.4850900	1.1614379	0.0032000	-0.3430700	0.9251179	0.0253500	-0.5405200	1.4500979	-0.3573400	-0.6425500	1.1929879	-0.3982600	-0.7139800	0.9272979	-0.4379700	-0.4964100	0.9535679	-0.2139200	-0.5005500	0.9489379	-0.1113900	-0.6685500	0.5094679	-0.1381000	-0.9156000	0.1406679	-0.1907500	-0.4853900	0.9590679	-0.3163000	-0.3604000	0.5545079	-0.2697500	-0.3178000	0.1253979	-0.2541100	-0.1563000	0.0994379	-0.2650000	-0.1666400	0.0999679	-0.2643700	-0.3576400	0.0788479	-0.2490100	-0.7636900	0.0564379	-0.1644600	-0.7897500	0.0625679	-0.1703500	-0.9806000	0.1214979	-0.2029400	-0.6055244	1.4998147	-0.1962350	-0.5284107	1.4839426	-0.0666106	-0.5314622	1.4938822	-0.3329022	-0.4566363	1.0298805	-0.0841348	-0.4377017	1.0403417	-0.3322048	-0.6293005	1.0200704	-0.1689976	-0.6211521	1.0243521	-0.2653876	-0.6671296	0.5396531	-0.0993411	-0.3345231	0.5702714	-0.3283963	-0.6531387	0.5415591	-0.2122379	-0.3445217	0.5728396	-0.2123028	-0.9008719	0.1728341	-0.1383954	-0.3159319	0.1346662	-0.3121611	-0.8692763	0.1680289	-0.2283935	-0.3019396	0.1436150	-0.2180816	-0.9566604	0.1682147	-0.1995667	-0.3726870	0.1002490	-0.2625159	-0.7859902	0.0734141	-0.1780517	-0.1693279	0.1088661	-0.2524429	-0.8297552	0.0848317	-0.1263272	-0.2052429	0.0987601	-0.3110697	-0.5023312	0.7668899	-0.0621599	-0.5700465	0.6782148	-0.0554800	-0.6110286	0.8093775	-0.0409455	-0.3658326	0.8523469	-0.3522611	-0.3526334	0.7417530	-0.3635984	-0.4697104	0.8090957	-0.3934847	-0.7358534	0.4254257	-0.0961176	-0.7778777	0.3003197	-0.0955441	-0.8376958	0.3473618	-0.0972280	-0.3243817	0.4357684	-0.3385013	-0.2838996	0.3101204	-0.3405859	-0.3617840	0.3145006	-0.3496226	-0.5377930	0.9455023	-0.1349857	-0.5254871	0.9514446	-0.2972312	-0.4719901	1.1701809	0.0625670	-0.6454095	1.2012420	-0.4361200	-0.4999751	1.1498807	-0.0171202	-0.6624795	1.1912917	-0.3580024	-0.3172695	0.9703158	0.0168422	-0.6664024	0.9389832	-0.4363972	-0.3803700	0.9351418	0.0370516	-0.7439940	0.9530537	-0.4195968
246	4.0833333	-0.5129400	1.4409479	-0.2023700	-0.4917000	1.4303679	-0.0467500	-0.4658300	1.1642879	0.0016600	-0.3252900	0.9254479	0.0248600	-0.5188000	1.4518579	-0.3590400	-0.6118700	1.1954179	-0.4006100	-0.6802500	0.9297779	-0.4400500	-0.4740400	0.9598179	-0.2151400	-0.4780700	0.9558179	-0.1131900	-0.6265000	0.5195879	-0.1358100	-0.9141200	0.1453679	-0.1914900	-0.4632300	0.9647879	-0.3169300	-0.3425300	0.5540679	-0.2700300	-0.3091800	0.1203079	-0.2530900	-0.1425100	0.0888779	-0.2631100	-0.1529300	0.0898079	-0.2626900	-0.3530700	0.0741579	-0.2487800	-0.7643800	0.0554879	-0.1648800	-0.7885100	0.0615579	-0.1701900	-0.9803400	0.1279779	-0.2035600	-0.5846840	1.5054650	-0.1974389	-0.5075077	1.4897325	-0.0677581	-0.5105559	1.4993814	-0.3343881	-0.4344990	1.0343688	-0.0853690	-0.4144273	1.0464833	-0.3317588	-0.6060477	1.0263437	-0.1705412	-0.5974645	1.0312416	-0.2662777	-0.6412385	0.5436347	-0.0986234	-0.3148674	0.5745107	-0.3271645	-0.6267647	0.5449233	-0.2123037	-0.3258288	0.5773550	-0.2105183	-0.8920081	0.1867172	-0.1368346	-0.3108502	0.1371663	-0.3114121	-0.8601807	0.1800303	-0.2275108	-0.2971824	0.1453141	-0.2173084	-0.9474432	0.1867739	-0.1980361	-0.3697139	0.1053126	-0.2624405	-0.7826170	0.0787323	-0.1769803	-0.1650834	0.1047552	-0.2510536	-0.8256045	0.0935878	-0.1243330	-0.2011453	0.0965855	-0.3102025	-0.4780948	0.7734819	-0.0622144	-0.5452002	0.6838046	-0.0551632	-0.5881676	0.8149598	-0.0414663	-0.3429234	0.8576960	-0.3518907	-0.3307551	0.7465237	-0.3629216	-0.4471125	0.8150684	-0.3941445	-0.7148663	0.4318953	-0.0949909	-0.7625941	0.3086919	-0.0939405	-0.8208035	0.3586191	-0.0957849	-0.3088141	0.4393236	-0.3371213	-0.2725728	0.3120717	-0.3390950	-0.3502482	0.3188862	-0.3486390	-0.5155636	0.9514252	-0.1368151	-0.5027195	0.9585314	-0.2981788	-0.4525376	1.1755660	0.0608428	-0.6217386	1.2055876	-0.4375943	-0.4802460	1.1560483	-0.0191294	-0.6376185	1.1953967	-0.3594934	-0.3005106	0.9731877	0.0157490	-0.6413572	0.9424821	-0.4385051	-0.3634097	0.9388780	0.0370250	-0.7185442	0.9561804	-0.4226169
247	4.1000000	-0.4912000	1.4433079	-0.2041400	-0.4709400	1.4338279	-0.0485900	-0.4467900	1.1665379	0.0004500	-0.3094500	0.9250979	0.0244700	-0.4960500	1.4534079	-0.3607000	-0.5857200	1.1980279	-0.4020600	-0.6504400	0.9337179	-0.4414300	-0.4505400	0.9652179	-0.2166800	-0.4546100	0.9615179	-0.1151400	-0.5723300	0.5338279	-0.1332300	-0.9048200	0.1544379	-0.1901300	-0.4397600	0.9698679	-0.3180700	-0.3252400	0.5535279	-0.2717800	-0.3032900	0.1176479	-0.2533900	-0.1344000	0.0779179	-0.2631900	-0.1446400	0.0793879	-0.2628200	-0.3502500	0.0720879	-0.2495000	-0.7678600	0.0517079	-0.1672600	-0.7838800	0.0576679	-0.1703000	-0.9700900	0.1406979	-0.2005100	-0.5627992	1.5100533	-0.1989920	-0.4857644	1.4944678	-0.0692507	-0.4884663	1.5041303	-0.3360255	-0.4111300	1.0379127	-0.0870486	-0.3901352	1.0514982	-0.3314485	-0.5814797	1.0316423	-0.1724719	-0.5724764	1.0371002	-0.2674417	-0.6095943	0.5458361	-0.0975743	-0.2954480	0.5773338	-0.3266181	-0.5944184	0.5465540	-0.2119835	-0.3074413	0.5804337	-0.2093997	-0.8788012	0.2001200	-0.1354205	-0.3054525	0.1382254	-0.3116310	-0.8465704	0.1913973	-0.2266654	-0.2918950	0.1457075	-0.2173331	-0.9325330	0.2059114	-0.1964284	-0.3660762	0.1084170	-0.2630018	-0.7777457	0.0821817	-0.1763624	-0.1601708	0.1003477	-0.2508105	-0.8192920	0.1009873	-0.1227452	-0.1963752	0.0937877	-0.3105012	-0.4509650	0.7799538	-0.0622563	-0.5163692	0.6886228	-0.0546918	-0.5626780	0.8192030	-0.0422088	-0.3191239	0.8614745	-0.3518812	-0.3084235	0.7498371	-0.3627458	-0.4239186	0.8201017	-0.3953628	-0.6886533	0.4368187	-0.0936382	-0.7426711	0.3158668	-0.0921199	-0.7988434	0.3689202	-0.0944273	-0.2934247	0.4415194	-0.3366261	-0.2611140	0.3127302	-0.3386448	-0.3387881	0.3217754	-0.3485677	-0.4921423	0.9565462	-0.1390332	-0.4788170	0.9647127	-0.2993808	-0.4329683	1.1796587	0.0586883	-0.5956582	1.2086067	-0.4396242	-0.4604088	1.1610518	-0.0217481	-0.6106076	1.1982480	-0.3613219	-0.2843959	0.9742073	0.0143596	-0.6125848	0.9448198	-0.4411643	-0.3473835	0.9408902	0.0364631	-0.6894752	0.9576664	-0.4263278
248	4.1166667	-0.4689500	1.4454279	-0.2056900	-0.4501500	1.4361879	-0.0499700	-0.4279400	1.1663679	-0.0001900	-0.2941800	0.9242479	0.0244200	-0.4723000	1.4549979	-0.3623100	-0.5658600	1.1993179	-0.4023300	-0.6277400	0.9358379	-0.4411300	-0.4253100	0.9674879	-0.2180900	-0.4291100	0.9639779	-0.1167100	-0.5118600	0.5469779	-0.1296000	-0.8792900	0.1724979	-0.1851300	-0.4148500	0.9719179	-0.3193200	-0.3093100	0.5512679	-0.2743400	-0.3003500	0.1154579	-0.2544000	-0.1298400	0.0690979	-0.2632900	-0.1398200	0.0706679	-0.2629100	-0.3495300	0.0706679	-0.2508000	-0.7589800	0.0520179	-0.1662900	-0.7674800	0.0575079	-0.1673400	-0.9393900	0.1582779	-0.1930900	-0.5392800	1.5116924	-0.2005592	-0.4626358	1.4962371	-0.0707076	-0.4644807	1.5062562	-0.3374203	-0.3861006	1.0384194	-0.0885482	-0.3643272	1.0532832	-0.3309056	-0.5551935	1.0335335	-0.1743525	-0.5457711	1.0395354	-0.2685707	-0.5692363	0.5439942	-0.0952016	-0.2760499	0.5765104	-0.3267046	-0.5530389	0.5441053	-0.2101938	-0.2890162	0.5798714	-0.2090316	-0.8581509	0.2112071	-0.1333886	-0.2999488	0.1359413	-0.3123063	-0.8252644	0.2002471	-0.2249098	-0.2863088	0.1429556	-0.2177783	-0.9084914	0.2236201	-0.1940324	-0.3618900	0.1079526	-0.2637289	-0.7688223	0.0824313	-0.1750215	-0.1552146	0.0934939	-0.2512591	-0.8081729	0.1056222	-0.1206471	-0.1914978	0.0882719	-0.3113403	-0.4195209	0.7845004	-0.0615845	-0.4815769	0.6907189	-0.0532257	-0.5332324	0.8197526	-0.0425835	-0.2940670	0.8612574	-0.3519319	-0.2853360	0.7493460	-0.3629005	-0.3997405	0.8219395	-0.3967850	-0.6542658	0.4380411	-0.0912027	-0.7152267	0.3198657	-0.0892463	-0.7687667	0.3761828	-0.0924755	-0.2781463	0.4401874	-0.3367865	-0.2496386	0.3099923	-0.3388691	-0.3273962	0.3211579	-0.3490701	-0.4669602	0.9585106	-0.1411707	-0.4531571	0.9676438	-0.3004714	-0.4129976	1.1805206	0.0567598	-0.5682346	1.2085637	-0.4413041	-0.4399167	1.1627884	-0.0244417	-0.5824034	1.1980561	-0.3626449	-0.2681162	0.9719643	0.0134247	-0.5823184	0.9444545	-0.4433341	-0.3313039	0.9396311	0.0360138	-0.6591533	0.9561767	-0.4294197
249	4.1333333	-0.4470200	1.4469279	-0.2067500	-0.4296900	1.4376179	-0.0506000	-0.4097200	1.1640379	-0.0001800	-0.2798600	0.9225279	0.0247800	-0.4488100	1.4564379	-0.3637100	-0.5493900	1.1998679	-0.4017600	-0.6081100	0.9351079	-0.4395800	-0.4005400	0.9679179	-0.2189200	-0.4033700	0.9645479	-0.1173400	-0.4552200	0.5550579	-0.1248400	-0.8413600	0.1947179	-0.1787000	-0.3910300	0.9721579	-0.3203800	-0.2968300	0.5479779	-0.2768900	-0.2979800	0.1131579	-0.2548400	-0.1260200	0.0633479	-0.2622000	-0.1359800	0.0650179	-0.2618700	-0.3474400	0.0696879	-0.2511300	-0.7348900	0.0614579	-0.1608900	-0.7401900	0.0670479	-0.1612200	-0.8945900	0.1793379	-0.1845600	-0.5159544	1.5117977	-0.2019472	-0.4400481	1.4964159	-0.0718337	-0.4403367	1.5070695	-0.3383661	-0.3618177	1.0373931	-0.0893312	-0.3390949	1.0534346	-0.3298958	-0.5295944	1.0335473	-0.1758323	-0.5196956	1.0401145	-0.2694562	-0.5218500	0.5400921	-0.0909316	-0.2592094	0.5734279	-0.3272757	-0.5043243	0.5394212	-0.2063463	-0.2729178	0.5770461	-0.2093285	-0.8303416	0.2214540	-0.1303543	-0.2958127	0.1319009	-0.3128996	-0.7965695	0.2081390	-0.2218638	-0.2819650	0.1386930	-0.2182102	-0.8759608	0.2405158	-0.1907744	-0.3584758	0.1055069	-0.2641817	-0.7550098	0.0825032	-0.1720013	-0.1519554	0.0859579	-0.2518521	-0.7917074	0.1100809	-0.1173568	-0.1882230	0.0817495	-0.3120671	-0.3858896	0.7887801	-0.0597417	-0.4428079	0.6919125	-0.0502706	-0.5018510	0.8181634	-0.0420664	-0.2701780	0.8583698	-0.3517619	-0.2639742	0.7463867	-0.3631872	-0.3769559	0.8219455	-0.3980267	-0.6129309	0.4374157	-0.0871918	-0.6810534	0.3225081	-0.0849494	-0.7315349	0.3819209	-0.0895084	-0.2652512	0.4367940	-0.3372671	-0.2401819	0.3054545	-0.3393077	-0.3179753	0.3184584	-0.3497283	-0.4423003	0.9585810	-0.1427496	-0.4278659	0.9686382	-0.3010842	-0.3944215	1.1795688	0.0555124	-0.5422641	1.2069633	-0.4421414	-0.4205897	1.1626006	-0.0266169	-0.5557583	1.1962407	-0.3629332	-0.2533048	0.9680277	0.0133788	-0.5537094	0.9427193	-0.4445280	-0.3168547	0.9366528	0.0361247	-0.6307902	0.9532519	-0.4313114
250	4.1500000	-0.4259800	1.4485479	-0.2073600	-0.4097700	1.4390479	-0.0505300	-0.3924500	1.1617779	0.0001100	-0.2676900	0.9204979	0.0253800	-0.4265100	1.4581379	-0.3649300	-0.5333700	1.2014979	-0.4009100	-0.5833600	0.9343779	-0.4386700	-0.3782400	0.9691079	-0.2192800	-0.3793900	0.9658279	-0.1170000	-0.4070500	0.5569379	-0.1203400	-0.8062800	0.2197779	-0.1743600	-0.3703500	0.9733479	-0.3215100	-0.2875300	0.5432979	-0.2785800	-0.2945900	0.1110079	-0.2540800	-0.1225200	0.0606879	-0.2606100	-0.1324900	0.0623979	-0.2603600	-0.3422200	0.0688979	-0.2499300	-0.7046000	0.0782779	-0.1537000	-0.7100200	0.0845979	-0.1542200	-0.8541500	0.2059679	-0.1790900	-0.4943321	1.5127939	-0.2033896	-0.4196886	1.4973712	-0.0727176	-0.4174764	1.5088473	-0.3390910	-0.3405240	1.0375999	-0.0893976	-0.3160162	1.0547486	-0.3288387	-0.5069039	1.0347330	-0.1772238	-0.4962814	1.0418646	-0.2705616	-0.4716968	0.5378067	-0.0854756	-0.2470771	0.5707468	-0.3283071	-0.4526231	0.5361823	-0.2012480	-0.2612549	0.5746682	-0.2102424	-0.7981161	0.2337127	-0.1268316	-0.2935341	0.1286862	-0.3132077	-0.7633279	0.2180665	-0.2182618	-0.2794483	0.1354821	-0.2184866	-0.8388296	0.2584724	-0.1875171	-0.3563986	0.1034235	-0.2642565	-0.7363896	0.0866056	-0.1674773	-0.1507080	0.0805887	-0.2523008	-0.7706541	0.1180823	-0.1130779	-0.1869267	0.0769822	-0.3124545	-0.3531369	0.7953638	-0.0570939	-0.4035870	0.6951959	-0.0463764	-0.4713543	0.8174638	-0.0408366	-0.2495524	0.8555215	-0.3515643	-0.2464785	0.7436141	-0.3636949	-0.3575287	0.8226853	-0.3991518	-0.5683120	0.4384315	-0.0821894	-0.6432122	0.3270550	-0.0798832	-0.6906182	0.3892519	-0.0859379	-0.2564230	0.4340465	-0.3379388	-0.2339974	0.3018936	-0.3397499	-0.3116989	0.3162145	-0.3503625	-0.4203859	0.9594303	-0.1438150	-0.4048052	0.9703478	-0.3014710	-0.3784458	1.1792764	0.0546598	-0.5191859	1.2063736	-0.4426155	-0.4038781	1.1630142	-0.0282671	-0.5321226	1.1953427	-0.3625261	-0.2413896	0.9647347	0.0137857	-0.5272943	0.9418735	-0.4453758	-0.3056080	0.9343661	0.0365171	-0.6048993	0.9511547	-0.4327669
251	4.1666667	-0.4056500	1.4507379	-0.2079600	-0.3901100	1.4416479	-0.0503200	-0.3761900	1.1600279	0.0003300	-0.2571700	0.9177879	0.0259600	-0.4053200	1.4599579	-0.3663300	-0.5139800	1.2030079	-0.4009400	-0.5487200	0.9341779	-0.4399700	-0.3579600	0.9727279	-0.2193800	-0.3567200	0.9697579	-0.1161200	-0.3645600	0.5561479	-0.1178200	-0.7699800	0.2322079	-0.1726800	-0.3523700	0.9766479	-0.3226800	-0.2797300	0.5418479	-0.2789400	-0.2916100	0.1100079	-0.2527100	-0.1203600	0.0601079	-0.2596700	-0.1302800	0.0618379	-0.2594800	-0.3379100	0.0696879	-0.2482800	-0.6775200	0.0948379	-0.1474700	-0.6858400	0.1015879	-0.1487600	-0.8154900	0.2196579	-0.1776000	-0.4738102	1.5161395	-0.2048753	-0.4009170	1.5005039	-0.0733498	-0.3953961	1.5128639	-0.3396144	-0.3216187	1.0406710	-0.0889196	-0.2945345	1.0586402	-0.3280829	-0.4866763	1.0387812	-0.1786944	-0.4751163	1.0463355	-0.2720877	-0.4230533	0.5396198	-0.0797222	-0.2384929	0.5702967	-0.3295655	-0.4023313	0.5370523	-0.1957042	-0.2528250	0.5745455	-0.2114219	-0.7630609	0.2476836	-0.1239048	-0.2917896	0.1276878	-0.3134929	-0.7271207	0.2300261	-0.2152537	-0.2775164	0.1345555	-0.2187379	-0.7998657	0.2760748	-0.1853433	-0.3546146	0.1029471	-0.2642103	-0.7112274	0.0956134	-0.1628449	-0.1498548	0.0785366	-0.2527596	-0.7439847	0.1298677	-0.1090648	-0.1861287	0.0751634	-0.3127705	-0.3228635	0.8052214	-0.0541662	-0.3665226	0.7020922	-0.0422578	-0.4428601	0.8197274	-0.0393053	-0.2316282	0.8547639	-0.3516294	-0.2320860	0.7429853	-0.3644749	-0.3407944	0.8257289	-0.4002444	-0.5238169	0.4429318	-0.0771028	-0.6040826	0.3345999	-0.0751193	-0.6489338	0.3989247	-0.0825847	-0.2503205	0.4336545	-0.3387604	-0.2297128	0.3008657	-0.3402891	-0.3073332	0.3160760	-0.3510698	-0.4008027	0.9628553	-0.1444836	-0.3835708	0.9743972	-0.3018894	-0.3640341	1.1810097	0.0538528	-0.4973817	1.2080686	-0.4434874	-0.3889741	1.1654656	-0.0295806	-0.5099161	1.1966720	-0.3620601	-0.2315441	0.9632164	0.0141004	-0.5000318	0.9430923	-0.4467946	-0.2968638	0.9339723	0.0367900	-0.5783766	0.9508663	-0.4349387
252	4.1833333	-0.3858100	1.4526479	-0.2087900	-0.3707400	1.4440579	-0.0503900	-0.3606200	1.1589279	0.0006700	-0.2472900	0.9153179	0.0262900	-0.3848400	1.4616479	-0.3679000	-0.4848400	1.2020979	-0.4035300	-0.5069500	0.9333379	-0.4430500	-0.3383100	0.9764279	-0.2188800	-0.3336700	0.9743679	-0.1149300	-0.3249500	0.5568179	-0.1174800	-0.7216000	0.2431079	-0.1690200	-0.3361100	0.9795479	-0.3230200	-0.2709100	0.5399679	-0.2784800	-0.2893200	0.1100779	-0.2516500	-0.1207000	0.0606379	-0.2599100	-0.1306000	0.0623679	-0.2597400	-0.3351600	0.0708279	-0.2472800	-0.6541200	0.1040679	-0.1428000	-0.6659500	0.1107079	-0.1448400	-0.7680100	0.2309779	-0.1748100	-0.4536009	1.5194452	-0.2056284	-0.3825192	1.5035395	-0.0732467	-0.3736831	1.5166957	-0.3393143	-0.3032287	1.0442328	-0.0878101	-0.2738332	1.0624133	-0.3272527	-0.4673476	1.0429685	-0.1795021	-0.4549985	1.0506685	-0.2731345	-0.3767569	0.5433824	-0.0735338	-0.2313576	0.5698912	-0.3301694	-0.3544579	0.5401587	-0.1894410	-0.2454592	0.5744917	-0.2119781	-0.7250890	0.2594197	-0.1212257	-0.2896177	0.1267557	-0.3134472	-0.6879626	0.2402729	-0.2123316	-0.2751340	0.1336808	-0.2184825	-0.7592391	0.2895274	-0.1834110	-0.3523104	0.1022279	-0.2636195	-0.6789409	0.1049358	-0.1585385	-0.1483504	0.0769063	-0.2529426	-0.7111000	0.1407916	-0.1055157	-0.1848480	0.0735850	-0.3128016	-0.2944734	0.8154919	-0.0508015	-0.3315323	0.7099468	-0.0378088	-0.4154349	0.8226416	-0.0372629	-0.2150410	0.8538736	-0.3515104	-0.2191893	0.7422931	-0.3648682	-0.3253568	0.8286130	-0.4006564	-0.4799714	0.4483134	-0.0717770	-0.5638123	0.3419886	-0.0704327	-0.6068276	0.4077792	-0.0790881	-0.2450641	0.4333564	-0.3391318	-0.2257434	0.2999873	-0.3405116	-0.3034416	0.3159525	-0.3513682	-0.3818512	0.9665594	-0.1443449	-0.3630890	0.9782855	-0.3018100	-0.3497134	1.1824574	0.0533077	-0.4740667	1.2093655	-0.4449048	-0.3744411	1.1676441	-0.0303902	-0.4864443	1.1976111	-0.3618241	-0.2222606	0.9610686	0.0143472	-0.4686504	0.9440316	-0.4487585	-0.2889443	0.9331625	0.0371220	-0.5477348	0.9499113	-0.4382693
253	4.2000000	-0.3662900	1.4550479	-0.2096400	-0.3517500	1.4469679	-0.0508100	-0.3455200	1.1577279	0.0012900	-0.2379900	0.9133479	0.0263800	-0.3647100	1.4632879	-0.3691500	-0.4465400	1.1993479	-0.4084400	-0.4642900	0.9263379	-0.4459300	-0.3190100	0.9765679	-0.2176600	-0.3103900	0.9758779	-0.1135600	-0.2866200	0.5612179	-0.1179700	-0.6580800	0.2517279	-0.1614900	-0.3208200	0.9782979	-0.3221400	-0.2618500	0.5391279	-0.2779600	-0.2874500	0.1111179	-0.2512200	-0.1233200	0.0615779	-0.2611100	-0.1332300	0.0633079	-0.2609300	-0.3322500	0.0725379	-0.2467100	-0.6203300	0.0993979	-0.1385700	-0.6326900	0.1064779	-0.1405900	-0.7059400	0.2386979	-0.1679900	-0.4336734	1.5193966	-0.2054841	-0.3642118	1.5032485	-0.0723779	-0.3524509	1.5168726	-0.3381644	-0.2846182	1.0446745	-0.0862165	-0.2541232	1.0622790	-0.3262233	-0.4484170	1.0434360	-0.1791620	-0.4357500	1.0509536	-0.2731054	-0.3315777	0.5455560	-0.0670939	-0.2252720	0.5660708	-0.3300065	-0.3079779	0.5421176	-0.1827331	-0.2387448	0.5710147	-0.2117864	-0.6827500	0.2640431	-0.1178643	-0.2875499	0.1226247	-0.3130740	-0.6444919	0.2440730	-0.2085565	-0.2727444	0.1296010	-0.2175773	-0.7154200	0.2945081	-0.1805653	-0.3500081	0.0982273	-0.2624319	-0.6385451	0.1087556	-0.1539256	-0.1467352	0.0721472	-0.2527810	-0.6708520	0.1452342	-0.1016313	-0.1835608	0.0687811	-0.3125534	-0.2670016	0.8226467	-0.0470902	-0.2975019	0.7151943	-0.0331096	-0.3881429	0.8225151	-0.0346148	-0.1996446	0.8492002	-0.3510077	-0.2075490	0.7379689	-0.3646991	-0.3110833	0.8277419	-0.4002167	-0.4354517	0.4506519	-0.0661165	-0.5208878	0.3449420	-0.0653468	-0.5630294	0.4115034	-0.0750082	-0.2404792	0.4296994	-0.3390437	-0.2221257	0.2957956	-0.3404541	-0.3001202	0.3124928	-0.3512799	-0.3629444	0.9668941	-0.1432298	-0.3433697	0.9782816	-0.3009311	-0.3354540	1.1807014	0.0531371	-0.4479977	1.2066165	-0.4469205	-0.3600514	1.1665035	-0.0307900	-0.4605817	1.1945494	-0.3621189	-0.2131687	0.9552925	0.0146238	-0.4326998	0.9414542	-0.4505940	-0.2811789	0.9289739	0.0377540	-0.5122909	0.9451306	-0.4426334
254	4.2166667	-0.3464200	1.4574379	-0.2101200	-0.3326800	1.4495779	-0.0512300	-0.3313500	1.1579379	0.0016900	-0.2293400	0.9113479	0.0264400	-0.3440100	1.4655179	-0.3696500	-0.4090200	1.1961579	-0.4130300	-0.4266600	0.9261879	-0.4475900	-0.3006200	0.9749079	-0.2164300	-0.2892500	0.9754879	-0.1122300	-0.2470900	0.5691979	-0.1180400	-0.5904900	0.2543479	-0.1527300	-0.3052300	0.9753279	-0.3211500	-0.2538000	0.5385379	-0.2779700	-0.2874400	0.1115079	-0.2514000	-0.1267400	0.0623279	-0.2625000	-0.1367000	0.0639579	-0.2623300	-0.3297500	0.0736679	-0.2460600	-0.5697900	0.1032879	-0.1299400	-0.5792600	0.1119179	-0.1306600	-0.6368800	0.2410079	-0.1593200	-0.4144906	1.5179660	-0.2051991	-0.3463322	1.5015495	-0.0715750	-0.3322427	1.5151884	-0.3370190	-0.2664548	1.0437684	-0.0849789	-0.2360188	1.0601306	-0.3256124	-0.4304309	1.0417859	-0.1784085	-0.4179241	1.0488448	-0.2726572	-0.2866652	0.5478860	-0.0613720	-0.2207901	0.5607377	-0.3300466	-0.2621322	0.5446233	-0.1766688	-0.2332096	0.5660086	-0.2118243	-0.6356230	0.2633199	-0.1139031	-0.2866167	0.1175766	-0.3130391	-0.5962881	0.2431826	-0.2040460	-0.2713308	0.1246410	-0.2168584	-0.6681785	0.2924876	-0.1771703	-0.3486871	0.0933665	-0.2613911	-0.5893003	0.1093402	-0.1483240	-0.1461619	0.0665582	-0.2530827	-0.6226602	0.1454136	-0.0968634	-0.1833774	0.0630927	-0.3127460	-0.2402673	0.8286471	-0.0439173	-0.2639655	0.7197098	-0.0290381	-0.3609953	0.8210377	-0.0320930	-0.1859948	0.8425899	-0.3507974	-0.1977157	0.7318644	-0.3647569	-0.2984982	0.8249526	-0.3996408	-0.3895318	0.4517160	-0.0608333	-0.4746602	0.3452769	-0.0602658	-0.5169824	0.4118569	-0.0708545	-0.2373285	0.4246676	-0.3393331	-0.2198418	0.2903670	-0.3408415	-0.2981381	0.3078277	-0.3514794	-0.3446018	0.9655473	-0.1419222	-0.3249420	0.9761519	-0.2998942	-0.3221119	1.1779653	0.0527972	-0.4202695	1.2024536	-0.4497090	-0.3464254	1.1642497	-0.0315994	-0.4333778	1.1900465	-0.3633532	-0.2049615	0.9484758	0.0145695	-0.3947193	0.9382685	-0.4523715	-0.2739997	0.9238776	0.0381548	-0.4744084	0.9395697	-0.4478504
255	4.2333333	-0.3254700	1.4601779	-0.2101500	-0.3128400	1.4525979	-0.0514400	-0.3179000	1.1612879	0.0014500	-0.2213800	0.9109279	0.0264600	-0.3219600	1.4680379	-0.3694500	-0.3769600	1.1951179	-0.4160000	-0.3927100	0.9269879	-0.4485200	-0.2823000	0.9748779	-0.2153500	-0.2703400	0.9761479	-0.1104800	-0.2047600	0.5796079	-0.1176200	-0.5308000	0.2539879	-0.1463100	-0.2874500	0.9746179	-0.3207900	-0.2468100	0.5371279	-0.2784900	-0.2902900	0.1109679	-0.2523100	-0.1292200	0.0630079	-0.2632000	-0.1392800	0.0643779	-0.2631600	-0.3302600	0.0736479	-0.2458400	-0.5042100	0.1054879	-0.1207600	-0.5101700	0.1124279	-0.1207700	-0.5719100	0.2422479	-0.1529800	-0.3948598	1.5185655	-0.2049956	-0.3277779	1.5018014	-0.0709293	-0.3118105	1.5150390	-0.3361968	-0.2480511	1.0448404	-0.0841903	-0.2183464	1.0594928	-0.3255058	-0.4124623	1.0415719	-0.1775364	-0.4004039	1.0479570	-0.2720944	-0.2418517	0.5534994	-0.0568342	-0.2168937	0.5572471	-0.3303208	-0.2168239	0.5507453	-0.1718369	-0.2280134	0.5627725	-0.2121167	-0.5833614	0.2602780	-0.1095494	-0.2863512	0.1148379	-0.3135128	-0.5430063	0.2406314	-0.1992740	-0.2704876	0.1219663	-0.2165530	-0.6173446	0.2865337	-0.1735987	-0.3480815	0.0907875	-0.2607512	-0.5304308	0.1096781	-0.1419123	-0.1459356	0.0633943	-0.2539847	-0.5658616	0.1443850	-0.0912331	-0.1836455	0.0597753	-0.3135949	-0.2136079	0.8367190	-0.0415668	-0.2304167	0.7267079	-0.0259347	-0.3334303	0.8215886	-0.0298882	-0.1730029	0.8375742	-0.3508901	-0.1885754	0.7274529	-0.3650679	-0.2864513	0.8237424	-0.3990740	-0.3419917	0.4546121	-0.0562142	-0.4247358	0.3461080	-0.0554299	-0.4684873	0.4118866	-0.0668286	-0.2347448	0.4215805	-0.3400340	-0.2182066	0.2869508	-0.3417284	-0.2967486	0.3052948	-0.3520405	-0.3261167	0.9659276	-0.1406226	-0.3067991	0.9754170	-0.2989078	-0.3089507	1.1777426	0.0522835	-0.3911260	1.2004594	-0.4528620	-0.3326870	1.1643456	-0.0328514	-0.4050226	1.1876381	-0.3650929	-0.1968015	0.9442374	0.0145223	-0.3558673	0.9379085	-0.4538206	-0.2668045	0.9213753	0.0383530	-0.4353204	0.9368361	-0.4531218
256	4.2500000	-0.3042000	1.4630879	-0.2099000	-0.2929700	1.4558179	-0.0514900	-0.3040900	1.1680779	0.0008800	-0.2147200	0.9116379	0.0265400	-0.2993500	1.4707079	-0.3688200	-0.3470300	1.1952979	-0.4180600	-0.3585400	0.9272979	-0.4495500	-0.2616800	0.9769579	-0.2137900	-0.2503300	0.9782679	-0.1076200	-0.1606100	0.5904379	-0.1174200	-0.4816800	0.2490379	-0.1441300	-0.2660500	0.9766779	-0.3205100	-0.2401800	0.5362079	-0.2789400	-0.2936500	0.1107779	-0.2537300	-0.1294300	0.0637379	-0.2624900	-0.1394400	0.0648079	-0.2627900	-0.3338400	0.0735579	-0.2466700	-0.4357000	0.1013079	-0.1143200	-0.4408200	0.1080779	-0.1137100	-0.5174700	0.2381379	-0.1514900	-0.3727338	1.5212746	-0.2044249	-0.3066702	1.5041835	-0.0699034	-0.2889747	1.5167656	-0.3351830	-0.2271544	1.0481540	-0.0831125	-0.1985678	1.0608857	-0.3250866	-0.3920284	1.0433089	-0.1760527	-0.3805605	1.0488946	-0.2708946	-0.1969694	0.5621851	-0.0528777	-0.2110530	0.5560737	-0.3299363	-0.1717507	0.5601546	-0.1676063	-0.2209730	0.5617627	-0.2118208	-0.5260788	0.2554976	-0.1048605	-0.2848170	0.1146540	-0.3136764	-0.4847332	0.2369281	-0.1943430	-0.2683950	0.1217722	-0.2159721	-0.5625832	0.2777701	-0.1698203	-0.3464425	0.0905907	-0.2598317	-0.4630071	0.1097041	-0.1350518	-0.1439997	0.0629347	-0.2546833	-0.5012854	0.1423367	-0.0850123	-0.1822955	0.0590845	-0.3143230	-0.1854575	0.8466711	-0.0392825	-0.1958410	0.7360323	-0.0231070	-0.3039661	0.8245579	-0.0274629	-0.1580175	0.8346879	-0.3503852	-0.1774447	0.7252479	-0.3647228	-0.2721825	0.8246575	-0.3978402	-0.2928094	0.4593450	-0.0518489	-0.3712264	0.3476463	-0.0506099	-0.4174925	0.4118451	-0.0626875	-0.2303600	0.4208256	-0.3402343	-0.2150092	0.2858356	-0.3422347	-0.2937292	0.3052541	-0.3521327	-0.3051964	0.9684603	-0.1387430	-0.2864650	0.9766654	-0.2973889	-0.2939682	1.1803163	0.0522963	-0.3592477	1.2009529	-0.4554488	-0.3168702	1.1671104	-0.0337415	-0.3741192	1.1876594	-0.3664509	-0.1869429	0.9428368	0.0153227	-0.3151286	0.9404263	-0.4543773	-0.2580505	0.9217895	0.0390778	-0.3940966	0.9370893	-0.4574045
257	4.2666667	-0.2836800	1.4659979	-0.2095600	-0.2738500	1.4587779	-0.0515100	-0.2894600	1.1760879	0.0007200	-0.2107200	0.9120879	0.0271800	-0.2774800	1.4734679	-0.3680500	-0.3178300	1.1956279	-0.4195800	-0.3218700	0.9288379	-0.4508000	-0.2383900	0.9793379	-0.2118800	-0.2276000	0.9804379	-0.1041900	-0.1182400	0.6000079	-0.1177800	-0.4399200	0.2397079	-0.1447900	-0.2420000	0.9792979	-0.3201000	-0.2320100	0.5342179	-0.2789800	-0.2951900	0.1123979	-0.2547100	-0.1284100	0.0639079	-0.2601200	-0.1379200	0.0648879	-0.2609900	-0.3380800	0.0752179	-0.2475500	-0.3691200	0.0957279	-0.1105200	-0.3744900	0.1016179	-0.1095900	-0.4774300	0.2266579	-0.1528700	-0.3484095	1.5240103	-0.2037380	-0.2833719	1.5067359	-0.0687471	-0.2639626	1.5185828	-0.3341186	-0.2035083	1.0517767	-0.0817993	-0.1762574	1.0625321	-0.3243208	-0.3687398	1.0452034	-0.1742059	-0.3579073	1.0499391	-0.2692718	-0.1533080	0.5711891	-0.0496314	-0.2026550	0.5554290	-0.3289443	-0.1281165	0.5699900	-0.1641215	-0.2117175	0.5612620	-0.2110223	-0.4662479	0.2479213	-0.1003963	-0.2818384	0.1152141	-0.3133471	-0.4240126	0.2308984	-0.1898197	-0.2649716	0.1222406	-0.2150550	-0.5058779	0.2656076	-0.1662567	-0.3436812	0.0909488	-0.2585651	-0.3909459	0.1079520	-0.1286132	-0.1403153	0.0633018	-0.2549554	-0.4324730	0.1380172	-0.0790148	-0.1792111	0.0591609	-0.3146766	-0.1559265	0.8559642	-0.0370768	-0.1608156	0.7450773	-0.0206021	-0.2729358	0.8279333	-0.0250050	-0.1404496	0.8321366	-0.3492477	-0.1636669	0.7234446	-0.3637056	-0.2549929	0.8258983	-0.3960721	-0.2436916	0.4636200	-0.0480255	-0.3163173	0.3480409	-0.0462293	-0.3658318	0.4100004	-0.0588010	-0.2236943	0.4206050	-0.3398774	-0.2099045	0.2852151	-0.3422088	-0.2886777	0.3059123	-0.3516874	-0.2815077	0.9712915	-0.1364704	-0.2635096	0.9781585	-0.2954928	-0.2772933	1.1837275	0.0527107	-0.3251290	1.2021270	-0.4575039	-0.2991530	1.1706644	-0.0342681	-0.3410751	1.1883265	-0.3674997	-0.1759487	0.9422982	0.0169144	-0.2727596	0.9439081	-0.4544197	-0.2483033	0.9232467	0.0402486	-0.3510718	0.9383635	-0.4607391
258	4.2833333	-0.2633300	1.4686279	-0.2092100	-0.2542900	1.4613379	-0.0513300	-0.2743300	1.1819679	0.0015200	-0.2094100	0.9115979	0.0289700	-0.2564000	1.4760879	-0.3674700	-0.2904800	1.1958279	-0.4204000	-0.2827000	0.9313679	-0.4521800	-0.2149300	0.9809079	-0.2104200	-0.2041000	0.9820379	-0.1015200	-0.0808000	0.6077279	-0.1182400	-0.3989300	0.2259779	-0.1455800	-0.2184200	0.9808879	-0.3198600	-0.2215800	0.5329479	-0.2789000	-0.2939700	0.1153079	-0.2545900	-0.1292300	0.0622179	-0.2566200	-0.1376800	0.0634679	-0.2582700	-0.3390100	0.0787479	-0.2469100	-0.2989800	0.0936879	-0.1078800	-0.3048600	0.0987979	-0.1066100	-0.4461600	0.2043279	-0.1542400	-0.3244960	1.5256640	-0.2036573	-0.2604380	1.5083333	-0.0682659	-0.2394814	1.5194980	-0.3336220	-0.1796338	1.0545443	-0.0810112	-0.1538894	1.0632962	-0.3239283	-0.3450800	1.0462809	-0.1728096	-0.3349161	1.0501482	-0.2680281	-0.1135438	0.5787679	-0.0479698	-0.1939661	0.5543111	-0.3282238	-0.0886698	0.5784415	-0.1622766	-0.2024586	0.5603431	-0.2106205	-0.4071125	0.2369110	-0.0968400	-0.2796237	0.1156031	-0.3129849	-0.3642326	0.2218422	-0.1864347	-0.2624161	0.1224648	-0.2143336	-0.4503641	0.2492729	-0.1635615	-0.3419402	0.0910451	-0.2574636	-0.3181490	0.1042374	-0.1233771	-0.1373169	0.0634088	-0.2552020	-0.3631093	0.1311732	-0.0739805	-0.1767743	0.0589904	-0.3149979	-0.1274262	0.8631729	-0.0357893	-0.1278517	0.7522909	-0.0192584	-0.2429403	0.8304544	-0.0233599	-0.1227790	0.8289388	-0.3483062	-0.1496407	0.7210438	-0.3628553	-0.2373021	0.8263859	-0.3945812	-0.1975177	0.4660075	-0.0455753	-0.2631303	0.3462148	-0.0431110	-0.3164110	0.4052211	-0.0559223	-0.2169920	0.4199682	-0.3396843	-0.2051866	0.2841998	-0.3421988	-0.2837971	0.3063312	-0.3513216	-0.2575475	0.9733242	-0.1346533	-0.2404232	0.9788435	-0.2940052	-0.2612954	1.1866834	0.0528115	-0.2916055	1.2029146	-0.4597912	-0.2820025	1.1737670	-0.0350168	-0.3086928	1.1885653	-0.3689015	-0.1665312	0.9413443	0.0186192	-0.2311070	0.9473060	-0.4548653	-0.2402284	0.9245362	0.0411992	-0.3086564	0.9395005	-0.4638929
259	4.3000000	-0.2425500	1.4703479	-0.2088700	-0.2334800	1.4628379	-0.0508500	-0.2592200	1.1854479	0.0031100	-0.2082700	0.9096079	0.0316000	-0.2356500	1.4779879	-0.3672700	-0.2645700	1.1960279	-0.4206800	-0.2424700	0.9343379	-0.4536600	-0.1927000	0.9818579	-0.2093800	-0.1812200	0.9834779	-0.1000500	-0.0489700	0.6128379	-0.1183200	-0.3526600	0.2121779	-0.1444500	-0.1968100	0.9813079	-0.3192900	-0.2098600	0.5326379	-0.2787600	-0.2892400	0.1181379	-0.2538100	-0.1326500	0.0582179	-0.2530000	-0.1398100	0.0600979	-0.2555300	-0.3328900	0.0831079	-0.2449700	-0.2220200	0.0926179	-0.1063400	-0.2280900	0.0966579	-0.1047800	-0.4099800	0.1842879	-0.1524600	-0.3020545	1.5266301	-0.2038460	-0.2387077	1.5092633	-0.0681986	-0.2167994	1.5199331	-0.3334387	-0.1568209	1.0566830	-0.0805910	-0.1327832	1.0633920	-0.3239855	-0.3225053	1.0470665	-0.1716879	-0.3130717	1.0500763	-0.2670851	-0.0782938	0.5848689	-0.0478336	-0.1862043	0.5530099	-0.3277443	-0.0541951	0.5854085	-0.1620798	-0.1942283	0.5592984	-0.2105876	-0.3489513	0.2232030	-0.0937136	-0.2789553	0.1161674	-0.3123439	-0.3058826	0.2104715	-0.1837823	-0.2614289	0.1228122	-0.2136073	-0.3962126	0.2294753	-0.1611433	-0.3418836	0.0914329	-0.2563205	-0.2455876	0.0995846	-0.1190907	-0.1360046	0.0632984	-0.2551463	-0.2938688	0.1228035	-0.0695385	-0.1759801	0.0587512	-0.3149935	-0.1009235	0.8685938	-0.0354362	-0.0977725	0.7578266	-0.0190469	-0.2150873	0.8322654	-0.0223995	-0.1064609	0.8254477	-0.3476401	-0.1367746	0.7183765	-0.3622051	-0.2206063	0.8263978	-0.3933429	-0.1548261	0.4666869	-0.0443352	-0.2121350	0.3426360	-0.0410178	-0.2695618	0.3978460	-0.0537105	-0.2113368	0.4192377	-0.3395020	-0.2018654	0.2831848	-0.3419849	-0.2800528	0.3068167	-0.3508330	-0.2347267	0.9747940	-0.1332190	-0.2186507	0.9789780	-0.2929159	-0.2467992	1.1891417	0.0527768	-0.2600804	1.2034729	-0.4622741	-0.2663936	1.1763642	-0.0357462	-0.2783216	1.1885147	-0.3705173	-0.1594959	0.9400586	0.0204805	-0.1911855	0.9508933	-0.4557103	-0.2345662	0.9257308	0.0420445	-0.2678872	0.9407052	-0.4668454
260	4.3166667	-0.2219700	1.4713179	-0.2087100	-0.2127300	1.4637679	-0.0505100	-0.2446600	1.1875579	0.0048600	-0.2051100	0.9065679	0.0337900	-0.2152300	1.4790979	-0.3673200	-0.2387900	1.1966679	-0.4208800	-0.2025200	0.9364179	-0.4550700	-0.1710000	0.9825679	-0.2080400	-0.1585200	0.9849479	-0.0991100	-0.0218900	0.6151779	-0.1181800	-0.2949900	0.1968579	-0.1422200	-0.1761900	0.9812179	-0.3176200	-0.1995700	0.5319279	-0.2781500	-0.2821200	0.1199979	-0.2531400	-0.1346800	0.0533379	-0.2503900	-0.1409800	0.0559679	-0.2537100	-0.3204100	0.0872379	-0.2433900	-0.1430800	0.0945279	-0.1053100	-0.1495800	0.0983879	-0.1032700	-0.3523300	0.1607679	-0.1510000	-0.2800739	1.5273600	-0.2034147	-0.2170899	1.5099259	-0.0677031	-0.1949344	1.5203333	-0.3326916	-0.1342930	1.0585488	-0.0797682	-0.1121621	1.0632243	-0.3238154	-0.3004010	1.0481138	-0.1700211	-0.2917822	1.0503044	-0.2656556	-0.0462567	0.5897620	-0.0481678	-0.1786534	0.5519632	-0.3268034	-0.0233277	0.5911084	-0.1624541	-0.1861337	0.5584615	-0.2101236	-0.2891377	0.2076210	-0.0903551	-0.2784964	0.1172104	-0.3107189	-0.2463585	0.1976227	-0.1810671	-0.2605276	0.1236066	-0.2121956	-0.3401931	0.2070869	-0.1582685	-0.3419518	0.0924767	-0.2543957	-0.1717109	0.0950406	-0.1151032	-0.1351425	0.0632281	-0.2542067	-0.2228404	0.1139426	-0.0651341	-0.1756258	0.0587695	-0.3140285	-0.0755308	0.8727773	-0.0351348	-0.0695683	0.7621337	-0.0190178	-0.1885637	0.8337379	-0.0213110	-0.0907919	0.8221628	-0.3466736	-0.1244149	0.7159392	-0.3611408	-0.2044065	0.8264464	-0.3917089	-0.1140258	0.4661012	-0.0434452	-0.1614369	0.3380008	-0.0391718	-0.2231644	0.3883530	-0.0514526	-0.2058664	0.4188224	-0.3385700	-0.1988883	0.2826035	-0.3408866	-0.2764562	0.3076776	-0.3494459	-0.2123775	0.9760918	-0.1314348	-0.1975271	0.9789930	-0.2914881	-0.2327777	1.1913380	0.0533195	-0.2298811	1.2040612	-0.4643322	-0.2513584	1.1786373	-0.0357720	-0.2491806	1.1884382	-0.3717132	-0.1533859	0.9388499	0.0229743	-0.1522011	0.9550216	-0.4562573	-0.2297910	0.9271247	0.0433568	-0.2280089	0.9423001	-0.4689925
261	4.3333333	-0.2018400	1.4718279	-0.2087300	-0.1929200	1.4641979	-0.0505100	-0.2309300	1.1900279	0.0061700	-0.2004300	0.9040779	0.0347900	-0.1947900	1.4796379	-0.3673400	-0.2122700	1.1975979	-0.4213500	-0.1632100	0.9383879	-0.4561300	-0.1494100	0.9828979	-0.2061700	-0.1363000	0.9858379	-0.0980600	0.0018400	0.6138279	-0.1179500	-0.2267100	0.1842079	-0.1394700	-0.1553600	0.9809379	-0.3149700	-0.1918200	0.5294279	-0.2767900	-0.2762200	0.1197579	-0.2523400	-0.1321800	0.0499579	-0.2500800	-0.1385300	0.0531079	-0.2538300	-0.3063500	0.0891879	-0.2425900	-0.0627100	0.0977579	-0.1059500	-0.0696300	0.1006079	-0.1038700	-0.2789800	0.1460979	-0.1483500	-0.2580678	1.5278093	-0.2021408	-0.1950615	1.5102891	-0.0664445	-0.1732931	1.5206210	-0.3312951	-0.1117062	1.0600515	-0.0782559	-0.0915090	1.0627834	-0.3232868	-0.2785866	1.0492245	-0.1675295	-0.2708018	1.0506704	-0.2635192	-0.0163582	0.5932754	-0.0484085	-0.1710301	0.5509994	-0.3251458	0.0050945	0.5953811	-0.1629302	-0.1778263	0.5576104	-0.2088407	-0.2260483	0.1913105	-0.0865661	-0.2774419	0.1184166	-0.3081643	-0.1840858	0.1844139	-0.1780411	-0.2588197	0.1245539	-0.2100946	-0.2801357	0.1836928	-0.1546274	-0.3412668	0.0937858	-0.2516498	-0.0960420	0.0913704	-0.1114291	-0.1338233	0.0631186	-0.2525273	-0.1491818	0.1055172	-0.0608140	-0.1748533	0.0589222	-0.3122411	-0.0505857	0.8757555	-0.0344482	-0.0424371	0.7651506	-0.0186877	-0.1628459	0.8346512	-0.0196732	-0.0753041	0.8188479	-0.3452771	-0.1121875	0.7135329	-0.3594969	-0.1884206	0.8264490	-0.3895395	-0.0739177	0.4644560	-0.0425053	-0.1097711	0.3328903	-0.0372662	-0.1757091	0.3773277	-0.0488314	-0.2001913	0.4185261	-0.3366937	-0.1956371	0.2822520	-0.3388707	-0.2724905	0.3086101	-0.3470427	-0.1901731	0.9770291	-0.1290339	-0.1766101	0.9787421	-0.2895215	-0.2187870	1.1931627	0.0545211	-0.2004889	1.2045185	-0.4658450	-0.2364665	1.1804547	-0.0350536	-0.2207042	1.1881808	-0.3724244	-0.1473509	0.9377175	0.0259829	-0.1137479	0.9595605	-0.4562607	-0.2249737	0.9285871	0.0451047	-0.1886061	0.9441595	-0.4702257
262	4.3500000	-0.1815300	1.4715779	-0.2085800	-0.1730400	1.4641379	-0.0503800	-0.2180600	1.1909479	0.0067700	-0.1954000	0.9035679	0.0349500	-0.1740600	1.4792179	-0.3671500	-0.1849700	1.1976479	-0.4219900	-0.1238100	0.9408679	-0.4566500	-0.1281000	0.9819779	-0.2039700	-0.1152200	0.9851379	-0.0968200	0.0231200	0.6092379	-0.1172600	-0.1535300	0.1765379	-0.1370500	-0.1339800	0.9798079	-0.3117900	-0.1852800	0.5250179	-0.2750700	-0.2738300	0.1150179	-0.2505700	-0.1283900	0.0483479	-0.2527000	-0.1355200	0.0517279	-0.2562700	-0.2956100	0.0863879	-0.2414100	0.0132200	0.1014979	-0.1080900	0.0063800	0.1039679	-0.1062900	-0.2028600	0.1370879	-0.1465700	-0.2363406	1.5271029	-0.2003548	-0.1730065	1.5095087	-0.0646241	-0.1520201	1.5198607	-0.3296389	-0.0894168	1.0603627	-0.0762344	-0.0709293	1.0612990	-0.3225761	-0.2574285	1.0493222	-0.1644983	-0.2503967	1.0501116	-0.2609652	0.0116079	0.5945697	-0.0484908	-0.1636890	0.5491963	-0.3230391	0.0314711	0.5974085	-0.1634702	-0.1696249	0.5558003	-0.2069215	-0.1602169	0.1752936	-0.0826754	-0.2760543	0.1188134	-0.3051853	-0.1195552	0.1717451	-0.1749217	-0.2565244	0.1246860	-0.2077471	-0.2161640	0.1608087	-0.1505016	-0.3400953	0.0942764	-0.2484478	-0.0199791	0.0889727	-0.1084347	-0.1321741	0.0622791	-0.2507795	-0.0740768	0.0981584	-0.0570559	-0.1738525	0.0584271	-0.3102541	-0.0261982	0.8767655	-0.0333889	-0.0163973	0.7660691	-0.0180547	-0.1381157	0.8340660	-0.0176126	-0.0601376	0.8144677	-0.3437444	-0.1003165	0.7101774	-0.3575802	-0.1728877	0.8255452	-0.3871154	-0.0345179	0.4614370	-0.0416065	-0.0575278	0.3274468	-0.0354735	-0.1272712	0.3651113	-0.0460856	-0.1946824	0.4174326	-0.3342304	-0.1923714	0.2811821	-0.3364044	-0.2685043	0.3086706	-0.3440196	-0.1683760	0.9766776	-0.1262368	-0.1559925	0.9773158	-0.2872466	-0.2050405	1.1938505	0.0560348	-0.1718656	1.2040079	-0.4670500	-0.2219030	1.1810559	-0.0339806	-0.1928320	1.1869046	-0.3729293	-0.1413955	0.9359522	0.0291028	-0.0758470	0.9637405	-0.4558747	-0.2200464	0.9293030	0.0468846	-0.1496879	0.9455123	-0.4708085
263	4.3666667	-0.1607800	1.4704279	-0.2081000	-0.1521500	1.4634179	-0.0496800	-0.2063600	1.1905379	0.0064600	-0.1900300	0.9040679	0.0347300	-0.1534200	1.4776879	-0.3669100	-0.1575500	1.1965179	-0.4224300	-0.0839600	0.9446479	-0.4566600	-0.1070900	0.9793279	-0.2015800	-0.0943700	0.9825579	-0.0955800	0.0435000	0.6020179	-0.1161100	-0.0799300	0.1710479	-0.1351400	-0.1129700	0.9771579	-0.3082700	-0.1796000	0.5190079	-0.2735400	-0.2731700	0.1047879	-0.2482100	-0.1278800	0.0465379	-0.2570500	-0.1359100	0.0501579	-0.2599800	-0.2900100	0.0768379	-0.2395300	0.0814900	0.1057279	-0.1100900	0.0746100	0.1078679	-0.1089400	-0.1308300	0.1298779	-0.1458800	-0.2151073	1.5247024	-0.1983027	-0.1512889	1.5070888	-0.0624498	-0.1312124	1.5174672	-0.3279122	-0.0675304	1.0589813	-0.0739151	-0.0504546	1.0582557	-0.3216885	-0.2369267	1.0477337	-0.1612072	-0.2305357	1.0479227	-0.2582044	0.0377946	0.5932771	-0.0483530	-0.1568573	0.5460354	-0.3207591	0.0561523	0.5968231	-0.1639292	-0.1617279	0.5524945	-0.2046731	-0.0930926	0.1606788	-0.0789083	-0.2747767	0.1178517	-0.3021562	-0.0540836	0.1605509	-0.1717944	-0.2541021	0.1234317	-0.2054681	-0.1495363	0.1398237	-0.1461545	-0.3388584	0.0933568	-0.2450692	0.0547025	0.0884126	-0.1061671	-0.1306552	0.0602455	-0.2494312	0.0007052	0.0926185	-0.0540728	-0.1730906	0.0567690	-0.3084664	-0.0024546	0.8754190	-0.0319983	0.0085299	0.7645046	-0.0171431	-0.1143920	0.8315119	-0.0153138	-0.0454053	0.8084299	-0.3422628	-0.0889455	0.7053237	-0.3556362	-0.1578783	0.8232430	-0.3845814	0.0038610	0.4570758	-0.0407659	-0.0056393	0.3220262	-0.0338597	-0.0785343	0.3523423	-0.0434172	-0.1896452	0.4150270	-0.3315511	-0.1894080	0.2788243	-0.3338717	-0.2648674	0.3073726	-0.3407404	-0.1470144	0.9745414	-0.1232481	-0.1356416	0.9741939	-0.2847909	-0.1916131	1.1930996	0.0576598	-0.1439560	1.2021488	-0.4680618	-0.2077263	1.1801370	-0.0327999	-0.1654783	1.1842096	-0.3733801	-0.1354877	0.9332520	0.0321187	-0.0383489	0.9672980	-0.4551938	-0.2149108	0.9289090	0.0484608	-0.1110957	0.9460747	-0.4708745
264	4.3833333	-0.1397200	1.4683379	-0.2075600	-0.1302200	1.4620779	-0.0486400	-0.1956800	1.1893179	0.0055200	-0.1850500	0.9054579	0.0340000	-0.1331700	1.4748679	-0.3669500	-0.1306100	1.1949779	-0.4225500	-0.0442600	0.9494279	-0.4564300	-0.0868400	0.9753379	-0.1992900	-0.0732900	0.9784279	-0.0944700	0.0641100	0.5943879	-0.1149000	-0.0095500	0.1630379	-0.1320700	-0.0937300	0.9732479	-0.3048400	-0.1761900	0.5119879	-0.2724800	-0.2748300	0.0899579	-0.2467700	-0.1288200	0.0417579	-0.2614700	-0.1378400	0.0459579	-0.2635200	-0.2947200	0.0593679	-0.2384500	0.1495600	0.1097179	-0.1105200	0.1421900	0.1115479	-0.1101800	-0.0634000	0.1181379	-0.1440900	-0.1947716	1.5209943	-0.1962840	-0.1304519	1.5034529	-0.0602218	-0.1112660	1.5137731	-0.3263262	-0.0464245	1.0561934	-0.0716768	-0.0306323	1.0539417	-0.3207517	-0.2173237	1.0447081	-0.1580109	-0.2115127	1.0443161	-0.2555066	0.0617263	0.5898391	-0.0480594	-0.1512179	0.5418938	-0.3186833	0.0787205	0.5940405	-0.1642640	-0.1549061	0.5481175	-0.2025412	-0.0261118	0.1481781	-0.0753081	-0.2747198	0.1157700	-0.2995647	0.0110042	0.1514508	-0.1687042	-0.2528049	0.1210069	-0.2035783	-0.0818141	0.1212931	-0.1417501	-0.3387843	0.0912111	-0.2419593	0.1270758	0.0904689	-0.1045053	-0.1303016	0.0572852	-0.2487913	0.0740324	0.0896346	-0.0517836	-0.1735584	0.0541558	-0.3072447	0.0201133	0.8721374	-0.0305384	0.0318331	0.7608923	-0.0161550	-0.0920556	0.8274033	-0.0130776	-0.0316995	0.8010844	-0.3410265	-0.0786578	0.6993353	-0.3539531	-0.1438499	0.8198800	-0.3822071	0.0404788	0.4518682	-0.0399478	0.0448421	0.3171838	-0.0323995	-0.0305580	0.3396818	-0.0408833	-0.1858407	0.4116511	-0.3291790	-0.1875900	0.2754298	-0.3317314	-0.2624906	0.3050742	-0.3377786	-0.1264632	0.9710150	-0.1204067	-0.1160260	0.9697592	-0.2824069	-0.1789423	1.1914456	0.0591072	-0.1171645	1.1993886	-0.4691113	-0.1943959	1.1782273	-0.0318369	-0.1390333	1.1805303	-0.3740434	-0.1300743	0.9301053	0.0347386	-0.0016408	0.9707465	-0.4544723	-0.2100299	0.9278883	0.0495413	-0.0731945	0.9463705	-0.4706941
265	4.4000000	-0.1185300	1.4655879	-0.2070600	-0.1076800	1.4602279	-0.0477100	-0.1845900	1.1883079	0.0046600	-0.1809000	0.9064879	0.0328400	-0.1132700	1.4713779	-0.3670100	-0.1044700	1.1937979	-0.4225500	-0.0054600	0.9545279	-0.4562800	-0.0683600	0.9712179	-0.1974300	-0.0535500	0.9742379	-0.0936000	0.0847400	0.5876879	-0.1136600	0.0565800	0.1547479	-0.1273400	-0.0767000	0.9692479	-0.3020300	-0.1747400	0.5046879	-0.2717700	-0.2833300	0.0726579	-0.2466000	-0.1306300	0.0383079	-0.2646300	-0.1420900	0.0430479	-0.2652700	-0.3164600	0.0369679	-0.2388100	0.2170100	0.1127679	-0.1096500	0.2089100	0.1141879	-0.1099200	-0.0000800	0.1066079	-0.1386000	-0.1762172	1.5173167	-0.1945442	-0.1114241	1.4999694	-0.0581822	-0.0931045	1.5100977	-0.3251279	-0.0270230	1.0531216	-0.0698657	-0.0126075	1.0495315	-0.3200128	-0.1994553	1.0412006	-0.1552197	-0.1942244	1.0402604	-0.2531633	0.0824296	0.5855350	-0.0477600	-0.1477828	0.5380107	-0.3170317	0.0981644	0.5902601	-0.1645223	-0.1503837	0.5440212	-0.2007817	0.0385321	0.1389077	-0.0719047	-0.2777003	0.1138068	-0.2978263	0.0735825	0.1454386	-0.1657418	-0.2546770	0.1186616	-0.2022673	-0.0154487	0.1062169	-0.1374016	-0.3419932	0.0890683	-0.2395361	0.1955357	0.0962006	-0.1033960	-0.1327594	0.0546317	-0.2489288	0.1440735	0.0902886	-0.0500677	-0.1768571	0.0517640	-0.3068427	0.0405031	0.8681544	-0.0293662	0.0525364	0.7565064	-0.0153787	-0.0719577	0.8229999	-0.0111967	-0.0199873	0.7936357	-0.3401227	-0.0703752	0.6934100	-0.3526906	-0.1316588	0.8165601	-0.3802993	0.0740345	0.4470232	-0.0391530	0.0922769	0.3140314	-0.0310845	0.0149529	0.3284089	-0.0385003	-0.1844443	0.4085142	-0.3274848	-0.1882755	0.2721389	-0.3303060	-0.2628040	0.3030591	-0.3356552	-0.1076363	0.9672624	-0.1180375	-0.0981890	0.9652109	-0.2804336	-0.1676571	1.1900666	0.0601337	-0.0922536	1.1969182	-0.4704696	-0.1826068	1.1765137	-0.0313232	-0.1143346	1.1770566	-0.3752127	-0.1259355	0.9275599	0.0366879	0.0333450	0.9751261	-0.4539437	-0.2062522	0.9273662	0.0499742	-0.0368666	0.9475415	-0.4705882
266	4.4166667	-0.0972600	1.4629079	-0.2062900	-0.0851100	1.4579179	-0.0468800	-0.1710600	1.1882279	0.0045400	-0.1759400	0.9074379	0.0319100	-0.0933700	1.4682279	-0.3664100	-0.0791100	1.1926579	-0.4227000	0.0323100	0.9592879	-0.4563600	-0.0514000	0.9682679	-0.1961400	-0.0356100	0.9708179	-0.0928900	0.1049000	0.5819079	-0.1121100	0.1202400	0.1487679	-0.1233000	-0.0608300	0.9666879	-0.3002000	-0.1719300	0.4986679	-0.2710800	-0.2921400	0.0745579	-0.2436200	-0.1327600	0.0377279	-0.2645600	-0.1490000	0.0422179	-0.2631000	-0.3372100	0.0321979	-0.2380900	0.2852800	0.1192979	-0.1078600	0.2760900	0.1200879	-0.1085200	0.0636000	0.0979979	-0.1324600	-0.1589837	1.5150864	-0.1931162	-0.0936370	1.4980416	-0.0564386	-0.0763840	1.5077560	-0.3243867	-0.0088413	1.0509922	-0.0685388	0.0036767	1.0463675	-0.3196510	-0.1828827	1.0387029	-0.1527475	-0.1783896	1.0373114	-0.2511530	0.1005427	0.5818984	-0.0477548	-0.1457453	0.5358026	-0.3158235	0.1150356	0.5869657	-0.1649549	-0.1473694	0.5417035	-0.1994424	0.1003979	0.1342519	-0.0688533	-0.2832633	0.1137676	-0.2966168	0.1332696	0.1438162	-0.1631147	-0.2593274	0.1182414	-0.2011892	0.0488224	0.0959395	-0.1333115	-0.3481431	0.0888654	-0.2375067	0.2600418	0.1068418	-0.1028670	-0.1376712	0.0539210	-0.2493916	0.2106002	0.0958862	-0.0488642	-0.1826121	0.0512590	-0.3069005	0.0591727	0.8648833	-0.0287663	0.0711898	0.7528335	-0.0150683	-0.0535436	0.8197207	-0.0098055	-0.0098687	0.7876593	-0.3395622	-0.0635385	0.6890343	-0.3518799	-0.1209215	0.8145604	-0.3789449	0.1048345	0.4440072	-0.0385815	0.1366973	0.3139250	-0.0300705	0.0579675	0.3200636	-0.0364594	-0.1847286	0.4070742	-0.3263626	-0.1908602	0.2705197	-0.3293927	-0.2651769	0.3029578	-0.3342387	-0.0901543	0.9645810	-0.1162175	-0.0819957	0.9619395	-0.2790116	-0.1569443	1.1900551	0.0607472	-0.0687518	1.1958908	-0.4721837	-0.1715912	1.1760989	-0.0312344	-0.0909563	1.1749720	-0.3769339	-0.1222864	0.9266060	0.0379449	0.0668051	0.9813033	-0.4536484	-0.2028720	0.9283978	0.0498899	-0.0019049	0.9505817	-0.4706896
267	4.4333333	-0.0756300	1.4598779	-0.2049700	-0.0626500	1.4553979	-0.0456800	-0.1543300	1.1894379	0.0050800	-0.1687300	0.9074179	0.0316700	-0.0726400	1.4648879	-0.3650500	-0.0535100	1.1909279	-0.4230200	0.0690000	0.9636579	-0.4565600	-0.0341200	0.9648079	-0.1952800	-0.0175700	0.9670779	-0.0921300	0.1244500	0.5764579	-0.1102300	0.1795400	0.1480179	-0.1209400	-0.0443400	0.9635079	-0.2992900	-0.1651800	0.4965779	-0.2702900	-0.2846100	0.0778079	-0.2428700	-0.1339800	0.0378879	-0.2616400	-0.1557200	0.0414679	-0.2583300	-0.3334500	0.0424079	-0.2394500	0.3511300	0.1324279	-0.1042300	0.3408600	0.1322479	-0.1052400	0.1284600	0.0954379	-0.1288600	-0.1410446	1.5125652	-0.1918130	-0.0750309	1.4959323	-0.0549366	-0.0590761	1.5049488	-0.3239056	0.0100699	1.0480109	-0.0674531	0.0201065	1.0426520	-0.3195778	-0.1656508	1.0358505	-0.1503948	-0.1620872	1.0341028	-0.2493362	0.1184708	0.5776427	-0.0480838	-0.1421393	0.5335212	-0.3150715	0.1318225	0.5828592	-0.1655192	-0.1429217	0.5393331	-0.1986745	0.1599547	0.1328615	-0.0662005	-0.2876631	0.1139668	-0.2957095	0.1907404	0.1450526	-0.1608180	-0.2631134	0.1181122	-0.2003606	0.1113046	0.0891502	-0.1295882	-0.3532201	0.0890730	-0.2359180	0.3211542	0.1204948	-0.1026267	-0.1419403	0.0533294	-0.2497959	0.2739687	0.1047669	-0.0479609	-0.1875071	0.0508600	-0.3069618	0.0780199	0.8609292	-0.0286830	0.0898834	0.7485651	-0.0151680	-0.0347936	0.8160924	-0.0088302	0.0008710	0.7818286	-0.3391738	-0.0556378	0.6847148	-0.3514086	-0.1094205	0.8122026	-0.3779801	0.1346843	0.4414809	-0.0382524	0.1793483	0.3153531	-0.0293354	0.0997332	0.3135602	-0.0348693	-0.1835012	0.4055283	-0.3256156	-0.1920204	0.2688699	-0.3287198	-0.2660866	0.3029693	-0.3333131	-0.0721919	0.9613740	-0.1147727	-0.0656211	0.9583414	-0.2780375	-0.1446853	1.1897176	0.0611842	-0.0449173	1.1946193	-0.4739934	-0.1592880	1.1752983	-0.0312929	-0.0671548	1.1726218	-0.3789831	-0.1170381	0.9254670	0.0386869	0.1001470	0.9873066	-0.4533994	-0.1977512	0.9292340	0.0496333	0.0330828	0.9536105	-0.4708485
268	4.4500000	-0.0531900	1.4571379	-0.2030300	-0.0402500	1.4527779	-0.0437000	-0.1358200	1.1907679	0.0058000	-0.1631200	0.9052479	0.0308900	-0.0502000	1.4618079	-0.3631700	-0.0264700	1.1887979	-0.4230500	0.1047500	0.9679979	-0.4564900	-0.0150800	0.9600279	-0.1943300	0.0021200	0.9622679	-0.0911100	0.1430300	0.5705679	-0.1081800	0.2325900	0.1514179	-0.1190300	-0.0259700	0.9587779	-0.2984500	-0.1552300	0.4936679	-0.2694900	-0.2792800	0.0950979	-0.2415500	-0.1389200	0.0407579	-0.2576600	-0.1626800	0.0417179	-0.2539900	-0.3291800	0.0637479	-0.2402800	0.4095800	0.1485279	-0.0993300	0.3985500	0.1473579	-0.1006500	0.1898400	0.0975379	-0.1271200	-0.1212723	1.5090702	-0.1901467	-0.0545681	1.4928725	-0.0531708	-0.0399489	1.5011131	-0.3230860	0.0310731	1.0433870	-0.0659636	0.0382218	1.0376907	-0.3194723	-0.1463886	1.0321343	-0.1477119	-0.1438873	1.0301677	-0.2473725	0.1381396	0.5722652	-0.0481057	-0.1351912	0.5302873	-0.3145584	0.1504877	0.5774865	-0.1654897	-0.1352670	0.5359621	-0.1982285	0.2167680	0.1336348	-0.0635544	-0.2900368	0.1141149	-0.2947830	0.2457168	0.1479588	-0.1583613	-0.2651155	0.1178900	-0.1995759	0.1712551	0.0848447	-0.1258805	-0.3562951	0.0894965	-0.2344467	0.3786479	0.1355036	-0.1020585	-0.1449904	0.0522766	-0.2501083	0.3337223	0.1154542	-0.0468040	-0.1909746	0.0500956	-0.3068974	0.0984436	0.8557941	-0.0284990	0.1102136	0.7432009	-0.0150719	-0.0141530	0.8113418	-0.0076975	0.0138840	0.7753937	-0.3386599	-0.0449898	0.6796620	-0.3510254	-0.0956229	0.8087416	-0.3770715	0.1648453	0.4386888	-0.0375974	0.2207681	0.3172089	-0.0283298	0.1408076	0.3082814	-0.0332541	-0.1793028	0.4031718	-0.3249395	-0.1906386	0.2666300	-0.3280195	-0.2642502	0.3026069	-0.3325107	-0.0523808	0.9568554	-0.1131203	-0.0475861	0.9536725	-0.2770900	-0.1298023	1.1883061	0.0618773	-0.0195452	1.1924010	-0.4753671	-0.1446502	1.1734152	-0.0310831	-0.0417678	1.1693410	-0.3808089	-0.1095435	0.9232614	0.0392066	0.1342611	0.9921644	-0.4527672	-0.1901651	0.9290629	0.0496462	0.0689023	0.9557230	-0.4706682
269	4.4666667	-0.0304200	1.4543279	-0.2004300	-0.0182600	1.4500379	-0.0409200	-0.1175300	1.1911879	0.0065900	-0.1660100	0.9045779	0.0272000	-0.0266100	1.4588979	-0.3607100	0.0016100	1.1870479	-0.4220600	0.1399900	0.9727179	-0.4558300	0.0060000	0.9557779	-0.1928500	0.0234100	0.9577179	-0.0898300	0.1613200	0.5651179	-0.1062300	0.2797200	0.1557079	-0.1165000	-0.0051100	0.9548179	-0.2967700	-0.1456000	0.4913679	-0.2686800	-0.2767000	0.1046079	-0.2419600	-0.1422400	0.0404379	-0.2552600	-0.1641500	0.0421679	-0.2522300	-0.3309600	0.0779279	-0.2409300	0.4587800	0.1623479	-0.0950900	0.4474000	0.1604779	-0.0965600	0.2426700	0.1003279	-0.1251500	-0.0995708	1.5062189	-0.1876920	-0.0323755	1.4904461	-0.0506615	-0.0187007	1.4981436	-0.3213333	0.0542412	1.0389876	-0.0637103	0.0586119	1.0331975	-0.3189654	-0.1248586	1.0292308	-0.1446099	-0.1233598	1.0271171	-0.2451383	0.1598961	0.5676255	-0.0473601	-0.1244344	0.5276187	-0.3139171	0.1713806	0.5727393	-0.1644358	-0.1240784	0.5330691	-0.1976823	0.2683045	0.1365220	-0.0607863	-0.2905504	0.1158821	-0.2939808	0.2957381	0.1523872	-0.1556338	-0.2655999	0.1191433	-0.1988832	0.2257337	0.0832844	-0.1221130	-0.3576152	0.0918237	-0.2332500	0.4301573	0.1507041	-0.1010851	-0.1469247	0.0522655	-0.2504096	0.3872947	0.1270763	-0.0453121	-0.1930908	0.0505454	-0.3068470	0.1206364	0.8514228	-0.0277043	0.1324380	0.7386661	-0.0143184	0.0085585	0.8073224	-0.0059479	0.0297801	0.7700374	-0.3376529	-0.0309984	0.6754935	-0.3503560	-0.0790354	0.8058675	-0.3759066	0.1949223	0.4368233	-0.0362384	0.2597673	0.3198958	-0.0268029	0.1798929	0.3052586	-0.0312750	-0.1718535	0.4015885	-0.3241175	-0.1866532	0.2654109	-0.3271816	-0.2595086	0.3035398	-0.3317706	-0.0305840	0.9529121	-0.1108563	-0.0274805	0.9496914	-0.2758081	-0.1129603	1.1876065	0.0630374	0.0074502	1.1910621	-0.4759251	-0.1284369	1.1723305	-0.0304520	-0.0147563	1.1670168	-0.3818983	-0.1014776	0.9217401	0.0395060	0.1690512	0.9976200	-0.4515942	-0.1818198	0.9297966	0.0498875	0.1053218	0.9586586	-0.4698832
270	4.4833333	-0.0082500	1.4519079	-0.1973800	0.0031600	1.4474679	-0.0376200	-0.1002000	1.1911479	0.0074000	-0.1758200	0.8981179	0.0208900	-0.0036500	1.4567979	-0.3578900	0.0290000	1.1857979	-0.4199100	0.1742300	0.9779679	-0.4547100	0.0284500	0.9539079	-0.1911900	0.0455300	0.9554879	-0.0885500	0.1813900	0.5619979	-0.1046700	0.3210300	0.1579379	-0.1138000	0.0176700	0.9534179	-0.2947300	-0.1354800	0.4893779	-0.2680100	-0.2739500	0.1105679	-0.2430100	-0.1405500	0.0415579	-0.2546100	-0.1585800	0.0440879	-0.2524300	-0.3304100	0.0860079	-0.2412300	0.4973500	0.1699279	-0.0922800	0.4859500	0.1677179	-0.0937700	0.2853000	0.1009279	-0.1225300	-0.0768904	1.5056534	-0.1849719	-0.0094730	1.4902596	-0.0478198	0.0039220	1.4978241	-0.3191060	0.0786271	1.0368529	-0.0613494	0.0807034	1.0309386	-0.3184190	-0.1018940	1.0285896	-0.1417403	-0.1012371	1.0263071	-0.2431149	0.1831710	0.5656019	-0.0462667	-0.1105927	0.5270838	-0.3133462	0.1939711	0.5705498	-0.1629844	-0.1100842	0.5322399	-0.1971554	0.3113208	0.1408318	-0.0586957	-0.2895437	0.1207554	-0.2939810	0.3376471	0.1576158	-0.1535497	-0.2648931	0.1232735	-0.1988620	0.2709782	0.0845612	-0.1191909	-0.3575465	0.0974440	-0.2329447	0.4726886	0.1634765	-0.1006023	-0.1477750	0.0548516	-0.2513645	0.4314673	0.1374779	-0.0443451	-0.1939533	0.0538278	-0.3075300	0.1440107	0.8496926	-0.0265100	0.1559526	0.7368250	-0.0132036	0.0324883	0.8058319	-0.0039152	0.0480666	0.7673583	-0.3365193	-0.0142727	0.6737803	-0.3496375	-0.0602846	0.8052013	-0.3747945	0.2237009	0.4369299	-0.0347237	0.2944399	0.3234395	-0.0254142	0.2148188	0.3051292	-0.0294696	-0.1617860	0.4023925	-0.3235099	-0.1806182	0.2668564	-0.3267353	-0.2524075	0.3072829	-0.3315529	-0.0075598	0.9513801	-0.1084214	-0.0058856	0.9480584	-0.2744930	-0.0952505	1.1889811	0.0642144	0.0351418	1.1923111	-0.4760392	-0.1118340	1.1735146	-0.0299279	0.0127812	1.1674101	-0.3824289	-0.0947390	0.9221582	0.0388255	0.2036026	1.0051335	-0.4503442	-0.1746355	0.9329309	0.0496327	0.1411178	0.9638736	-0.4688574
271	4.5000000	0.0132300	1.4491779	-0.1942600	0.0246400	1.4442279	-0.0340000	-0.0836200	1.1893479	0.0080500	-0.1856900	0.8965779	0.0141600	0.0178700	1.4544479	-0.3552700	0.0547800	1.1849579	-0.4172500	0.2065000	0.9829779	-0.4534600	0.0514100	0.9543179	-0.1898500	0.0681400	0.9554179	-0.0872900	0.2047100	0.5622179	-0.1037200	0.3534500	0.1566579	-0.1118700	0.0409500	0.9543879	-0.2932900	-0.1217700	0.4920279	-0.2679200	-0.2708800	0.1162379	-0.2443000	-0.1388000	0.0450579	-0.2548400	-0.1538000	0.0489779	-0.2533800	-0.3267300	0.0935879	-0.2419100	0.5243200	0.1685479	-0.0906000	0.5130000	0.1663479	-0.0920400	0.3163800	0.0981679	-0.1201100	-0.0543298	1.5070247	-0.1828828	0.0131327	1.4919243	-0.0454578	0.0268931	1.4997347	-0.3172818	0.1031648	1.0372160	-0.0597244	0.1035299	1.0307884	-0.3183655	-0.0785886	1.0299857	-0.1397283	-0.0786260	1.0273976	-0.2417502	0.2070959	0.5660230	-0.0455310	-0.0946380	0.5283437	-0.3134243	0.2174915	0.5708391	-0.1621583	-0.0940876	0.5331262	-0.1971457	0.3428643	0.1442427	-0.0582803	-0.2875591	0.1286260	-0.2952775	0.3685907	0.1613965	-0.1531866	-0.2633859	0.1300351	-0.2001022	0.3034743	0.0872857	-0.1182593	-0.3565348	0.1064274	-0.2340350	0.5036481	0.1695134	-0.1015578	-0.1480928	0.0594991	-0.2535173	0.4633706	0.1428021	-0.0448720	-0.1941936	0.0596564	-0.3094587	0.1678929	0.8504881	-0.0252300	0.1799429	0.7375045	-0.0121567	0.0565214	0.8066480	-0.0021030	0.0678692	0.7670419	-0.3359376	0.0041819	0.6741956	-0.3494303	-0.0403582	0.8064752	-0.3741734	0.2498143	0.4381560	-0.0339426	0.3228626	0.3261527	-0.0250564	0.2433933	0.3066097	-0.0287043	-0.1500063	0.4053983	-0.3236638	-0.1733965	0.2708832	-0.3273140	-0.2437496	0.3136496	-0.3322802	0.0158155	0.9521898	-0.1064067	0.0163445	0.9484997	-0.2735077	-0.0776279	1.1919436	0.0648007	0.0623443	1.1956256	-0.4760137	-0.0958267	1.1764994	-0.0300350	0.0397186	1.1700933	-0.3825903	-0.0901990	0.9243090	0.0367476	0.2366768	1.0140949	-0.4496307	-0.1696506	0.9382527	0.0480156	0.1749211	0.9707508	-0.4679718
272	4.5166667	0.0351900	1.4459179	-0.1912100	0.0471600	1.4406579	-0.0303500	-0.0670500	1.1858279	0.0089900	-0.1842000	0.8883679	0.0107700	0.0393300	1.4516679	-0.3528800	0.0794900	1.1843679	-0.4148000	0.2369200	0.9871179	-0.4520800	0.0747100	0.9545079	-0.1882900	0.0914700	0.9552779	-0.0854500	0.2317700	0.5645579	-0.1034500	0.3748900	0.1516279	-0.1112200	0.0642800	0.9548679	-0.2920200	-0.1024300	0.4977379	-0.2687900	-0.2684900	0.1235579	-0.2454600	-0.1425000	0.0476879	-0.2545900	-0.1543200	0.0522279	-0.2537500	-0.3215700	0.1021979	-0.2430700	0.5421500	0.1589679	-0.0901300	0.5308100	0.1570179	-0.0915100	0.3351100	0.0923479	-0.1186300	-0.0320452	1.5078283	-0.1812293	0.0353466	1.4929067	-0.0433408	0.0500314	1.5012425	-0.3156577	0.1277098	1.0379053	-0.0585514	0.1267422	1.0301450	-0.3183188	-0.0551716	1.0312300	-0.1380190	-0.0558483	1.0280445	-0.2403819	0.2314035	0.5663205	-0.0451285	-0.0768141	0.5288065	-0.3138626	0.2416200	0.5711403	-0.1621123	-0.0761217	0.5330850	-0.1972662	0.3622306	0.1434574	-0.0595142	-0.2848313	0.1373798	-0.2971633	0.3878046	0.1605532	-0.1544966	-0.2611570	0.1371981	-0.2020765	0.3221157	0.0886301	-0.1192679	-0.3546835	0.1172434	-0.2359597	0.5225951	0.1646124	-0.1039700	-0.1485864	0.0630647	-0.2560910	0.4824594	0.1390359	-0.0469410	-0.1944912	0.0652767	-0.3118368	0.1922690	0.8512837	-0.0234774	0.2042786	0.7381299	-0.0108863	0.0804388	0.8072350	-0.0001394	0.0889068	0.7665314	-0.3356085	0.0240073	0.6741731	-0.3493963	-0.0196151	0.8071342	-0.3735082	0.2729350	0.4377371	-0.0340167	0.3445867	0.3250090	-0.0257868	0.2650584	0.3066879	-0.0290017	-0.1367517	0.4081587	-0.3241393	-0.1652982	0.2751805	-0.3284624	-0.2338163	0.3203531	-0.3333061	0.0394380	0.9529828	-0.1043300	0.0389655	0.9484206	-0.2721559	-0.0594633	1.1935285	0.0654771	0.0885514	1.1982382	-0.4752626	-0.0796282	1.1782881	-0.0301159	0.0654997	1.1722879	-0.3818359	-0.0857408	0.9251986	0.0342267	0.2677913	1.0212697	-0.4487207	-0.1648598	0.9425323	0.0458473	0.2060512	0.9761548	-0.4665180
273	4.5333333	0.0588100	1.4430479	-0.1880400	0.0713200	1.4374879	-0.0268100	-0.0489200	1.1819479	0.0109900	-0.1681000	0.8874979	0.0118500	0.0624300	1.4490479	-0.3501300	0.1036200	1.1833279	-0.4126000	0.2663100	0.9904479	-0.4500800	0.0986300	0.9518579	-0.1856900	0.1155900	0.9527379	-0.0824200	0.2619900	0.5662179	-0.1037200	0.3874000	0.1432979	-0.1118700	0.0880900	0.9520579	-0.2898600	-0.0797000	0.5025579	-0.2701200	-0.2668800	0.1318579	-0.2461900	-0.1516300	0.0474479	-0.2532700	-0.1606800	0.0528479	-0.2530000	-0.3163200	0.1118879	-0.2445100	0.5547600	0.1460379	-0.0912200	0.5433100	0.1443879	-0.0925400	0.3440200	0.0837679	-0.1185800	-0.0095142	1.5057283	-0.1791898	0.0576757	1.4909331	-0.0406366	0.0736962	1.4999279	-0.3134456	0.1526206	1.0364502	-0.0569445	0.1504450	1.0263949	-0.3174651	-0.0311890	1.0300200	-0.1356368	-0.0324987	1.0258811	-0.2380812	0.2566722	0.5641067	-0.0446607	-0.0568647	0.5259760	-0.3139225	0.2665437	0.5690824	-0.1623018	-0.0558746	0.5296172	-0.1967293	0.3727928	0.1371672	-0.0614406	-0.2813136	0.1447539	-0.2984695	0.3982803	0.1538632	-0.1564803	-0.2580858	0.1425744	-0.2036703	0.3303058	0.0866557	-0.1209477	-0.3518303	0.1281627	-0.2376413	0.5328705	0.1488144	-0.1073161	-0.1498095	0.0626939	-0.2578228	0.4923634	0.1258604	-0.0499407	-0.1952514	0.0679719	-0.3134423	0.2175397	0.8495202	-0.0210003	0.2295183	0.7361957	-0.0090751	0.1050200	0.8050992	0.0025677	0.1113749	0.7632227	-0.3347206	0.0453973	0.6711430	-0.3487680	0.0021813	0.8046095	-0.3720323	0.2944768	0.4337473	-0.0344609	0.3618319	0.3186451	-0.0270399	0.2821475	0.3033402	-0.0296225	-0.1217342	0.4081263	-0.3240959	-0.1560745	0.2772535	-0.3292059	-0.2224722	0.3249830	-0.3336529	0.0636892	0.9512152	-0.1013499	0.0622199	0.9452164	-0.2695638	-0.0399427	1.1914351	0.0669461	0.1137402	1.1973993	-0.4729636	-0.0622412	1.1764644	-0.0292709	0.0904274	1.1712373	-0.3795155	-0.0787021	0.9228038	0.0326805	0.2969372	1.0238561	-0.4466609	-0.1576469	0.9432030	0.0442715	0.2348199	0.9773226	-0.4636206
274	4.5500000	0.0837500	1.4411279	-0.1845900	0.0961200	1.4350679	-0.0233600	-0.0281400	1.1788379	0.0139000	-0.1393500	0.8888879	0.0168200	0.0874600	1.4475579	-0.3467000	0.1271200	1.1821879	-0.4103200	0.2945000	0.9938179	-0.4472400	0.1228900	0.9462979	-0.1822300	0.1396900	0.9476779	-0.0785800	0.2920400	0.5654879	-0.1041800	0.3943500	0.1329779	-0.1137000	0.1126800	0.9460479	-0.2867700	-0.0561800	0.5052579	-0.2708600	-0.2636400	0.1382179	-0.2463800	-0.1598700	0.0450379	-0.2516400	-0.1670200	0.0508279	-0.2516800	-0.3094100	0.1181979	-0.2455300	0.5630800	0.1309079	-0.0925800	0.5516900	0.1296779	-0.0939100	0.3478300	0.0740679	-0.1205300	0.0132560	1.5007404	-0.1766271	0.0800976	1.4861251	-0.0372367	0.0976551	1.4957766	-0.3106311	0.1774511	1.0326205	-0.0547720	0.1743369	1.0196264	-0.3158094	-0.0067877	1.0260733	-0.1326540	-0.0086168	1.0207235	-0.2350447	0.2829334	0.5596291	-0.0441526	-0.0348381	0.5198999	-0.3134830	0.2919384	0.5648368	-0.1623830	-0.0334548	0.5228346	-0.1955630	0.3795128	0.1275629	-0.0631197	-0.2766232	0.1503096	-0.2988439	0.4045931	0.1435673	-0.1582413	-0.2537505	0.1460082	-0.2044136	0.3335944	0.0820856	-0.1221022	-0.3473657	0.1386947	-0.2385944	0.5391682	0.1274331	-0.1110357	-0.1516490	0.0586086	-0.2584266	0.4982274	0.1077884	-0.0532126	-0.1962335	0.0676317	-0.3139997	0.2433341	0.8451678	-0.0184644	0.2555599	0.7317806	-0.0071767	0.1305063	0.8002938	0.0057201	0.1350340	0.7570481	-0.3331718	0.0682481	0.6650745	-0.3474969	0.0249585	0.7988842	-0.3698322	0.3158412	0.4271906	-0.0349234	0.3774509	0.3090615	-0.0283424	0.2976782	0.2975474	-0.0299631	-0.1048257	0.4050781	-0.3234714	-0.1453716	0.2767329	-0.3292730	-0.2095200	0.3271789	-0.3331936	0.0882909	0.9466986	-0.0976337	0.0859565	0.9388909	-0.2659691	-0.0186290	1.1860774	0.0692025	0.1376828	1.1933466	-0.4694942	-0.0431481	1.1713743	-0.0274009	0.1143945	1.1671006	-0.3761976	-0.0669596	0.9175372	0.0326694	0.3238504	1.0219915	-0.4433212	-0.1458999	0.9401964	0.0439953	0.2612402	0.9744315	-0.4593372
275	4.5666667	0.1084100	1.4401779	-0.1811000	0.1195700	1.4334179	-0.0200200	-0.0050300	1.1765779	0.0169700	-0.1057100	0.8920579	0.0229700	0.1132800	1.4473279	-0.3429800	0.1499300	1.1820279	-0.4078600	0.3202700	0.9972879	-0.4440700	0.1474000	0.9411479	-0.1786300	0.1627800	0.9431579	-0.0749200	0.3179300	0.5632879	-0.1043300	0.3989100	0.1238179	-0.1163000	0.1387100	0.9405179	-0.2831600	-0.0283200	0.5076679	-0.2706800	-0.2560300	0.1440179	-0.2462100	-0.1624300	0.0437079	-0.2507300	-0.1687800	0.0497579	-0.2508100	-0.2994200	0.1237779	-0.2459700	0.5637100	0.1133479	-0.0919000	0.5530700	0.1126779	-0.0933600	0.3512800	0.0673179	-0.1246400	0.0361791	1.4960072	-0.1741824	0.1025009	1.4816347	-0.0339345	0.1217610	1.4919057	-0.3079052	0.2018490	1.0294364	-0.0526084	0.1984965	1.0131707	-0.3137756	0.0178976	1.0221843	-0.1299401	0.0158286	1.0154759	-0.2321685	0.3095231	0.5559925	-0.0439187	-0.0099750	0.5137548	-0.3131620	0.3173591	0.5614660	-0.1624018	-0.0080857	0.5158891	-0.1946545	0.3848617	0.1192301	-0.0643466	-0.2694760	0.1568368	-0.2989157	0.4093216	0.1343268	-0.1595305	-0.2468245	0.1504479	-0.2048643	0.3353332	0.0784842	-0.1226591	-0.3395678	0.1513382	-0.2393504	0.5436449	0.1075092	-0.1144290	-0.1531256	0.0543835	-0.2586004	0.5023602	0.0912334	-0.0562328	-0.1963427	0.0675407	-0.3141523	0.2691217	0.8413094	-0.0165440	0.2818239	0.7279778	-0.0057693	0.1565144	0.7960451	0.0085302	0.1600602	0.7514671	-0.3315644	0.0930349	0.6593407	-0.3462623	0.0490144	0.7932563	-0.3674723	0.3371035	0.4216661	-0.0354395	0.3924274	0.3005269	-0.0295554	0.3127200	0.2930444	-0.0301244	-0.0851693	0.4020383	-0.3229843	-0.1321626	0.2765043	-0.3292861	-0.1938613	0.3298314	-0.3326237	0.1130394	0.9426124	-0.0939852	0.1102835	0.9327858	-0.2621411	0.0047479	1.1809499	0.0715943	0.1605215	1.1896440	-0.4657500	-0.0220797	1.1665067	-0.0251407	0.1375776	1.1634100	-0.3728172	-0.0494696	0.9129227	0.0338112	0.3485977	1.0191801	-0.4394337	-0.1286182	0.9367868	0.0448576	0.2854823	0.9709574	-0.4544430
276	4.5833333	0.1321000	1.4404379	-0.1779100	0.1417400	1.4327179	-0.0169600	0.0193100	1.1752279	0.0196900	-0.0711900	0.8928879	0.0285600	0.1384600	1.4484779	-0.3395500	0.1714400	1.1827379	-0.4052800	0.3430300	1.0003479	-0.4411200	0.1732000	0.9400879	-0.1751600	0.1858600	0.9419879	-0.0718400	0.3396100	0.5624079	-0.1037000	0.4040100	0.1174379	-0.1187100	0.1673100	0.9393979	-0.2791700	0.0096100	0.5132479	-0.2702500	-0.2431800	0.1526579	-0.2460600	-0.1600500	0.0449779	-0.2507400	-0.1659700	0.0512879	-0.2507200	-0.2854200	0.1343779	-0.2459000	0.5591600	0.0924179	-0.0893700	0.5498200	0.0927879	-0.0909500	0.3566100	0.0638579	-0.1293500	0.0600497	1.4950358	-0.1721055	0.1257537	1.4809708	-0.0312241	0.1467322	1.4918256	-0.3055775	0.2267922	1.0303429	-0.0509174	0.2240624	1.0106184	-0.3112484	0.0439136	1.0215248	-0.1279359	0.0419370	1.0133695	-0.2297152	0.3363083	0.5562457	-0.0439211	0.0199468	0.5110431	-0.3133248	0.3431124	0.5619807	-0.1622564	0.0224971	0.5121808	-0.1945834	0.3900124	0.1157170	-0.0651378	-0.2573810	0.1675814	-0.2992809	0.4140052	0.1297772	-0.1603404	-0.2348129	0.1591502	-0.2055611	0.3374456	0.0791696	-0.1229268	-0.3254843	0.1691838	-0.2405340	0.5473202	0.0934963	-0.1168033	-0.1522378	0.0535923	-0.2587273	0.5057492	0.0803952	-0.0585282	-0.1933974	0.0712221	-0.3142831	0.2954489	0.8411422	-0.0152490	0.3085425	0.7279311	-0.0048674	0.1833696	0.7958198	0.0106594	0.1878737	0.7504526	-0.3301083	0.1215229	0.6577635	-0.3453610	0.0758353	0.7913636	-0.3650447	0.3583310	0.4203301	-0.0358712	0.4072302	0.2964084	-0.0304479	0.3276573	0.2930642	-0.0302035	-0.0605085	0.4024287	-0.3231295	-0.1141374	0.2799263	-0.3297690	-0.1730635	0.3362863	-0.3324882	0.1389162	0.9425368	-0.0908199	0.1363338	0.9305529	-0.2582609	0.0312457	1.1793386	0.0739431	0.1832523	1.1897892	-0.4621111	0.0020392	1.1651801	-0.0228395	0.1608450	1.1636933	-0.3696274	-0.0250921	0.9121007	0.0358479	0.3720826	1.0188094	-0.4355400	-0.1047437	0.9361691	0.0467588	0.3082147	0.9702231	-0.4493989
277	4.6000000	0.1557000	1.4416979	-0.1751200	0.1647400	1.4332879	-0.0143100	0.0440700	1.1757879	0.0217400	-0.0363100	0.8930279	0.0334100	0.1625900	1.4504979	-0.3365900	0.1914400	1.1839679	-0.4025200	0.3636500	1.0027179	-0.4381400	0.2008600	0.9423779	-0.1717000	0.2107000	0.9444779	-0.0689000	0.3594400	0.5621679	-0.1021300	0.4101600	0.1127779	-0.1200400	0.1976000	0.9419979	-0.2750600	0.0573300	0.5223179	-0.2702600	-0.2268600	0.1660679	-0.2463700	-0.1542400	0.0482379	-0.2514100	-0.1595100	0.0549079	-0.2513100	-0.2698400	0.1510979	-0.2455300	0.5574900	0.0728279	-0.0882700	0.5493100	0.0741879	-0.0897700	0.3607200	0.0619579	-0.1319500	0.0853360	1.4971162	-0.1700253	0.1505884	1.4833820	-0.0289043	0.1727836	1.4948246	-0.3034532	0.2531331	1.0345433	-0.0496327	0.2514983	1.0113489	-0.3080305	0.0718676	1.0233064	-0.1262978	0.0701924	1.0136996	-0.2272992	0.3627372	0.5590803	-0.0438204	0.0566359	0.5109970	-0.3139481	0.3688005	0.5650232	-0.1617433	0.0599994	0.5109016	-0.1953086	0.3956132	0.1157471	-0.0655293	-0.2388879	0.1819540	-0.3000003	0.4194346	0.1287477	-0.1608162	-0.2162834	0.1714846	-0.2064905	0.3408777	0.0827375	-0.1231041	-0.3033991	0.1917243	-0.2422272	0.5510190	0.0846849	-0.1180172	-0.1480781	0.0556286	-0.2585789	0.5092143	0.0743609	-0.0599534	-0.1863085	0.0781450	-0.3142336	0.3226930	0.8434910	-0.0141591	0.3357037	0.7304056	-0.0040796	0.2111425	0.7986833	0.0123999	0.2193974	0.7536114	-0.3286745	0.1549100	0.6598220	-0.3447158	0.1063212	0.7924765	-0.3624196	0.3792164	0.4218602	-0.0359097	0.4219544	0.2954587	-0.0307957	0.3424282	0.2961760	-0.0300464	-0.0292130	0.4055013	-0.3239246	-0.0897505	0.2863381	-0.3307697	-0.1455046	0.3458723	-0.3328632	0.1665612	0.9456589	-0.0879653	0.1645587	0.9314951	-0.2541608	0.0610190	1.1802779	0.0763504	0.2062137	1.1927275	-0.4584367	0.0293893	1.1664480	-0.0204549	0.1844150	1.1669591	-0.3663365	0.0058563	0.9139983	0.0387049	0.3945984	1.0198973	-0.4317137	-0.0745476	0.9374418	0.0496292	0.3296515	0.9712070	-0.4442363
278	4.6166667	0.1802900	1.4438079	-0.1725000	0.1895000	1.4352079	-0.0119900	0.0691900	1.1766279	0.0232400	-0.0021500	0.8948079	0.0376500	0.1869100	1.4528179	-0.3337000	0.2114400	1.1858879	-0.3995600	0.3827600	1.0047079	-0.4345200	0.2284600	0.9454979	-0.1681900	0.2369900	0.9470779	-0.0656500	0.3776700	0.5596979	-0.0997200	0.4150500	0.1098279	-0.1199500	0.2264400	0.9454179	-0.2712500	0.1099100	0.5318179	-0.2705500	-0.2087400	0.1821779	-0.2473200	-0.1430900	0.0531879	-0.2525600	-0.1475700	0.0601479	-0.2524700	-0.2567500	0.1694679	-0.2453000	0.5629100	0.0601379	-0.0900800	0.5552100	0.0620179	-0.0912800	0.3610600	0.0591279	-0.1313100	0.1104581	1.4999438	-0.1675784	0.1757952	1.4864860	-0.0266905	0.1980243	1.4984939	-0.3013549	0.2793824	1.0394968	-0.0484836	0.2787977	1.0130960	-0.3043342	0.0998227	1.0253250	-0.1245337	0.0984846	1.0143752	-0.2245952	0.3860392	0.5615323	-0.0433227	0.0989056	0.5112228	-0.3148524	0.3915657	0.5676051	-0.1607564	0.1031377	0.5097652	-0.1964286	0.4004779	0.1161873	-0.0657000	-0.2153721	0.1978581	-0.3008838	0.4243183	0.1282226	-0.1612456	-0.1926532	0.1853658	-0.2073603	0.3443886	0.0857864	-0.1234126	-0.2747234	0.2167521	-0.2441614	0.5539819	0.0786244	-0.1184157	-0.1419934	0.0587678	-0.2578834	0.5120311	0.0704245	-0.0607163	-0.1764061	0.0864867	-0.3138079	0.3489363	0.8455474	-0.0128920	0.3610546	0.7325288	-0.0030550	0.2376598	0.8019512	0.0141852	0.2529667	0.7586804	-0.3271849	0.1916848	0.6631891	-0.3442291	0.1387051	0.7940986	-0.3596967	0.3974110	0.4232694	-0.0353927	0.4347669	0.2947644	-0.0306197	0.3551077	0.2991533	-0.0295552	0.0074668	0.4089587	-0.3251493	-0.0602901	0.2935672	-0.3320882	-0.1124548	0.3563434	-0.3335909	0.1941403	0.9494141	-0.0851257	0.1928164	0.9332178	-0.2498691	0.0917287	1.1814377	0.0788254	0.2279393	1.1959303	-0.4545745	0.0577800	1.1679816	-0.0178237	0.2066554	1.1707013	-0.3627625	0.0401913	0.9161768	0.0422814	0.4146038	1.0200326	-0.4277871	-0.0410656	0.9383736	0.0532688	0.3484009	0.9716121	-0.4389545
279	4.6333333	0.2059300	1.4464379	-0.1696800	0.2149500	1.4377079	-0.0096200	0.0947100	1.1779179	0.0247600	0.0310200	0.8958779	0.0414600	0.2126000	1.4555579	-0.3304400	0.2323800	1.1884079	-0.3966900	0.4000100	1.0063579	-0.4301000	0.2543500	0.9474479	-0.1647800	0.2627000	0.9487279	-0.0621600	0.3934900	0.5554579	-0.0964400	0.4169800	0.1091879	-0.1189400	0.2525100	0.9473779	-0.2679500	0.1634800	0.5396579	-0.2701300	-0.1884100	0.1982379	-0.2487200	-0.1240800	0.0607079	-0.2539600	-0.1281300	0.0679779	-0.2539500	-0.2453500	0.1847179	-0.2452000	0.5726900	0.0548879	-0.0926900	0.5650500	0.0567779	-0.0935700	0.3574500	0.0574779	-0.1290200	0.1343273	1.5018253	-0.1647729	0.2005776	1.4885730	-0.0245715	0.2211580	1.5009273	-0.2993373	0.3042086	1.0430646	-0.0473843	0.3043581	1.0140530	-0.3005835	0.1260519	1.0260379	-0.1225439	0.1249706	1.0139820	-0.2216469	0.4043380	0.5615248	-0.0423969	0.1444283	0.5102400	-0.3156653	0.4094821	0.5676839	-0.1593159	0.1493422	0.5075457	-0.1973223	0.4039227	0.1146448	-0.0658452	-0.1883548	0.2131755	-0.3017264	0.4278715	0.1259281	-0.1617967	-0.1655245	0.1988105	-0.2078112	0.3470758	0.0858780	-0.1240597	-0.2416945	0.2411599	-0.2459131	0.5560287	0.0730788	-0.1182987	-0.1336724	0.0623691	-0.2566296	0.5139850	0.0662186	-0.0609917	-0.1638163	0.0950567	-0.3130694	0.3725148	0.8453221	-0.0113604	0.3828325	0.7322984	-0.0017471	0.2611980	0.8035867	0.0161095	0.2867477	0.7636642	-0.3255290	0.2298522	0.6660232	-0.3436833	0.1711099	0.7943599	-0.3571169	0.4113975	0.4224365	-0.0344064	0.4445197	0.2922273	-0.0301050	0.3645784	0.2996284	-0.0288238	0.0474279	0.4112936	-0.3264301	-0.0275019	0.2999860	-0.3334080	-0.0758927	0.3657969	-0.3344217	0.2200321	0.9518014	-0.0822801	0.2192732	0.9339044	-0.2456594	0.1215955	1.1812566	0.0812641	0.2476471	1.1977654	-0.4506282	0.0855898	1.1682021	-0.0149368	0.2266160	1.1732213	-0.3590674	0.0753029	0.9168882	0.0462465	0.4313408	1.0176666	-0.4236609	-0.0066849	0.9374332	0.0574032	0.3638303	0.9700516	-0.4337748
280	4.6500000	0.2317800	1.4493979	-0.1667700	0.2403100	1.4403179	-0.0071500	0.1204400	1.1793379	0.0268400	0.0636700	0.8964879	0.0447900	0.2388300	1.4588479	-0.3270900	0.2532600	1.1912579	-0.3940300	0.4154300	1.0074179	-0.4252800	0.2788500	0.9482979	-0.1619000	0.2869900	0.9495479	-0.0589900	0.4080700	0.5507879	-0.0928900	0.4168800	0.1095879	-0.1179900	0.2772900	0.9481179	-0.2653800	0.2157000	0.5444379	-0.2684700	-0.1650200	0.2124579	-0.2497000	-0.0985600	0.0718579	-0.2556500	-0.1028900	0.0794479	-0.2557300	-0.2324900	0.2000579	-0.2455900	0.5821900	0.0541979	-0.0939600	0.5745400	0.0559879	-0.0946300	0.3541600	0.0569179	-0.1278600	0.1576304	1.5029749	-0.1619911	0.2255679	1.4899064	-0.0228235	0.2429050	1.5021992	-0.2976114	0.3281529	1.0451436	-0.0465930	0.3284650	1.0143745	-0.2972981	0.1508443	1.0258965	-0.1206300	0.1498186	1.0130905	-0.2188052	0.4186127	0.5595009	-0.0414673	0.1916884	0.5088551	-0.3162063	0.4235621	0.5657519	-0.1578338	0.1969838	0.5052902	-0.1976438	0.4067125	0.1113295	-0.0662178	-0.1580921	0.2273530	-0.3025115	0.4308637	0.1221117	-0.1626167	-0.1351833	0.2113998	-0.2077484	0.3494402	0.0834848	-0.1252634	-0.2058451	0.2630226	-0.2471826	0.5581995	0.0676876	-0.1179375	-0.1202192	0.0674291	-0.2552435	0.5160006	0.0614702	-0.0609587	-0.1464546	0.1042083	-0.3124625	0.3939310	0.8431555	-0.0099209	0.4016781	0.7301371	-0.0005393	0.2823149	0.8038051	0.0177795	0.3203941	0.7684941	-0.3238841	0.2686499	0.6685451	-0.3430751	0.2031786	0.7935572	-0.3550426	0.4221332	0.4197745	-0.0334085	0.4520823	0.2882035	-0.0296425	0.3718373	0.2979241	-0.0282455	0.0895620	0.4131294	-0.3275737	0.0080659	0.3058545	-0.3346146	-0.0368231	0.3742379	-0.3352715	0.2446157	0.9529111	-0.0798304	0.2440911	0.9338007	-0.2420270	0.1507951	1.1802005	0.0833251	0.2662240	1.1986322	-0.4470502	0.1131064	1.1675402	-0.0121541	0.2451503	1.1748613	-0.3556893	0.1107422	0.9165079	0.0500505	0.4458918	1.0134651	-0.4197265	0.0282461	0.9351735	0.0614980	0.3770081	0.9671820	-0.4292548
281	4.6666667	0.2570400	1.4527379	-0.1642200	0.2660100	1.4433079	-0.0048700	0.1455700	1.1809479	0.0292600	0.0939200	0.8971079	0.0467400	0.2635600	1.4624579	-0.3243000	0.2732000	1.1945079	-0.3911400	0.4300700	1.0073779	-0.4206200	0.3028600	0.9497979	-0.1597700	0.3101100	0.9504979	-0.0564600	0.4221500	0.5449379	-0.0901800	0.4169500	0.1096479	-0.1176400	0.3024300	0.9493279	-0.2636100	0.2639400	0.5458479	-0.2661600	-0.1428400	0.2267079	-0.2488900	-0.0701100	0.0867279	-0.2582200	-0.0758300	0.0944479	-0.2582600	-0.2128800	0.2142979	-0.2446500	0.5891100	0.0547479	-0.0940800	0.5814800	0.0565079	-0.0946400	0.3551300	0.0571579	-0.1286100	0.1812559	1.5050095	-0.1594506	0.2512576	1.4921958	-0.0215667	0.2643831	1.5039682	-0.2960584	0.3521910	1.0473485	-0.0462823	0.3518756	1.0157655	-0.2946425	0.1751622	1.0266471	-0.1189379	0.1738902	1.0135016	-0.2161865	0.4309453	0.5577693	-0.0409147	0.2392736	0.5093851	-0.3163393	0.4358907	0.5641312	-0.1566826	0.2447585	0.5054080	-0.1972799	0.4096427	0.1084875	-0.0668613	-0.1250166	0.2412885	-0.3030195	0.4341008	0.1189468	-0.1636737	-0.1019923	0.2240484	-0.2070669	0.3520591	0.0811582	-0.1269823	-0.1687739	0.2822538	-0.2475525	0.5612063	0.0638680	-0.1174657	-0.0991923	0.0755084	-0.2540607	0.5187059	0.0578079	-0.0606944	-0.1226667	0.1151434	-0.3122085	0.4144813	0.8411341	-0.0089011	0.4191456	0.7282506	0.0002374	0.3024122	0.8045584	0.0188829	0.3538147	0.7746626	-0.3223947	0.3074816	0.6725445	-0.3423857	0.2349089	0.7936554	-0.3535109	0.4314001	0.4175764	-0.0327424	0.4588091	0.2848892	-0.0294558	0.3783591	0.2964229	-0.0280495	0.1328119	0.4165342	-0.3283718	0.0458154	0.3127967	-0.3355269	0.0036967	0.3832203	-0.3359114	0.2688872	0.9544858	-0.0780517	0.2680792	0.9347252	-0.2391731	0.1798955	1.1801582	0.0848815	0.2847743	1.2003065	-0.4440839	0.1408494	1.1678565	-0.0097294	0.2633586	1.1773770	-0.3527653	0.1463681	0.9169022	0.0532937	0.4596458	1.0096096	-0.4163284	0.0635812	0.9336509	0.0651461	0.3892244	0.9650172	-0.4256908
282	4.6833333	0.2814500	1.4565079	-0.1621100	0.2921200	1.4467779	-0.0028000	0.1702500	1.1813979	0.0315900	0.1218100	0.8950079	0.0472400	0.2861600	1.4664679	-0.3223000	0.2923900	1.1982979	-0.3878100	0.4445100	1.0063979	-0.4163600	0.3270700	0.9502479	-0.1580700	0.3326600	0.9512079	-0.0542900	0.4339500	0.5391079	-0.0889000	0.4180800	0.1078979	-0.1176400	0.3281600	0.9505479	-0.2623000	0.3066000	0.5450779	-0.2640200	-0.1232300	0.2376179	-0.2446000	-0.0348900	0.1002279	-0.2616900	-0.0417300	0.1068279	-0.2612700	-0.1859400	0.2256079	-0.2406100	0.5938400	0.0545779	-0.0943000	0.5861600	0.0562779	-0.0948100	0.3594400	0.0563079	-0.1297500	0.2056021	1.5061645	-0.1569168	0.2776491	1.4937070	-0.0204111	0.2863448	1.5046132	-0.2942385	0.3769676	1.0479927	-0.0460510	0.3751900	1.0164617	-0.2923753	0.1997176	1.0265167	-0.1170846	0.1978829	1.0134199	-0.2134838	0.4429463	0.5550485	-0.0405501	0.2860098	0.5102911	-0.3157353	0.4479602	0.5615192	-0.1557283	0.2916736	0.5063243	-0.1960253	0.4131218	0.1048511	-0.0673927	-0.0897306	0.2524167	-0.3027248	0.4378613	0.1150831	-0.1645739	-0.0664589	0.2341246	-0.2054590	0.3551283	0.0777619	-0.1286515	-0.1317778	0.2959269	-0.2464706	0.5651777	0.0598555	-0.1168069	-0.0695448	0.0839074	-0.2529635	0.5222369	0.0536277	-0.0600524	-0.0918938	0.1251060	-0.3120407	0.4352256	0.8377804	-0.0081228	0.4365098	0.7252411	0.0007966	0.3226490	0.8042990	0.0197478	0.3868221	0.7801498	-0.3208790	0.3457751	0.6761894	-0.3413527	0.2662689	0.7930758	-0.3521171	0.4405587	0.4145380	-0.0322154	0.4656607	0.2808990	-0.0293268	0.3851821	0.2939559	-0.0279000	0.1762393	0.4197396	-0.3283977	0.0850800	0.3186889	-0.3357107	0.0446892	0.3906586	-0.3358371	0.2935810	0.9548249	-0.0766003	0.2919109	0.9349608	-0.2368025	0.2092352	1.1795872	0.0862396	0.3037817	1.2012180	-0.4413773	0.1689860	1.1675886	-0.0074589	0.2817436	1.1791576	-0.3498888	0.1817627	0.9164451	0.0559446	0.4733818	1.0048675	-0.4132207	0.0990491	0.9314427	0.0684331	0.4012459	0.9621679	-0.4227843
283	4.7000000	0.3051200	1.4602179	-0.1601500	0.3178100	1.4502479	-0.0006200	0.1972200	1.1801879	0.0343500	0.1553400	0.8890679	0.0492200	0.3077600	1.4704679	-0.3207200	0.3110200	1.2017279	-0.3845000	0.4582900	1.0048479	-0.4121600	0.3505800	0.9508879	-0.1563500	0.3547600	0.9507779	-0.0520100	0.4430400	0.5374979	-0.0889600	0.4190500	0.1043379	-0.1178100	0.3531300	0.9519779	-0.2610800	0.3448900	0.5452779	-0.2624100	-0.0996800	0.2436179	-0.2377900	0.0102800	0.1169279	-0.2661500	0.0021400	0.1237679	-0.2654100	-0.1521600	0.2325079	-0.2345800	0.5961900	0.0548879	-0.0948800	0.5882900	0.0566079	-0.0953600	0.3612300	0.0546279	-0.1300500	0.2294253	1.5075847	-0.1540730	0.3032577	1.4955792	-0.0189314	0.3078371	1.5054053	-0.2917836	0.4012800	1.0483413	-0.0454421	0.3975723	1.0176425	-0.2900159	0.2235903	1.0264445	-0.1147365	0.2210133	1.0137431	-0.2103918	0.4539520	0.5528020	-0.0398988	0.3304249	0.5127743	-0.3141292	0.4590829	0.5593295	-0.1545350	0.3364006	0.5091262	-0.1938677	0.4158277	0.1019236	-0.0674062	-0.0534461	0.2613731	-0.3012627	0.4408054	0.1119598	-0.1649048	-0.0297033	0.2421727	-0.2028201	0.3572958	0.0748888	-0.1297503	-0.0961778	0.3045897	-0.2436443	0.5685896	0.0568735	-0.1157653	-0.0320809	0.0930847	-0.2519279	0.5250733	0.0502691	-0.0588192	-0.0550971	0.1345873	-0.3117294	0.4552801	0.8343952	-0.0071920	0.4529943	0.7224701	0.0015766	0.3422058	0.8043413	0.0208247	0.4181487	0.7860276	-0.3190125	0.3821983	0.6806087	-0.3396584	0.2962398	0.7931055	-0.3503256	0.4488017	0.4121102	-0.0313782	0.4716080	0.2776336	-0.0288400	0.3912892	0.2920859	-0.0273378	0.2184882	0.4237837	-0.3273355	0.1245703	0.3243776	-0.3348541	0.0848007	0.3974379	-0.3346467	0.3177252	0.9551237	-0.0750449	0.3148264	0.9356685	-0.2344904	0.2383641	1.1794430	0.0879637	0.3222950	1.2024823	-0.4384612	0.1971771	1.1676763	-0.0048092	0.2994176	1.1812975	-0.3466886	0.2170908	0.9159953	0.0586818	0.4861776	1.0003614	-0.4100294	0.1346190	0.9294007	0.0719477	0.4121777	0.9597609	-0.4199588
284	4.7166667	0.3281000	1.4635479	-0.1580700	0.3422700	1.4531179	0.0017000	0.2292000	1.1789779	0.0385100	0.1992800	0.8892879	0.0542200	0.3292000	1.4742279	-0.3189900	0.3289300	1.2043079	-0.3817000	0.4711600	1.0026779	-0.4077100	0.3737000	0.9512279	-0.1547600	0.3768900	0.9497779	-0.0498600	0.4525700	0.5409979	-0.0898400	0.4193500	0.1022179	-0.1184900	0.3772000	0.9538979	-0.2600000	0.3821900	0.5486979	-0.2609500	-0.0601600	0.2459079	-0.2326900	0.0700200	0.1292379	-0.2706000	0.0619900	0.1357979	-0.2694900	-0.1064700	0.2338879	-0.2307600	0.5961700	0.0546779	-0.0952600	0.5881500	0.0563779	-0.0957400	0.3601200	0.0527179	-0.1302800	0.2529356	1.5087164	-0.1511938	0.3282106	1.4971723	-0.0172655	0.3293186	1.5058390	-0.2890692	0.4251232	1.0479344	-0.0444697	0.4195224	1.0188313	-0.2877150	0.2470012	1.0259211	-0.1122083	0.2437076	1.0139447	-0.2073140	0.4640098	0.5504253	-0.0389210	0.3737720	0.5162488	-0.3119827	0.4693267	0.5569264	-0.1531292	0.3802174	0.5130918	-0.1914724	0.4175680	0.0992171	-0.0670445	-0.0142231	0.2667336	-0.2992821	0.4427594	0.1090546	-0.1647879	0.0102079	0.2467852	-0.2000164	0.3584262	0.0720803	-0.1303047	-0.0597981	0.3070586	-0.2399636	0.5710525	0.0543065	-0.1146349	0.0146511	0.1013126	-0.2515678	0.5268309	0.0471996	-0.0572953	-0.0106710	0.1419437	-0.3117551	0.4747492	0.8303835	-0.0061678	0.4687084	0.7193347	0.0025854	0.3611915	0.8041624	0.0220561	0.4483454	0.7920061	-0.3171043	0.4175935	0.6854160	-0.3376740	0.3256150	0.7932930	-0.3483206	0.4560884	0.4097100	-0.0302583	0.4765256	0.2745119	-0.0280878	0.3965584	0.2903262	-0.0264349	0.2610587	0.4277769	-0.3256559	0.1659455	0.3287790	-0.3334609	0.1257154	0.4023940	-0.3328405	0.3414707	0.9548843	-0.0735259	0.3373238	0.9363385	-0.2324819	0.2681404	1.1792549	0.0900490	0.3405106	1.2035620	-0.4355236	0.2263873	1.1675816	-0.0015620	0.3168689	1.1832478	-0.3435068	0.2544025	0.9154708	0.0618910	0.4982368	0.9956644	-0.4070056	0.1720600	0.9270657	0.0757853	0.4223931	0.9573074	-0.4170790
285	4.7333333	0.3499000	1.4665279	-0.1558700	0.3648600	1.4554679	0.0038900	0.2653900	1.1765579	0.0441400	0.2494300	0.8913779	0.0610900	0.3501500	1.4778779	-0.3168400	0.3463300	1.2063279	-0.3793200	0.4836300	1.0001579	-0.4032100	0.3977400	0.9537179	-0.1539000	0.4002300	0.9522379	-0.0487100	0.4633300	0.5467179	-0.0900200	0.4204500	0.1032079	-0.1196800	0.4019700	0.9562779	-0.2594200	0.4220000	0.5555979	-0.2591900	0.0020800	0.2456079	-0.2334500	0.1381100	0.1351879	-0.2747800	0.1303800	0.1412679	-0.2735400	-0.0440700	0.2340279	-0.2331300	0.5941000	0.0543379	-0.0950000	0.5860700	0.0560379	-0.0954900	0.3601100	0.0530379	-0.1311900	0.2772844	1.5119276	-0.1490217	0.3536288	1.5007668	-0.0160955	0.3521203	1.5083288	-0.2869601	0.4495262	1.0493761	-0.0435929	0.4425468	1.0225768	-0.2861175	0.2710760	1.0273975	-0.1102973	0.2672948	1.0164324	-0.2051229	0.4739496	0.5500250	-0.0379251	0.4186272	0.5230422	-0.3103963	0.4795962	0.5564254	-0.1518942	0.4256953	0.5203862	-0.1900307	0.4193164	0.0989396	-0.0669644	0.0314004	0.2699600	-0.2981062	0.4448418	0.1085502	-0.1648103	0.0567034	0.2495221	-0.1985622	0.3597142	0.0715703	-0.1309343	-0.0183775	0.3054921	-0.2370979	0.5733513	0.0542159	-0.1139653	0.0723183	0.1093639	-0.2529347	0.5283342	0.0465821	-0.0561623	0.0435784	0.1482166	-0.3130504	0.4946205	0.8279918	-0.0054321	0.4845897	0.7180046	0.0034771	0.3805292	0.8060672	0.0229494	0.4791135	0.8008405	-0.3160256	0.4539614	0.6932404	-0.3363661	0.3562604	0.7961134	-0.3468745	0.4631847	0.4094944	-0.0292777	0.4812346	0.2737250	-0.0275373	0.4017649	0.2908438	-0.0257810	0.3067879	0.4337186	-0.3244550	0.2122406	0.3337478	-0.3326806	0.1705779	0.4072214	-0.3315481	0.3659368	0.9565450	-0.0726309	0.3608869	0.9393668	-0.2314690	0.3001508	1.1810590	0.0922060	0.3595262	1.2066519	-0.4331291	0.2581043	1.1692806	0.0020303	0.3353144	1.1871883	-0.3409611	0.2959138	0.9172381	0.0652962	0.5108348	0.9931093	-0.4048150	0.2135466	0.9265932	0.0796519	0.4332059	0.9569624	-0.4145333
286	4.7500000	0.3702500	1.4694979	-0.1538900	0.3852900	1.4578079	0.0056200	0.3015900	1.1746379	0.0500800	0.2982800	0.8912179	0.0672400	0.3703100	1.4814579	-0.3146400	0.3631600	1.2086479	-0.3769700	0.4960000	0.9971779	-0.3993100	0.4232600	0.9574379	-0.1540900	0.4251400	0.9566579	-0.0488600	0.4724400	0.5484579	-0.0883300	0.4221700	0.1045279	-0.1201800	0.4280600	0.9593379	-0.2596400	0.4651900	0.5654279	-0.2572000	0.0846100	0.2455679	-0.2393300	0.2067800	0.1344479	-0.2782200	0.1995100	0.1406079	-0.2772000	0.0366400	0.2357979	-0.2397000	0.5925000	0.0547279	-0.0942600	0.5844100	0.0560779	-0.0947300	0.3636400	0.0535679	-0.1318700	0.3028173	1.5163102	-0.1479796	0.3799248	1.5053602	-0.0158730	0.3766179	1.5120675	-0.2860027	0.4749285	1.0519724	-0.0430656	0.4673924	1.0280636	-0.2856214	0.2962018	1.0299372	-0.1094915	0.2922916	1.0201964	-0.2043354	0.4838537	0.5504419	-0.0371001	0.4663338	0.5322630	-0.3103456	0.4899979	0.5566900	-0.1510342	0.4742176	0.5299766	-0.1904971	0.4217017	0.0999257	-0.0674627	0.0854021	0.2699857	-0.2985346	0.4478335	0.1092753	-0.1652223	0.1117670	0.2493956	-0.1993302	0.3620283	0.0721751	-0.1319494	0.0312875	0.2997835	-0.2361513	0.5760341	0.0554012	-0.1138798	0.1402093	0.1152165	-0.2564088	0.5302162	0.0472842	-0.0557246	0.1076746	0.1518001	-0.3159443	0.5151447	0.8261904	-0.0051674	0.5008430	0.7173633	0.0040333	0.4004279	0.8089968	0.0232038	0.5112241	0.8118599	-0.3164652	0.4922105	0.7033713	-0.3365352	0.3890070	0.8007010	-0.3465763	0.4702303	0.4103366	-0.0286498	0.4860729	0.2741856	-0.0273484	0.4071410	0.2924189	-0.0257106	0.3571481	0.4405990	-0.3246240	0.2650168	0.3383293	-0.3333624	0.2211665	0.4108328	-0.3315737	0.3915365	0.9591758	-0.0726661	0.3861673	0.9437460	-0.2318209	0.3344231	1.1837025	0.0940986	0.3794163	1.2106912	-0.4314655	0.2920644	1.1716417	0.0055985	0.3547910	1.1920404	-0.3391811	0.3410773	0.9203805	0.0681686	0.5242720	0.9918478	-0.4037081	0.2587785	0.9271076	0.0830434	0.4450707	0.9577287	-0.4125456
287	4.7666667	0.3895500	1.4723779	-0.1522700	0.4040400	1.4603079	0.0070400	0.3345900	1.1735779	0.0556800	0.3437800	0.8898679	0.0715600	0.3901000	1.4847379	-0.3127800	0.3786700	1.2118879	-0.3741700	0.5078300	0.9938779	-0.3963100	0.4482800	0.9625779	-0.1545500	0.4489600	0.9623479	-0.0491500	0.4774900	0.5439479	-0.0851100	0.4228100	0.1031679	-0.1190300	0.4542800	0.9638979	-0.2602300	0.5078500	0.5761679	-0.2549100	0.1709900	0.2442979	-0.2440800	0.2736400	0.1269479	-0.2802400	0.2673600	0.1333679	-0.2797600	0.1244200	0.2352279	-0.2438900	0.5933900	0.0542379	-0.0935400	0.5848200	0.0551379	-0.0938400	0.3681600	0.0538679	-0.1309800	0.3274680	1.5220903	-0.1472441	0.4051767	1.5110952	-0.0157855	0.4006434	1.5173669	-0.2854996	0.4994077	1.0560629	-0.0422765	0.4921727	1.0353603	-0.2854957	0.3203786	1.0337048	-0.1091780	0.3167036	1.0252794	-0.2042423	0.4916322	0.5518092	-0.0359632	0.5142906	0.5439800	-0.3114615	0.4983387	0.5578884	-0.1500078	0.5231628	0.5419159	-0.1923012	0.4233158	0.1021202	-0.0677456	0.1456889	0.2669016	-0.2996408	0.4502847	0.1112170	-0.1652354	0.1733419	0.2466195	-0.2012143	0.3639984	0.0737973	-0.1325578	0.0879129	0.2906410	-0.2362696	0.5777733	0.0578528	-0.1135541	0.2145977	0.1184407	-0.2605448	0.5312629	0.0493010	-0.0552604	0.1783416	0.1524850	-0.3190989	0.5342506	0.8252412	-0.0047747	0.5154233	0.7175793	0.0047563	0.4188969	0.8130903	0.0234462	0.5425463	0.8250339	-0.3178506	0.5299683	0.7158370	-0.3376967	0.4216060	0.8071841	-0.3468993	0.4753509	0.4123222	-0.0277933	0.4893971	0.2759791	-0.0268349	0.4109494	0.2949926	-0.0255536	0.4095958	0.4484616	-0.3256827	0.3218920	0.3426354	-0.3348167	0.2751300	0.4132445	-0.3322727	0.4162744	0.9630435	-0.0728888	0.4111769	0.9495624	-0.2327104	0.3682844	1.1872410	0.0962347	0.3981229	1.2156961	-0.4297275	0.3255628	1.1748180	0.0095979	0.3730939	1.1978515	-0.3373028	0.3866392	0.9250470	0.0708259	0.5365155	0.9920320	-0.4028551	0.3045025	0.9288667	0.0862737	0.4560857	0.9597709	-0.4103936
288	4.7833333	0.4085100	1.4748779	-0.1506200	0.4221200	1.4625079	0.0087400	0.3648600	1.1736879	0.0608000	0.3872500	0.8888279	0.0745300	0.4099400	1.4875679	-0.3111300	0.3925800	1.2154779	-0.3706800	0.5186800	0.9915879	-0.3936700	0.4707700	0.9685079	-0.1543900	0.4696100	0.9680679	-0.0485800	0.4793100	0.5377679	-0.0818800	0.4230800	0.1007879	-0.1171000	0.4785600	0.9703179	-0.2603800	0.5460500	0.5845379	-0.2519400	0.2434900	0.2397279	-0.2448500	0.3406000	0.1161479	-0.2799600	0.3353800	0.1227379	-0.2802100	0.2009600	0.2279179	-0.2429600	0.5941400	0.0534679	-0.0932000	0.5849400	0.0539379	-0.0931800	0.3738100	0.0545879	-0.1290700	0.3493134	1.5286713	-0.1458925	0.4275803	1.5173499	-0.0148009	0.4222072	1.5236286	-0.2846271	0.5210778	1.0611334	-0.0405910	0.5148153	1.0435995	-0.2848771	0.3416490	1.0381981	-0.1085424	0.3384961	1.0310543	-0.2039221	0.4958840	0.5538263	-0.0342171	0.5586547	0.5570963	-0.3127474	0.5030798	0.5597587	-0.1484633	0.5685469	0.5551939	-0.1941449	0.4229051	0.1050183	-0.0671425	0.2085729	0.2601896	-0.3001473	0.4507280	0.1139262	-0.1642440	0.2377346	0.2408178	-0.2026077	0.3641413	0.0760034	-0.1321009	0.1479183	0.2776649	-0.2360400	0.5774467	0.0609907	-0.1123688	0.2915609	0.1187409	-0.2636782	0.5304123	0.0520761	-0.0541445	0.2517470	0.1499126	-0.3210987	0.5501578	0.8248724	-0.0037328	0.5267190	0.7183255	0.0060517	0.4342872	0.8178378	0.0243269	0.5706847	0.8390346	-0.3191987	0.5642688	0.7293956	-0.3388808	0.4513792	0.8147500	-0.3470634	0.4773268	0.4150665	-0.0263057	0.4900312	0.2786593	-0.0255396	0.4119788	0.2980944	-0.0247109	0.4602209	0.4563602	-0.3266438	0.3791000	0.3458968	-0.3359094	0.3286225	0.4136357	-0.3326117	0.4382118	0.9676710	-0.0724732	0.4338208	0.9561147	-0.2331510	0.3995638	1.1910675	0.0991792	0.4139231	1.2210611	-0.4271345	0.3564836	1.1782746	0.0145922	0.3884159	1.2039911	-0.3345679	0.4300953	0.9306514	0.0737639	0.5459410	0.9930873	-0.4013466	0.3481775	0.9313701	0.0897748	0.4646953	0.9626070	-0.4073234
289	4.8000000	0.4279800	1.4769079	-0.1487200	0.4408300	1.4642479	0.0109200	0.3947900	1.1745279	0.0648700	0.4287500	0.8891379	0.0769500	0.4302000	1.4898579	-0.3094500	0.4057300	1.2184579	-0.3668900	0.5288500	0.9896879	-0.3906600	0.4910900	0.9739279	-0.1537100	0.4884800	0.9726179	-0.0474600	0.4818400	0.5332879	-0.0800500	0.4240200	0.1018479	-0.1163700	0.5003800	0.9764379	-0.2600700	0.5821000	0.5895879	-0.2482700	0.3041800	0.2268179	-0.2430300	0.4101100	0.1055779	-0.2770300	0.4055500	0.1120479	-0.2780900	0.2640600	0.2100379	-0.2396500	0.5934300	0.0517279	-0.0941500	0.5839000	0.0518879	-0.0936400	0.3805000	0.0600079	-0.1281900	0.3689741	1.5347267	-0.1440491	0.4478363	1.5228552	-0.0129504	0.4419049	1.5294568	-0.2835425	0.5403933	1.0659388	-0.0383172	0.5355745	1.0512782	-0.2838344	0.3604905	1.0423158	-0.1076689	0.3580718	1.0363322	-0.2033972	0.4978369	0.5556448	-0.0323940	0.5982412	0.5695795	-0.3137602	0.5054304	0.5614629	-0.1469036	0.6089794	0.5678669	-0.1954176	0.4212634	0.1076847	-0.0660995	0.2729269	0.2488211	-0.2998650	0.4497926	0.1164762	-0.1627837	0.3037219	0.2310971	-0.2030554	0.3630091	0.0780852	-0.1311004	0.2100190	0.2596403	-0.2351457	0.5758704	0.0635883	-0.1107605	0.3702035	0.1158673	-0.2654455	0.5284537	0.0544768	-0.0527816	0.3269949	0.1435833	-0.3218187	0.5635665	0.8242012	-0.0023897	0.5356336	0.7187201	0.0075149	0.4473898	0.8221435	0.0255661	0.5958026	0.8518141	-0.3202629	0.5948015	0.7419867	-0.3397898	0.4782051	0.8218396	-0.3470466	0.4774009	0.4176459	-0.0246888	0.4890797	0.2812278	-0.0240053	0.4113333	0.3008330	-0.0235883	0.5077483	0.4625243	-0.3272111	0.4354447	0.3466478	-0.3363570	0.3804603	0.4104615	-0.3324119	0.4578157	0.9719003	-0.0715803	0.4544118	0.9620813	-0.2331457	0.4288183	1.1940719	0.1025406	0.4275507	1.2256394	-0.4239067	0.3853804	1.1809067	0.0201659	0.4015099	1.2092758	-0.3312661	0.4715501	0.9360673	0.0765171	0.5533829	0.9938291	-0.3992367	0.3899883	0.9335688	0.0931032	0.4717355	0.9651233	-0.4035888
290	4.8166667	0.4485500	1.4785179	-0.1467000	0.4610900	1.4658279	0.0131500	0.4251700	1.1749479	0.0672300	0.4684400	0.8912279	0.0793100	0.4510900	1.4914979	-0.3076400	0.4198300	1.2199979	-0.3635400	0.5388500	0.9870079	-0.3874500	0.5112800	0.9780079	-0.1530900	0.5080500	0.9758779	-0.0463300	0.4878300	0.5314579	-0.0789000	0.4253300	0.1068679	-0.1176100	0.5212200	0.9813079	-0.2599500	0.6196400	0.5934579	-0.2445500	0.3621200	0.2079679	-0.2419400	0.4836700	0.0957379	-0.2721100	0.4792000	0.1010079	-0.2739600	0.3205500	0.1854479	-0.2378400	0.5907900	0.0498679	-0.0964300	0.5814900	0.0500179	-0.0952300	0.3867600	0.0696879	-0.1297200	0.3886983	1.5393918	-0.1423498	0.4682359	1.5268505	-0.0108541	0.4619531	1.5339379	-0.2828577	0.5594331	1.0696632	-0.0360957	0.5564700	1.0574753	-0.2828986	0.3790652	1.0454398	-0.1070931	0.3775725	1.0404599	-0.2032123	0.5001351	0.5567946	-0.0312576	0.6345068	0.5799611	-0.3143375	0.5081342	0.5625316	-0.1460540	0.6456868	0.5785184	-0.1959694	0.4202148	0.1096745	-0.0655384	0.3397680	0.2330001	-0.2993335	0.4492934	0.1183901	-0.1618604	0.3720885	0.2176858	-0.2029337	0.3623001	0.0797983	-0.1306012	0.2751802	0.2367449	-0.2341253	0.5748265	0.0649679	-0.1095328	0.4512027	0.1105149	-0.2662619	0.5270952	0.0559133	-0.0519559	0.4049311	0.1340817	-0.3218708	0.5767044	0.8226985	-0.0013780	0.5445405	0.7182718	0.0084959	0.4604595	0.8253546	0.0264857	0.6200619	0.8620813	-0.3211484	0.6235257	0.7522345	-0.3404517	0.5040666	0.8274109	-0.3471651	0.4780519	0.4195410	-0.0237137	0.4887660	0.2830934	-0.0230772	0.4112477	0.3028045	-0.0230120	0.5534322	0.4659387	-0.3274686	0.4919953	0.3443701	-0.3364084	0.4319682	0.4031913	-0.3320179	0.4771670	0.9749831	-0.0708203	0.4750001	0.9666511	-0.2332326	0.4580439	1.1956946	0.1055425	0.4412345	1.2286958	-0.4206630	0.4142674	1.1821164	0.0254179	0.4146628	1.2129776	-0.3280633	0.5125037	0.9406669	0.0783340	0.5610588	0.9934950	-0.3970737	0.4315398	0.9349204	0.0955172	0.4793390	0.9665826	-0.3998988
291	4.8333333	0.4695500	1.4795179	-0.1447200	0.4826300	1.4670879	0.0151700	0.4546500	1.1742279	0.0682800	0.5084000	0.8949179	0.0818100	0.4715100	1.4922879	-0.3057800	0.4357800	1.2206379	-0.3610400	0.5487300	0.9824179	-0.3847400	0.5319900	0.9805879	-0.1527800	0.5286600	0.9778179	-0.0454100	0.4970600	0.5318879	-0.0768200	0.4272700	0.1127579	-0.1190900	0.5420600	0.9846479	-0.2602300	0.6570500	0.5963379	-0.2416100	0.4267000	0.1843979	-0.2420600	0.5622600	0.0887579	-0.2663700	0.5565400	0.0924279	-0.2689600	0.3833400	0.1544679	-0.2372700	0.5863900	0.0490179	-0.0985700	0.5777000	0.0498779	-0.0966000	0.3921700	0.0790979	-0.1317900	0.4092540	1.5424473	-0.1410050	0.4896091	1.5291933	-0.0088660	0.4829814	1.5368508	-0.2827328	0.5789488	1.0720660	-0.0342108	0.5780568	1.0619628	-0.2822849	0.3981710	1.0473666	-0.1069377	0.3977026	1.0432294	-0.2034954	0.5036759	0.5572744	-0.0309786	0.6682662	0.5878117	-0.3142268	0.5122269	0.5629382	-0.1460351	0.6794314	0.5867365	-0.1956718	0.4199474	0.1110088	-0.0658114	0.4095501	0.2140157	-0.2987649	0.4495734	0.1196250	-0.1618700	0.4431048	0.2017859	-0.2024165	0.3623059	0.0812082	-0.1310975	0.3440756	0.2103038	-0.2331994	0.5744123	0.0651311	-0.1088420	0.5343382	0.1041774	-0.2663716	0.5263668	0.0564031	-0.0518615	0.4855641	0.1229104	-0.3215303	0.5902922	0.8203187	-0.0008173	0.5542115	0.7169889	0.0088778	0.4742161	0.8274083	0.0268433	0.6442767	0.8695899	-0.3217953	0.6512999	0.7598104	-0.3407404	0.5296747	0.8311833	-0.3474088	0.4799463	0.4207060	-0.0235530	0.4895474	0.2841504	-0.0229555	0.4121840	0.3040993	-0.0232900	0.5979502	0.4666769	-0.3273099	0.5491789	0.3396490	-0.3360935	0.4839340	0.3924274	-0.3314837	0.4969830	0.9767607	-0.0704278	0.4962018	0.9696674	-0.2336208	0.4876526	1.1960044	0.1079394	0.4557392	1.2300945	-0.4176850	0.4436403	1.1819262	0.0299164	0.4286843	1.2149993	-0.3252391	0.5533320	0.9444718	0.0790877	0.5696687	0.9919030	-0.3951442	0.4731650	0.9354736	0.0968467	0.4880914	0.9668084	-0.3966099
292	4.8500000	0.4901200	1.4795479	-0.1429100	0.5048600	1.4673479	0.0171200	0.4828000	1.1718179	0.0692200	0.5502200	0.8988479	0.0844300	0.4903500	1.4921579	-0.3042600	0.4528400	1.2190079	-0.3592500	0.5571900	0.9761779	-0.3831400	0.5527100	0.9819779	-0.1528500	0.5496500	0.9787079	-0.0452300	0.5081100	0.5318679	-0.0742000	0.4309600	0.1151679	-0.1190100	0.5625000	0.9865579	-0.2605600	0.6905000	0.5965979	-0.2395800	0.4980100	0.1618079	-0.2419300	0.6459300	0.0856379	-0.2613200	0.6381600	0.0873979	-0.2643100	0.4541700	0.1282479	-0.2362800	0.5826500	0.0481579	-0.0992600	0.5745500	0.0502779	-0.0967200	0.3989900	0.0830979	-0.1313200	0.4302036	1.5440814	-0.1399582	0.5115780	1.5300948	-0.0072299	0.5042630	1.5384323	-0.2829507	0.5986339	1.0733088	-0.0327725	0.5996731	1.0649698	-0.2820243	0.4175112	1.0483352	-0.1070551	0.4180022	1.0449006	-0.2040692	0.5081178	0.5573563	-0.0314241	0.6995017	0.5934697	-0.3133841	0.5173975	0.5629305	-0.1466862	0.7103022	0.5928577	-0.1946208	0.4199629	0.1119761	-0.0668369	0.4816758	0.1942810	-0.2981963	0.4502486	0.1204471	-0.1627474	0.5160398	0.1856151	-0.2015779	0.3626672	0.0825158	-0.1325286	0.4163992	0.1830023	-0.2323972	0.5740509	0.0645882	-0.1086076	0.6182058	0.0989093	-0.2658821	0.5256859	0.0563682	-0.0523876	0.5677168	0.1123254	-0.3208622	0.6039613	0.8173739	-0.0006308	0.5642774	0.7152006	0.0087725	0.4882567	0.8286217	0.0266515	0.6680358	0.8748200	-0.3221580	0.6778694	0.7651374	-0.3406020	0.5545702	0.8334601	-0.3476812	0.4826421	0.4213780	-0.0240651	0.4909407	0.2846247	-0.0234753	0.4136645	0.3050475	-0.0243438	0.6411287	0.4657021	-0.3267101	0.6064499	0.3340294	-0.3354410	0.5362198	0.3798273	-0.3308204	0.5168639	0.9775207	-0.0704438	0.5174226	0.9714645	-0.2343072	0.5170224	1.1953772	0.1098397	0.4705246	1.2301114	-0.4150937	0.4729229	1.1806572	0.0336199	0.4431404	1.2156200	-0.3228749	0.5937324	0.9478930	0.0790173	0.5786241	0.9892439	-0.3936527	0.5144651	0.9355970	0.0972716	0.4973280	0.9659898	-0.3938457
293	4.8666667	0.5108500	1.4785379	-0.1414300	0.5275900	1.4663079	0.0189500	0.5112000	1.1685279	0.0707900	0.5931800	0.9024379	0.0870300	0.5090400	1.4911279	-0.3032900	0.4705800	1.2157879	-0.3577300	0.5632100	0.9693479	-0.3828700	0.5730200	0.9814879	-0.1532900	0.5704400	0.9779479	-0.0460300	0.5185400	0.5291979	-0.0729800	0.4348200	0.1121979	-0.1180900	0.5822500	0.9862979	-0.2606700	0.7186100	0.5938679	-0.2379700	0.5697900	0.1445179	-0.2416400	0.7298600	0.0835979	-0.2601400	0.7206600	0.0839279	-0.2627800	0.5266200	0.1082479	-0.2346800	0.5816600	0.0471079	-0.0973400	0.5739300	0.0504379	-0.0947600	0.4063300	0.0802279	-0.1286700	0.4510319	1.5435939	-0.1390694	0.5335782	1.5288658	-0.0060358	0.5250933	1.5380644	-0.2831520	0.6182427	1.0725450	-0.0318102	0.6207603	1.0657166	-0.2820731	0.4368652	1.0475813	-0.1072884	0.4381003	1.0447366	-0.2047291	0.5132318	0.5561670	-0.0323510	0.7279494	0.5962433	-0.3120987	0.5233690	0.5616054	-0.1477505	0.7382330	0.5961149	-0.1931905	0.4200213	0.1117798	-0.0682510	0.5549117	0.1751915	-0.2978398	0.4510742	0.1200446	-0.1640775	0.5896384	0.1703059	-0.2007698	0.3631783	0.0827026	-0.1344517	0.4910747	0.1565903	-0.2318936	0.5734912	0.0629186	-0.1085562	0.7011226	0.0954169	-0.2652527	0.5248248	0.0552487	-0.0531903	0.6497764	0.1033247	-0.3202145	0.6175138	0.8131188	-0.0007044	0.5745133	0.7121270	0.0083526	0.5023067	0.8282526	0.0260236	0.6908563	0.8772267	-0.3223260	0.7028203	0.7676299	-0.3401882	0.5782167	0.8336098	-0.3479834	0.4858756	0.4206846	-0.0250110	0.4926609	0.2836727	-0.0243329	0.4154670	0.3048715	-0.0258700	0.6824318	0.4629563	-0.3259239	0.6627935	0.3279869	-0.3347517	0.5881744	0.3660781	-0.3302236	0.5365004	0.9765532	-0.0708416	0.5381645	0.9713815	-0.2352231	0.5459143	1.1932171	0.1114021	0.4851271	1.2282321	-0.4129089	0.5018308	1.1776895	0.0366692	0.4576634	1.2142903	-0.3210078	0.6335814	0.9503668	0.0783134	0.5872893	0.9848161	-0.3926888	0.5553496	0.9346959	0.0970409	0.5064074	0.9635066	-0.3916736
294	4.8833333	0.5326600	1.4767679	-0.1404600	0.5507500	1.4645479	0.0201600	0.5409700	1.1655679	0.0729300	0.6357600	0.9062379	0.0894700	0.5294400	1.4893879	-0.3027000	0.4898200	1.2130679	-0.3562900	0.5678000	0.9632479	-0.3834600	0.5929900	0.9774279	-0.1535400	0.5904100	0.9738579	-0.0469200	0.5258400	0.5238079	-0.0741900	0.4389100	0.1052579	-0.1174100	0.6021400	0.9821579	-0.2602600	0.7423400	0.5879179	-0.2367200	0.6386100	0.1364479	-0.2425800	0.8069100	0.0835979	-0.2649100	0.7977600	0.0832779	-0.2664400	0.5956500	0.0974479	-0.2342100	0.5852400	0.0472679	-0.0923000	0.5778900	0.0513579	-0.0902500	0.4126000	0.0723679	-0.1256100	0.4715819	1.5395264	-0.1378322	0.5552777	1.5240682	-0.0048475	0.5453076	1.5343487	-0.2826150	0.6378353	1.0680227	-0.0307298	0.6412352	1.0625117	-0.2818918	0.4563340	1.0431922	-0.1070474	0.4580302	1.0408653	-0.2048896	0.5193004	0.5518733	-0.0329645	0.7538228	0.5945553	-0.3104547	0.5303205	0.5570946	-0.1484323	0.7636296	0.5948049	-0.1915421	0.4204375	0.1087689	-0.0691738	0.6274961	0.1571416	-0.2977755	0.4522789	0.1167551	-0.1648599	0.6621944	0.1559304	-0.2003529	0.3640998	0.0798035	-0.1358728	0.5663105	0.1317928	-0.2317974	0.5731412	0.0590043	-0.1078651	0.7810931	0.0932834	-0.2649523	0.5242025	0.0517551	-0.0533855	0.7296940	0.0958129	-0.3198809	0.6312583	0.8057906	-0.0004104	0.5852030	0.7059837	0.0083100	0.5165791	0.8245388	0.0256318	0.7127069	0.8752964	-0.3219931	0.7261997	0.7657779	-0.3393171	0.6006235	0.8300615	-0.3479155	0.4899136	0.4168482	-0.0256598	0.4949491	0.2795970	-0.0247498	0.4179537	0.3018830	-0.0270390	0.7215114	0.4574359	-0.3249845	0.7170907	0.3209337	-0.3341637	0.6390341	0.3509815	-0.3296582	0.5560260	0.9721030	-0.0710345	0.5584640	0.9677139	-0.2358268	0.5746154	1.1881953	0.1131214	0.4997110	1.2232146	-0.4106971	0.5306188	1.1716813	0.0396315	0.4724669	1.2097358	-0.3193053	0.6730460	0.9505424	0.0774094	0.5956521	0.9772594	-0.3917460	0.5961662	0.9314499	0.0967742	0.5153247	0.9581218	-0.3898026
295	4.9000000	0.5552900	1.4745579	-0.1399900	0.5744300	1.4625579	0.0206200	0.5713000	1.1635979	0.0751000	0.6771500	0.9104479	0.0913100	0.5509400	1.4869379	-0.3023400	0.5105600	1.2101479	-0.3552000	0.5729500	0.9573079	-0.3838800	0.6128900	0.9713979	-0.1532300	0.6095100	0.9675979	-0.0471300	0.5303100	0.5146479	-0.0775800	0.4475800	0.0963579	-0.1173700	0.6227900	0.9764879	-0.2593900	0.7629900	0.5810279	-0.2357800	0.7051500	0.1337879	-0.2443200	0.8771700	0.0879479	-0.2725000	0.8687000	0.0875779	-0.2727900	0.6640000	0.0917579	-0.2352600	0.5935600	0.0439979	-0.0877700	0.5865300	0.0490479	-0.0863200	0.4201800	0.0631279	-0.1229000	0.4922534	1.5336193	-0.1359932	0.5769242	1.5174173	-0.0033145	0.5654143	1.5289919	-0.2810297	0.6575243	1.0613284	-0.0291885	0.6613001	1.0569846	-0.2811335	0.4760188	1.0366581	-0.1060673	0.4779352	1.0347949	-0.2042732	0.5265621	0.5458548	-0.0327511	0.7775858	0.5899917	-0.3086762	0.5384001	0.5507525	-0.1482541	0.7870418	0.5904382	-0.1898472	0.4220633	0.1042913	-0.0691790	0.6981930	0.1424134	-0.2981001	0.4545685	0.1119626	-0.1645928	0.7325898	0.1445819	-0.2005722	0.3662250	0.0750310	-0.1362796	0.6406224	0.1108204	-0.2322109	0.5739363	0.0544780	-0.1062861	0.8572273	0.0946085	-0.2652606	0.5247857	0.0474234	-0.0526615	0.8063871	0.0919545	-0.3200603	0.6455223	0.7968623	0.0006045	0.5966363	0.6982123	0.0090485	0.5313682	0.8190047	0.0259055	0.7338831	0.8707375	-0.3210496	0.7483675	0.7612542	-0.3380133	0.6220825	0.8244474	-0.3473594	0.4951754	0.4112591	-0.0256019	0.4983988	0.2738543	-0.0243869	0.4217826	0.2974134	-0.0273781	0.7583605	0.4509126	-0.3240360	0.7687907	0.3146984	-0.3338298	0.6883131	0.3366817	-0.3291848	0.5756958	0.9657321	-0.0706650	0.5785903	0.9620516	-0.2357668	0.6033090	1.1821743	0.1152360	0.5147635	1.2167837	-0.4082795	0.5595429	1.1644824	0.0427375	0.4880212	1.2036945	-0.3175686	0.7122488	0.9501658	0.0765757	0.6041459	0.9683657	-0.3905085	0.6370551	0.9276976	0.0968473	0.5245108	0.9516417	-0.3881428
296	4.9166667	0.5782600	1.4717979	-0.1396600	0.5988600	1.4601179	0.0210000	0.6008500	1.1630579	0.0767200	0.7173300	0.9148279	0.0922700	0.5723400	1.4838579	-0.3022000	0.5318000	1.2067379	-0.3549800	0.5793000	0.9510579	-0.3838100	0.6330900	0.9656179	-0.1529200	0.6286500	0.9615379	-0.0472200	0.5333400	0.5055979	-0.0816300	0.4569900	0.0871879	-0.1197500	0.6440300	0.9711479	-0.2586300	0.7829600	0.5754679	-0.2344800	0.7684000	0.1351979	-0.2444100	0.9435700	0.0979779	-0.2781600	0.9357100	0.0976679	-0.2775600	0.7311400	0.0919579	-0.2358900	0.5967400	0.0336579	-0.0900300	0.5890000	0.0404379	-0.0888400	0.4241800	0.0552179	-0.1232200	0.5136603	1.5279461	-0.1342269	0.5990254	1.5109806	-0.0018278	0.5862296	1.5239498	-0.2792125	0.6773586	1.0547563	-0.0276858	0.6816487	1.0514723	-0.2804043	0.4959228	1.0304022	-0.1052016	0.4981093	1.0289724	-0.2037714	0.5347825	0.5402922	-0.0324287	0.8002298	0.5848788	-0.3071737	0.5473356	0.5447743	-0.1479231	0.8092631	0.5853902	-0.1884550	0.4249138	0.1003708	-0.0691843	0.7662698	0.1329546	-0.2989979	0.4578333	0.1077021	-0.1641796	0.8000829	0.1381454	-0.2015526	0.3694988	0.0706781	-0.1364654	0.7127852	0.0954062	-0.2333434	0.5758104	0.0508553	-0.1051011	0.9292541	0.1013466	-0.2661305	0.5265646	0.0438901	-0.0522104	0.8794249	0.0936744	-0.3208116	0.6602763	0.7884623	0.0016123	0.6087108	0.6909552	0.0098121	0.5467333	0.8138678	0.0261746	0.7550926	0.8659102	-0.3199982	0.7701594	0.7564025	-0.3367513	0.6434338	0.8189877	-0.3469460	0.5015425	0.4060801	-0.0256109	0.5029573	0.2685857	-0.0241596	0.4269166	0.2935200	-0.0276629	0.7935397	0.4455538	-0.3234239	0.8180419	0.3112035	-0.3339795	0.7360099	0.3253903	-0.3291348	0.5956489	0.9596673	-0.0703231	0.5990589	0.9566462	-0.2357059	0.6320165	1.1773367	0.1171688	0.5307175	1.2110287	-0.4062213	0.5887215	1.1583471	0.0453448	0.5046765	1.1983082	-0.3162372	0.7511533	0.9512318	0.0754174	0.6132185	0.9603261	-0.3895142	0.6778227	0.9255575	0.0967757	0.5344034	0.9461806	-0.3872017
297	4.9333333	0.6013700	1.4689579	-0.1391400	0.6234900	1.4574979	0.0216700	0.6293500	1.1641979	0.0773700	0.7563700	0.9191079	0.0930300	0.5938700	1.4808279	-0.3019700	0.5531100	1.2042079	-0.3556000	0.5863700	0.9446979	-0.3837600	0.6529200	0.9617479	-0.1532000	0.6480600	0.9572079	-0.0480200	0.5370200	0.5005279	-0.0841100	0.4492500	0.0862979	-0.1243200	0.6643700	0.9675379	-0.2583400	0.8034900	0.5725979	-0.2327100	0.8296900	0.1384179	-0.2417400	1.0068100	0.1115379	-0.2806100	0.9994000	0.1113279	-0.2794200	0.7979800	0.0940279	-0.2343400	0.5751100	0.0320379	-0.0986400	0.5644500	0.0396979	-0.0983300	0.4080400	0.0533479	-0.1284800	0.5348638	1.5239555	-0.1332089	0.6205671	1.5062628	-0.0007251	0.6071207	1.5205677	-0.2782114	0.6964401	1.0499843	-0.0266916	0.7019811	1.0478017	-0.2803588	0.5150344	1.0262574	-0.1053177	0.5178057	1.0253018	-0.2043295	0.5420960	0.5370336	-0.0329022	0.8216795	0.5811405	-0.3058641	0.5553107	0.5409889	-0.1481753	0.8299658	0.5816875	-0.1873644	0.4253011	0.0992219	-0.0701045	0.8303290	0.1296938	-0.2999146	0.4583749	0.1060177	-0.1644791	0.8631979	0.1375365	-0.2027880	0.3701465	0.0692402	-0.1372766	0.7809959	0.0863304	-0.2347628	0.5747586	0.0495438	-0.1052660	0.9959939	0.1142501	-0.2668493	0.5255455	0.0428240	-0.0530371	0.9475353	0.1017571	-0.3214564	0.6741046	0.7821150	0.0018171	0.6198461	0.6858539	0.0097224	0.5614884	0.8108792	0.0256203	0.7758587	0.8626798	-0.3191479	0.7912764	0.7530903	-0.3356526	0.6645262	0.8153524	-0.3470448	0.5066650	0.4032816	-0.0265487	0.5056577	0.2657262	-0.0249875	0.4305217	0.2923757	-0.0287595	0.8266572	0.4429103	-0.3229289	0.8641617	0.3116094	-0.3341886	0.7813037	0.3185108	-0.3292273	0.6149868	0.9555532	-0.0705807	0.6193279	0.9532200	-0.2363927	0.6598570	1.1750493	0.1184564	0.5470616	1.2074260	-0.4049797	0.6173144	1.1547556	0.0469710	0.5217720	1.1950811	-0.3156792	0.7887200	0.9548198	0.0737394	0.6223610	0.9546047	-0.3892612	0.7172568	0.9262282	0.0962217	0.5444676	0.9431046	-0.3873511
298	4.9500000	0.6244900	1.4664879	-0.1385300	0.6472800	1.4550279	0.0221400	0.6576200	1.1663679	0.0770700	0.7937300	0.9231279	0.0946600	0.6161900	1.4784079	-0.3012900	0.5726700	1.2031079	-0.3558700	0.5909800	0.9370479	-0.3833200	0.6718700	0.9590179	-0.1538900	0.6670300	0.9545679	-0.0494100	0.5439000	0.4979079	-0.0845600	0.4328500	0.0858479	-0.1291600	0.6833700	0.9647479	-0.2583200	0.8236600	0.5696779	-0.2314200	0.8896900	0.1406779	-0.2378000	1.0663000	0.1264579	-0.2800900	1.0590400	0.1262079	-0.2785200	0.8630600	0.0955579	-0.2312700	0.5422300	0.0244879	-0.1116800	0.5292300	0.0295079	-0.1132000	0.3849100	0.0525879	-0.1356100	0.5555029	1.5207816	-0.1329269	0.6411782	1.5024883	-0.0001358	0.6276365	1.5178157	-0.2780381	0.7146306	1.0463012	-0.0262146	0.7217350	1.0453056	-0.2808200	0.5330402	1.0237582	-0.1061662	0.5365568	1.0233148	-0.2056056	0.5478643	0.5353999	-0.0341382	0.8417912	0.5781845	-0.3043359	0.5614634	0.5388357	-0.1489490	0.8489527	0.5788272	-0.1861713	0.4215415	0.1002601	-0.0718536	0.8888055	0.1302166	-0.2998988	0.4544405	0.1062758	-0.1655497	0.9203828	0.1403336	-0.2031607	0.3663874	0.0706005	-0.1385204	0.8433922	0.0811748	-0.2354076	0.5688120	0.0490219	-0.1071388	1.0559612	0.1303505	-0.2662565	0.5198531	0.0429535	-0.0553529	1.0091727	0.1133497	-0.3209101	0.6865421	0.7770475	0.0011104	0.6295698	0.6821552	0.0087315	0.5753575	0.8092526	0.0243785	0.7955991	0.8603797	-0.3182150	0.8113046	0.7506441	-0.3343257	0.6849405	0.8127594	-0.3473008	0.5096209	0.4022270	-0.0282543	0.5053193	0.2646106	-0.0268008	0.4313583	0.2933865	-0.0304800	0.8572914	0.4418037	-0.3220255	0.9064280	0.3141361	-0.3336806	0.8231955	0.3144669	-0.3288389	0.6333047	0.9526542	-0.0712596	0.6387440	0.9510592	-0.2375675	0.6862982	1.1743371	0.1194116	0.5631935	1.2051267	-0.4041587	0.6447763	1.1527784	0.0479112	0.5386480	1.1931595	-0.3154675	0.8241905	0.9596504	0.0720811	0.6307884	0.9502535	-0.3893517	0.7545652	0.9284890	0.0956535	0.5538071	0.9414387	-0.3880693
299	4.9666667	0.6477100	1.4641379	-0.1382300	0.6705000	1.4527079	0.0219000	0.6863200	1.1688679	0.0762000	0.8289800	0.9264279	0.0972600	0.6392500	1.4760779	-0.3004700	0.5871100	1.2035179	-0.3542700	0.5864300	0.9272979	-0.3804000	0.6910700	0.9568479	-0.1546300	0.6859100	0.9528679	-0.0506200	0.5540900	0.4949579	-0.0847000	0.4224100	0.0937579	-0.1294800	0.7029700	0.9622179	-0.2585700	0.8427700	0.5635779	-0.2315300	0.9459500	0.1416179	-0.2340500	1.1204900	0.1410579	-0.2758000	1.1129000	0.1404179	-0.2741200	0.9226800	0.0955079	-0.2285400	0.5239700	0.0247279	-0.1186600	0.5083400	0.0284079	-0.1218700	0.3726500	0.0617879	-0.1377500	0.5765554	1.5181001	-0.1330518	0.6618204	1.4993998	-0.0000202	0.6487036	1.5153284	-0.2780897	0.7333685	1.0432670	-0.0259430	0.7418715	1.0434174	-0.2814069	0.5513460	1.0224585	-0.1071745	0.5555644	1.0225356	-0.2069622	0.5546470	0.5344966	-0.0354197	0.8617002	0.5753768	-0.3025804	0.5682727	0.5375907	-0.1497514	0.8674731	0.5762771	-0.1847993	0.4162499	0.1029522	-0.0734594	0.9409796	0.1327832	-0.2983200	0.4487239	0.1079934	-0.1664868	0.9710556	0.1447890	-0.2020520	0.3607802	0.0742278	-0.1392850	0.8989680	0.0788242	-0.2345949	0.5606411	0.0488181	-0.1095559	1.1083869	0.1465025	-0.2636790	0.5121026	0.0437595	-0.0579585	1.0634721	0.1256586	-0.3184296	0.6996016	0.7727927	0.0000186	0.6401217	0.6792160	0.0075225	0.5900396	0.8081667	0.0231292	0.8153189	0.8583830	-0.3170155	0.8312843	0.7483789	-0.3326396	0.7056376	0.8105026	-0.3474060	0.5129337	0.4021801	-0.0299712	0.5045259	0.2646518	-0.0287133	0.4319706	0.2958103	-0.0319852	0.8860919	0.4411912	-0.3204618	0.9449609	0.3173245	-0.3320231	0.8616852	0.3121105	-0.3275460	0.6518781	0.9504338	-0.0719922	0.6582974	0.9495521	-0.2387821	0.7122786	1.1745086	0.1205765	0.5793407	1.2035160	-0.4029604	0.6720743	1.1517006	0.0485563	0.5555731	1.1919643	-0.3147525	0.8584056	0.9647907	0.0711873	0.6379759	0.9465823	-0.3889385	0.7905214	0.9313882	0.0957222	0.5616970	0.9406314	-0.3881901
300	4.9833333	0.6712200	1.4614679	-0.1384300	0.6940300	1.4503279	0.0212200	0.7149800	1.1712779	0.0754200	0.8623000	0.9290679	0.0999300	0.6625800	1.4731679	-0.3002000	0.5977500	1.2029579	-0.3512900	0.5724700	0.9146379	-0.3744400	0.7120800	0.9548579	-0.1550700	0.7060700	0.9508879	-0.0510100	0.5656600	0.4912379	-0.0860000	0.4235100	0.1012579	-0.1263900	0.7249300	0.9602179	-0.2590300	0.8624100	0.5558279	-0.2327000	0.9947700	0.1424179	-0.2302900	1.1664100	0.1522679	-0.2675900	1.1581900	0.1511179	-0.2660800	0.9724000	0.0937479	-0.2263800	0.5320000	0.0331079	-0.1152300	0.5149400	0.0345079	-0.1194600	0.3734900	0.0690379	-0.1353300	0.5992851	1.5158906	-0.1330934	0.6838448	1.4969541	0.0000220	0.6716847	1.5131647	-0.2776889	0.7542905	1.0406128	-0.0254738	0.7638845	1.0417337	-0.2817070	0.5716402	1.0218272	-0.1078325	0.5764023	1.0223703	-0.2078727	0.5651887	0.5335368	-0.0361392	0.8834943	0.5724556	-0.3004581	0.5786481	0.5364896	-0.1502892	0.8878415	0.5737971	-0.1828857	0.4136433	0.1064740	-0.0743213	0.9862869	0.1354155	-0.2948939	0.4457142	0.1104531	-0.1668365	1.0148581	0.1488933	-0.1990398	0.3576492	0.0788716	-0.1393379	0.9467227	0.0780215	-0.2319277	0.5550607	0.0489735	-0.1113099	1.1529816	0.1590074	-0.2588045	0.5069267	0.0450288	-0.0597479	1.1098574	0.1353663	-0.3136640	0.7156100	0.7690579	-0.0006856	0.6539803	0.6765770	0.0068803	0.6072701	0.8070556	0.0225365	0.8368704	0.8564265	-0.3155539	0.8531700	0.7459989	-0.3306351	0.7281292	0.8081680	-0.3471981	0.5196768	0.4023845	-0.0311141	0.5068650	0.2651946	-0.0300201	0.4357737	0.2987098	-0.0327973	0.9144684	0.4402207	-0.3179750	0.9803822	0.3196723	-0.3289462	0.8972134	0.3103743	-0.3250477	0.6723067	0.9485039	-0.0724212	0.6795082	0.9482302	-0.2396443	0.7389195	1.1751009	0.1224749	0.5961455	1.2019847	-0.4007236	0.7003354	1.1510084	0.0493577	0.5731782	1.1909086	-0.3128486	0.8924426	0.9695554	0.0717412	0.6436941	0.9430799	-0.3871465	0.8260656	0.9342721	0.0969922	0.5678613	0.9403368	-0.3864700
301	5.0000000	0.6950600	1.4582979	-0.1389600	0.7179200	1.4476279	0.0205800	0.7424600	1.1731979	0.0755200	0.8939600	0.9315579	0.1020200	0.6863000	1.4694879	-0.3006500	0.6112200	1.2005379	-0.3494700	0.5611600	0.9034379	-0.3690100	0.7351300	0.9521379	-0.1550900	0.7279200	0.9483979	-0.0506800	0.5778900	0.4904779	-0.0873700	0.4302300	0.1069279	-0.1228400	0.7492100	0.9572179	-0.2593300	0.8849100	0.5510479	-0.2334800	1.0325700	0.1426879	-0.2258600	1.2006700	0.1566179	-0.2578700	1.1918900	0.1551079	-0.2566100	1.0079600	0.0915679	-0.2233400	0.5510500	0.0403279	-0.1075800	0.5346500	0.0427179	-0.1112700	0.3801500	0.0739279	-0.1317400	0.6235090	1.5134179	-0.1330187	0.7072428	1.4944707	0.0000654	0.6963622	1.5107024	-0.2768494	0.7773783	1.0374467	-0.0247032	0.7880611	1.0393588	-0.2814238	0.5942062	1.0204799	-0.1080575	0.5994318	1.0214141	-0.2081966	0.5797815	0.5316808	-0.0362298	0.9079800	0.5689509	-0.2976315	0.5930765	0.5345404	-0.1504514	0.9109228	0.5707942	-0.1800673	0.4151264	0.1099048	-0.0743076	1.0232973	0.1357964	-0.2898772	0.4469871	0.1127103	-0.1665146	1.0504119	0.1502248	-0.1942691	0.3585630	0.0832994	-0.1387496	0.9848531	0.0770008	-0.2276635	0.5538404	0.0490769	-0.1118289	1.1885477	0.1640489	-0.2519235	0.5060400	0.0462493	-0.0602995	1.1468729	0.1389976	-0.3068964	0.7348199	0.7650116	-0.0007087	0.6713839	0.6734453	0.0069770	0.6270973	0.8050870	0.0225979	0.8608550	0.8537872	-0.3137137	0.8776584	0.7429067	-0.3282025	0.7528907	0.8050483	-0.3464818	0.5304465	0.4019887	-0.0315355	0.5132683	0.2653948	-0.0304974	0.4435819	0.3011528	-0.0328907	0.9426349	0.4378318	-0.3143737	1.0122496	0.3194131	-0.3244074	0.9292481	0.3079125	-0.3213509	0.6947658	0.9458609	-0.0724938	0.7027452	0.9460864	-0.2400000	0.7660623	1.1750678	0.1250998	0.6140332	1.1994799	-0.3976068	0.7293272	1.1497418	0.0505401	0.5917793	1.1889125	-0.3100432	0.9260421	0.9728078	0.0739202	0.6485421	0.9389851	-0.3839633	0.8608884	0.9361790	0.0996027	0.5731392	0.9397116	-0.3828506
302	5.0166667	0.7193000	1.4548779	-0.1397700	0.7420000	1.4445779	0.0199000	0.7686900	1.1731379	0.0765200	0.9244900	0.9341279	0.1034100	0.7106800	1.4656779	-0.3016000	0.6311300	1.1966379	-0.3500600	0.5644100	0.8978479	-0.3677900	0.7598900	0.9469879	-0.1553000	0.7515600	0.9431879	-0.0506300	0.5929500	0.4885579	-0.0879200	0.4370200	0.1125279	-0.1201500	0.7750600	0.9521379	-0.2597300	0.9105200	0.5511379	-0.2327900	1.0578500	0.1400479	-0.2207400	1.2218400	0.1521879	-0.2502600	1.2127900	0.1506779	-0.2491100	1.0303300	0.0872579	-0.2184700	0.5640200	0.0428479	-0.1026000	0.5513300	0.0465779	-0.1047000	0.3883000	0.0811379	-0.1285000	0.6486066	1.5090266	-0.1335507	0.7316107	1.4903618	-0.0005921	0.7219119	1.5063076	-0.2764944	0.8020845	1.0319727	-0.0242473	0.8140687	1.0346165	-0.2810497	0.6187661	1.0162718	-0.1085073	0.6244527	1.0175601	-0.2085715	0.5976761	0.5274646	-0.0363310	0.9347732	0.5634491	-0.2944510	0.6108750	0.5301210	-0.1506239	0.9363070	0.5657157	-0.1767636	0.4199147	0.1120224	-0.0738134	1.0508734	0.1313948	-0.2844473	0.4516926	0.1134180	-0.1658419	1.0765187	0.1461312	-0.1889004	0.3628112	0.0864283	-0.1377969	1.0120285	0.0734350	-0.2230712	0.5560316	0.0476237	-0.1115089	1.2141354	0.1583926	-0.2443297	0.5086043	0.0460782	-0.0600683	1.1734326	0.1335016	-0.2994606	0.7566176	0.7589595	-0.0006909	0.6916401	0.6682430	0.0070904	0.6490718	0.8007079	0.0224600	0.8870428	0.8487895	-0.3119583	0.9044388	0.7375746	-0.3258102	0.7796750	0.7996575	-0.3457212	0.5445381	0.3995892	-0.0317536	0.5229577	0.2638641	-0.0306098	0.4546734	0.3018797	-0.0327720	0.9699891	0.4323107	-0.3102489	1.0397590	0.3144023	-0.3191866	0.9569896	0.3027723	-0.3173031	0.7189207	0.9406985	-0.0728628	0.7277894	0.9413873	-0.2404566	0.7932052	1.1726087	0.1274386	0.6335044	1.1944807	-0.3948955	0.7584514	1.1463021	0.0514654	0.6118550	1.1844587	-0.3077470	0.9587250	0.9729749	0.0767832	0.6545512	0.9329777	-0.3807446	0.8946277	0.9356179	0.1026853	0.5797453	0.9370928	-0.3789851
303	5.0333333	0.7436600	1.4516779	-0.1409800	0.7664900	1.4415779	0.0187900	0.7946900	1.1713879	0.0772800	0.9546300	0.9362779	0.1041500	0.7348500	1.4622479	-0.3029500	0.6543700	1.1911779	-0.3514200	0.5814900	0.8955179	-0.3703900	0.7859100	0.9403079	-0.1564200	0.7767300	0.9361179	-0.0518100	0.6093000	0.4898579	-0.0870300	0.4407300	0.1184979	-0.1181600	0.8018900	0.9460579	-0.2607400	0.9382700	0.5521979	-0.2308500	1.0722600	0.1342079	-0.2154600	1.2326500	0.1402279	-0.2455500	1.2235500	0.1390379	-0.2443600	1.0428000	0.0813979	-0.2127800	0.5661400	0.0416679	-0.1015800	0.5567100	0.0462479	-0.1024900	0.3952700	0.0900079	-0.1253800	0.6740465	1.5035328	-0.1353935	0.7566003	1.4854583	-0.0025961	0.7476093	1.5006875	-0.2776299	0.8278683	1.0249549	-0.0248012	0.8414176	1.0284707	-0.2813392	0.6448928	1.0100006	-0.1099169	0.6510819	1.0116856	-0.2097869	0.6179225	0.5219339	-0.0370506	0.9629152	0.5568872	-0.2916877	0.6310645	0.5242014	-0.1512128	0.9630221	0.5594463	-0.1738490	0.4262780	0.1142287	-0.0731563	1.0692173	0.1231334	-0.2798762	0.4579054	0.1138877	-0.1650632	1.0933411	0.1375037	-0.1842664	0.3685951	0.0901525	-0.1365835	1.0284634	0.0680772	-0.2195107	0.5595110	0.0452267	-0.1109486	1.2302169	0.1433648	-0.2374532	0.5126180	0.0454234	-0.0595931	1.1899897	0.1201447	-0.2928434	0.7802329	0.7517487	-0.0014449	0.7139004	0.6618858	0.0064237	0.6727109	0.7948924	0.0212868	0.9147964	0.8422972	-0.3109641	0.9327007	0.7309210	-0.3241563	0.8079057	0.7930065	-0.3455792	0.5608573	0.3963066	-0.0322680	0.5345352	0.2617514	-0.0308216	0.4677832	0.3022330	-0.0328222	0.9958593	0.4246874	-0.3065407	1.0626237	0.3056883	-0.3143501	0.9801735	0.2958330	-0.3139557	0.7443578	0.9338489	-0.0742373	0.7542264	0.9350957	-0.2417618	0.8198711	1.1686134	0.1285770	0.6545723	1.1880090	-0.3936759	0.7871610	1.1416880	0.0513609	0.6335492	1.1785986	-0.3069822	0.9901947	0.9711864	0.0791802	0.6635527	0.9259792	-0.3788057	0.9270830	0.9335707	0.1052335	0.5894577	0.9330546	-0.3764440
304	5.0500000	0.7677500	1.4493279	-0.1426500	0.7915400	1.4394879	0.0171800	0.8211000	1.1699579	0.0767800	0.9840500	0.9377579	0.1044300	0.7579100	1.4596579	-0.3047600	0.6778200	1.1863179	-0.3520200	0.6047500	0.8948879	-0.3744700	0.8120700	0.9360279	-0.1584600	0.8026300	0.9310379	-0.0541600	0.6296500	0.4901679	-0.0868900	0.4429400	0.1248579	-0.1168300	0.8283000	0.9425579	-0.2624400	0.9662900	0.5511279	-0.2285200	1.0807900	0.1253079	-0.2108000	1.2390100	0.1246179	-0.2407900	1.2299300	0.1238079	-0.2396100	1.0492500	0.0741679	-0.2083100	0.5651900	0.0400979	-0.1016000	0.5571500	0.0449479	-0.1021300	0.4004900	0.0988979	-0.1226700	0.6989326	1.5005679	-0.1382181	0.7813060	1.4832609	-0.0055292	0.7725946	1.4973349	-0.2801130	0.8536549	1.0201054	-0.0262740	0.8688908	1.0248648	-0.2824275	0.6714258	1.0056546	-0.1121997	0.6781379	1.0078691	-0.2118637	0.6396170	0.5186176	-0.0382300	0.9906694	0.5528936	-0.2897122	0.6527597	0.5203368	-0.1521731	0.9893215	0.5556576	-0.1717285	0.4328715	0.1200824	-0.0722381	1.0798762	0.1156498	-0.2764739	0.4642400	0.1177583	-0.1641007	1.1024199	0.1291125	-0.1807572	0.3745173	0.0984969	-0.1350250	1.0360096	0.0649951	-0.2173459	0.5627679	0.0449130	-0.1102007	1.2386015	0.1252581	-0.2315950	0.5165177	0.0474773	-0.0588079	1.1985292	0.1048381	-0.2874049	0.8046334	0.7471851	-0.0029403	0.7371738	0.6580281	0.0050620	0.6969803	0.7913637	0.0192296	0.9426841	0.8381681	-0.3108202	0.9608548	0.7267090	-0.3233754	0.8362138	0.7889658	-0.3461991	0.5783779	0.3956291	-0.0329492	0.5468480	0.2625705	-0.0309976	0.4817918	0.3057672	-0.0328676	1.0193779	0.4190489	-0.3036290	1.0809854	0.2978455	-0.3102838	0.9989465	0.2910813	-0.3115953	0.7700193	0.9292040	-0.0765716	0.7808799	0.9312629	-0.2439591	0.8451655	1.1668426	0.1285653	0.6763198	1.1838740	-0.3938260	0.8144797	1.1396704	0.0502076	0.6560197	1.1751131	-0.3075459	1.0195113	0.9711174	0.0808275	0.6756641	0.9215108	-0.3783487	0.9572638	0.9335290	0.1070406	0.6022915	0.9309206	-0.3754348
305	5.0666667	0.7922300	1.4485179	-0.1448300	0.8173100	1.4392879	0.0149300	0.8471900	1.1698379	0.0753000	1.0114200	0.9387779	0.1045600	0.7809600	1.4581979	-0.3070000	0.7038800	1.1851179	-0.3530500	0.6306200	0.8982179	-0.3791500	0.8376800	0.9366779	-0.1608700	0.8286800	0.9317579	-0.0569600	0.6557700	0.4918379	-0.0878800	0.4483900	0.1326279	-0.1162800	0.8534400	0.9430379	-0.2644600	0.9928800	0.5482179	-0.2261600	1.0865400	0.1164879	-0.2074000	1.2468100	0.1086779	-0.2343200	1.2378500	0.1081179	-0.2333200	1.0526600	0.0655379	-0.2061900	0.5680900	0.0399779	-0.1007700	0.5605300	0.0447779	-0.1014000	0.4067600	0.1086579	-0.1211900	0.7230385	1.5022537	-0.1411736	0.8053860	1.4856424	-0.0084621	0.7968028	1.4983609	-0.2830965	0.8788868	1.0198042	-0.0281395	0.8956596	1.0261950	-0.2838076	0.6976388	1.0059744	-0.1147300	0.7048283	1.0088451	-0.2141842	0.6629192	0.5194706	-0.0392385	1.0168309	0.5535416	-0.2883489	0.6761766	0.5205651	-0.1531298	1.0140215	0.5564458	-0.1702037	0.4400927	0.1311765	-0.0709091	1.0861270	0.1125124	-0.2740334	0.4712048	0.1267951	-0.1628425	1.1070917	0.1247532	-0.1782128	0.3811460	0.1133381	-0.1331038	1.0385535	0.0668962	-0.2163543	0.5659618	0.0481202	-0.1091378	1.2427479	0.1100117	-0.2264881	0.5203984	0.0536896	-0.0574973	1.2027691	0.0929284	-0.2829249	0.8295297	0.7477783	-0.0045629	0.7613464	0.6589059	0.0036640	0.7214053	0.7923804	0.0170423	0.9697305	0.8388444	-0.3110482	0.9878234	0.7272319	-0.3230373	0.8636254	0.7899191	-0.3472149	0.5972572	0.3993386	-0.0333315	0.5601805	0.2680851	-0.0307389	0.4969322	0.3141712	-0.0325406	1.0405272	0.4180598	-0.3013740	1.0961812	0.2942935	-0.3069070	1.0146093	0.2911046	-0.3099734	0.7952823	0.9293511	-0.0793162	0.8069628	0.9324988	-0.2464507	0.8688286	1.1694394	0.1278977	0.6985816	1.1844143	-0.3947020	0.8400299	1.1424080	0.0485172	0.6790148	1.1762523	-0.3088632	1.0458950	0.9745800	0.0820760	0.6909128	0.9216126	-0.3790454	0.9842943	0.9372756	0.1084112	0.6182294	0.9326927	-0.3756307
306	5.0833333	0.8179700	1.4492379	-0.1474200	0.8437200	1.4410279	0.0120000	0.8716100	1.1698879	0.0738500	1.0359800	0.9397479	0.1046400	0.8058900	1.4578979	-0.3093300	0.7354700	1.1883079	-0.3560900	0.6613600	0.9060579	-0.3848100	0.8634800	0.9411179	-0.1633000	0.8559200	0.9364579	-0.0599000	0.6908700	0.4972879	-0.0887400	0.4588800	0.1428679	-0.1161400	0.8777000	0.9470779	-0.2664400	1.0170200	0.5467579	-0.2239800	1.0916300	0.1093079	-0.2057700	1.2586900	0.0934279	-0.2284800	1.2499600	0.0932279	-0.2277200	1.0541600	0.0581779	-0.2062500	0.5750300	0.0402479	-0.0994300	0.5678200	0.0452679	-0.1002300	0.4156600	0.1211379	-0.1212600	0.7474053	1.5072192	-0.1438816	0.8297537	1.4910584	-0.0110045	0.8214054	1.5025708	-0.2860473	0.9044588	1.0228955	-0.0302298	0.9223527	1.0311290	-0.2850647	0.7242939	1.0100337	-0.1171761	0.7318416	1.0136075	-0.2162957	0.6897901	0.5229510	-0.0397182	1.0417819	0.5573557	-0.2874692	0.7033032	0.5234145	-0.1538813	1.0375669	0.5603241	-0.1690415	0.4500348	0.1458650	-0.0692852	1.0915952	0.1132131	-0.2725869	0.4809948	0.1394289	-0.1613960	1.1111576	0.1241521	-0.1766001	0.3910465	0.1331791	-0.1309733	1.0403406	0.0724662	-0.2163729	0.5704060	0.0531539	-0.1079383	1.2465276	0.0991335	-0.2222786	0.5257168	0.0623667	-0.0557978	1.2066875	0.0853738	-0.2795622	0.8562140	0.7525155	-0.0059387	0.7879847	0.6632702	0.0026365	0.7471189	0.7966301	0.0151622	0.9965755	0.8430422	-0.3113806	1.0141449	0.7311507	-0.3229059	0.8906011	0.7946136	-0.3484543	0.6193998	0.4058017	-0.0332214	0.5764919	0.2766887	-0.0299192	0.5151910	0.3258122	-0.0317863	1.0605107	0.4205945	-0.2997676	1.1104246	0.2944740	-0.3043705	1.0292538	0.2946744	-0.3090402	0.8209346	0.9332594	-0.0821655	0.8331436	0.9376557	-0.2487897	0.8918153	1.1749347	0.1267260	0.7228254	1.1883877	-0.3961589	0.8646695	1.1484615	0.0465520	0.7038649	1.1807060	-0.3108613	1.0697586	0.9798750	0.0830699	0.7107279	0.9248547	-0.3808869	1.0085264	0.9431558	0.1094173	0.6386699	0.9369825	-0.3771803
307	5.1000000	0.8443200	1.4508879	-0.1500300	0.8695600	1.4436179	0.0088900	0.8939800	1.1686979	0.0729500	1.0582300	0.9392379	0.1046500	0.8326200	1.4586179	-0.3114300	0.7696800	1.1930979	-0.3602900	0.6959600	0.9189979	-0.3908300	0.8896800	0.9472079	-0.1655700	0.8841600	0.9428479	-0.0627500	0.7374100	0.5060279	-0.0873200	0.4742000	0.1536079	-0.1159000	0.9016800	0.9530079	-0.2682300	1.0392900	0.5476779	-0.2226200	1.0974100	0.1040879	-0.2061700	1.2714400	0.0801879	-0.2255900	1.2632100	0.0802879	-0.2250400	1.0562200	0.0523079	-0.2077900	0.5816900	0.0405479	-0.0987900	0.5751000	0.0460379	-0.0996000	0.4269000	0.1356679	-0.1222100	0.7723027	1.5133217	-0.1462740	0.8545359	1.4973436	-0.0131483	0.8467560	1.5080628	-0.2886812	0.9306760	1.0273006	-0.0325225	0.9491561	1.0373821	-0.2859351	0.7516298	1.0157155	-0.1194247	0.7593896	1.0199673	-0.2179677	0.7219795	0.5266720	-0.0393954	1.0655379	0.5620525	-0.2869804	0.7359531	0.5265118	-0.1541443	1.0600425	0.5650178	-0.1680715	0.4640788	0.1621680	-0.0674741	1.0974093	0.1155305	-0.2720790	0.4950911	0.1536203	-0.1597914	1.1159395	0.1252808	-0.1757820	0.4063404	0.1561264	-0.1286991	1.0429509	0.0789740	-0.2170835	0.5761864	0.0580102	-0.1067508	1.2512200	0.0915447	-0.2191774	0.5328956	0.0715491	-0.0539211	1.2115452	0.0807306	-0.2774422	0.8854881	0.7595096	-0.0067995	0.8182626	0.6690558	0.0022780	0.7748344	0.8018736	0.0137707	1.0234570	0.8484002	-0.3117320	1.0399769	0.7361651	-0.3229150	0.9171455	0.8008495	-0.3498651	0.6463549	0.4127072	-0.0324779	0.5971552	0.2861919	-0.0284485	0.5381139	0.3385441	-0.0306612	1.0795843	0.4243685	-0.2987878	1.1243547	0.2962604	-0.3027739	1.0433859	0.2993871	-0.3087420	0.8471862	0.9388579	-0.0849691	0.8596150	0.9445211	-0.2507472	0.9143424	1.1809902	0.1251410	0.7494931	1.1937741	-0.3981491	0.8886034	1.1554904	0.0443720	0.7309197	1.1864026	-0.3135023	1.0912461	0.9847508	0.0838122	0.7353723	0.9292214	-0.3838423	1.0301198	0.9488405	0.1099842	0.6638535	0.9418027	-0.3800799
308	5.1166667	0.8696500	1.4530979	-0.1523100	0.8934300	1.4462779	0.0062300	0.9145800	1.1663679	0.0722400	1.0781200	0.9384579	0.1045200	0.8593800	1.4603479	-0.3131900	0.8005300	1.1966179	-0.3636200	0.7290300	0.9253679	-0.3954700	0.9158500	0.9520879	-0.1673400	0.9123900	0.9474879	-0.0648200	0.7928100	0.5192379	-0.0818600	0.4934900	0.1666879	-0.1154200	0.9257000	0.9580179	-0.2698000	1.0613700	0.5483279	-0.2225400	1.1043500	0.1000679	-0.2078700	1.2806700	0.0695379	-0.2252700	1.2728900	0.0700379	-0.2248500	1.0604200	0.0481279	-0.2094700	0.5847500	0.0414779	-0.0996500	0.5792900	0.0473379	-0.1002600	0.4405100	0.1535379	-0.1230000	0.7971241	1.5178967	-0.1481854	0.8790477	1.5019461	-0.0147391	0.8722710	1.5123680	-0.2907377	0.9569872	1.0303045	-0.0346481	0.9757542	1.0421264	-0.2860567	0.7791370	1.0200850	-0.1212701	0.7870592	1.0249819	-0.2189974	0.7603455	0.5278881	-0.0377134	1.0876656	0.5648722	-0.2864880	0.7751207	0.5270588	-0.1531556	1.0810022	0.5677954	-0.1670297	0.4826375	0.1780325	-0.0653307	1.1029922	0.1164578	-0.2719392	0.5139798	0.1672126	-0.1577357	1.1209106	0.1252561	-0.1752185	0.4282090	0.1801377	-0.1260481	1.0460571	0.0832256	-0.2177902	0.5823066	0.0607852	-0.1054080	1.2561209	0.0846521	-0.2168671	0.5413360	0.0793576	-0.0518692	1.2166324	0.0762257	-0.2760810	0.9171890	0.7662776	-0.0066729	0.8523964	0.6737244	0.0030903	0.8044813	0.8052800	0.0131161	1.0499916	0.8518929	-0.3117378	1.0649503	0.7393704	-0.3227129	0.9428664	0.8057876	-0.3510833	0.6788030	0.4174853	-0.0306651	0.6225715	0.2942063	-0.0259890	0.5663697	0.3500094	-0.0289767	1.0972372	0.4264906	-0.2980169	1.1374329	0.2967030	-0.3016984	1.0564424	0.3023128	-0.3086249	0.8735055	0.9432819	-0.0873841	0.8860320	0.9501537	-0.2520529	0.9359041	1.1850705	0.1236611	0.7776696	1.1976144	-0.4001486	0.9113377	1.1607330	0.0423033	0.7592981	1.1903486	-0.3161142	1.1102953	0.9868292	0.0845007	0.7635415	0.9319809	-0.3870928	1.0490639	0.9518260	0.1104145	0.6923326	0.9444886	-0.3835433
309	5.1333333	0.8936400	1.4554379	-0.1540800	0.9156100	1.4486779	0.0043300	0.9337500	1.1640779	0.0712300	1.0958100	0.9373979	0.1041700	0.8851800	1.4625779	-0.3146900	0.8259600	1.1976879	-0.3654700	0.7560900	0.9232579	-0.3976900	0.9417800	0.9536979	-0.1682600	0.9397200	0.9489379	-0.0652800	0.8534700	0.5311679	-0.0742400	0.5174100	0.1837779	-0.1152200	0.9502100	0.9597379	-0.2712900	1.0837000	0.5466079	-0.2235300	1.1108900	0.0966879	-0.2093300	1.2862400	0.0609179	-0.2256900	1.2789200	0.0615679	-0.2253300	1.0656000	0.0463779	-0.2100000	0.5860400	0.0438479	-0.1015900	0.5818700	0.0501779	-0.1019500	0.4586300	0.1757079	-0.1235200	0.8214568	1.5192223	-0.1494298	0.9028534	1.5032986	-0.0154784	0.8975831	1.5138426	-0.2920639	0.9828840	1.0300429	-0.0359485	1.0021357	1.0435391	-0.2852016	0.8063312	1.0210484	-0.1225189	0.8145358	1.0266226	-0.2193740	0.8051539	0.5250565	-0.0341286	1.1079999	0.5639467	-0.2855112	0.8212394	0.5234187	-0.1501106	1.1001590	0.5668121	-0.1656210	0.5062983	0.1923101	-0.0628647	1.1079100	0.1140225	-0.2714781	0.5382530	0.1790402	-0.1550818	1.1254862	0.1221566	-0.1743051	0.4576100	0.2037234	-0.1230096	1.0492387	0.0832248	-0.2178754	0.5887611	0.0611681	-0.1037366	1.2604956	0.0765453	-0.2146875	0.5512350	0.0852831	-0.0497024	1.2212598	0.0698809	-0.2746982	0.9509043	0.7710938	-0.0050679	0.8901974	0.6756719	0.0055644	0.8358543	0.8049636	0.0134475	1.0760226	0.8514207	-0.3109395	1.0889695	0.7387538	-0.3218636	0.9677714	0.8074485	-0.3517371	0.7171161	0.4187146	-0.0274174	0.6530548	0.2994432	-0.0223747	0.6004810	0.3588017	-0.0266010	1.1132261	0.4250251	-0.2969036	1.1493082	0.2938121	-0.3004990	1.0681480	0.3015443	-0.3081559	0.8994968	0.9444103	-0.0889980	0.9123211	0.9524530	-0.2525666	0.9562039	1.1856005	0.1228258	0.8062001	1.1978832	-0.4014738	0.9326935	1.1624013	0.0406642	0.7879896	1.1905543	-0.3179062	1.1272663	0.9847701	0.0854832	0.7932465	0.9314202	-0.3896471	1.0658079	0.9506833	0.1112219	0.7220246	0.9434868	-0.3865513
310	5.1500000	0.9172100	1.4576379	-0.1554300	0.9377700	1.4510379	0.0034200	0.9522000	1.1626179	0.0700900	1.1114900	0.9356979	0.1036100	0.9102600	1.4645379	-0.3163600	0.8468300	1.1985179	-0.3663000	0.7756200	0.9207879	-0.3973700	0.9671400	0.9529679	-0.1685000	0.9653400	0.9488079	-0.0641800	0.9131400	0.5406179	-0.0676700	0.5462700	0.2033179	-0.1157400	0.9753000	0.9586079	-0.2728800	1.1044800	0.5428379	-0.2250000	1.1148500	0.0940479	-0.2095800	1.2893700	0.0557979	-0.2253400	1.2823300	0.0565779	-0.2250100	1.0701200	0.0448079	-0.2094800	0.5911500	0.0470679	-0.1034500	0.5882600	0.0535579	-0.1036800	0.4833000	0.1987979	-0.1244000	0.8451823	1.5184881	-0.1503596	0.9257338	1.5026877	-0.0155520	0.9226479	1.5135998	-0.2929945	1.0077450	1.0276695	-0.0362428	1.0282264	1.0428163	-0.2837646	0.8325729	1.0196385	-0.1234906	0.8413504	1.0259586	-0.2196665	0.8549488	0.5201703	-0.0290043	1.1260994	0.5603611	-0.2841636	0.8729121	0.5175282	-0.1452213	1.1169420	0.5631896	-0.1640423	0.5353774	0.2059940	-0.0607374	1.1120424	0.1092449	-0.2706186	0.5681967	0.1902274	-0.1524975	1.1293260	0.1169632	-0.1729900	0.4942703	0.2269315	-0.1204255	1.0522178	0.0799545	-0.2173787	0.5975163	0.0617026	-0.1020684	1.2640242	0.0681653	-0.2123881	0.5641869	0.0913464	-0.0479370	1.2251248	0.0626228	-0.2730370	0.9855109	0.7750411	-0.0021948	0.9303837	0.6763550	0.0093991	0.8680987	0.8022410	0.0144680	1.1011691	0.8479577	-0.3094757	1.1116842	0.7353143	-0.3205191	0.9917237	0.8067977	-0.3520309	0.7604457	0.4181682	-0.0231695	0.6883040	0.3034564	-0.0182436	0.6399466	0.3661554	-0.0240336	1.1272230	0.4210615	-0.2954950	1.1596980	0.2886542	-0.2990810	1.0783105	0.2981611	-0.3074187	0.9246330	0.9431433	-0.0899067	0.9382836	0.9523373	-0.2526783	0.9750142	1.1838687	0.1225320	0.8338150	1.1959152	-0.4020599	0.9525960	1.1616943	0.0392536	0.8158437	1.1883826	-0.3188133	1.1423987	0.9801445	0.0867226	0.8221717	0.9289881	-0.3913198	1.0806254	0.9469247	0.1123655	0.7506306	0.9404639	-0.3887526
311	5.1666667	0.9408400	1.4590779	-0.1566300	0.9605700	1.4527079	0.0033000	0.9707900	1.1621879	0.0694100	1.1252400	0.9329679	0.1029000	0.9348700	1.4659579	-0.3185900	0.8635800	1.1964679	-0.3662000	0.7893500	0.9191779	-0.3953300	0.9916400	0.9513579	-0.1685200	0.9893500	0.9472379	-0.0626300	0.9677700	0.5462179	-0.0637900	0.5781700	0.2218679	-0.1171100	1.0004000	0.9568579	-0.2744700	1.1207000	0.5394479	-0.2263700	1.1164800	0.0927679	-0.2088800	1.2916900	0.0528879	-0.2243000	1.2846900	0.0538679	-0.2239700	1.0722900	0.0446079	-0.2085400	0.6025000	0.0523879	-0.1045800	0.6003600	0.0592779	-0.1048300	0.5135600	0.2187779	-0.1260300	0.8684735	1.5172351	-0.1515476	0.9477438	1.5016257	-0.0154705	0.9476375	1.5130124	-0.2939620	1.0311332	1.0248519	-0.0358214	1.0539154	1.0415154	-0.2824188	0.8574067	1.0175234	-0.1247539	0.8671316	1.0245871	-0.2206063	0.9066837	0.5158788	-0.0233218	1.1416635	0.5556322	-0.2829758	0.9269830	0.5121317	-0.1394364	1.1310515	0.5585188	-0.1627808	0.5690989	0.2196755	-0.0598129	1.1156382	0.1037054	-0.2697682	0.6029876	0.2015788	-0.1509602	1.1325336	0.1111493	-0.1716660	0.5358950	0.2490076	-0.1193712	1.0549649	0.0750582	-0.2167371	0.6114634	0.0646451	-0.1010360	1.2669745	0.0607044	-0.2102609	0.5821832	0.0991083	-0.0472439	1.2284063	0.0557291	-0.2714309	1.0194471	0.7793796	0.0012271	0.9708176	0.6775384	0.0137276	0.8999663	0.7990014	0.0155746	1.1250398	0.8430652	-0.3079357	1.1327259	0.7305629	-0.3192434	1.0145245	0.8051853	-0.3524405	0.8065460	0.4180216	-0.0188278	0.7269495	0.3078622	-0.0146224	0.6828666	0.3733962	-0.0220277	1.1391145	0.4161634	-0.2942872	1.1685720	0.2828020	-0.2978300	1.0869896	0.2937666	-0.3068922	0.9485198	0.9410054	-0.0905330	0.9636976	0.9512452	-0.2529534	0.9924326	1.1815321	0.1223538	0.8595344	1.1933339	-0.4022579	0.9711508	1.1602018	0.0377239	0.8419865	1.1854259	-0.3191567	1.1558744	0.9747126	0.0879007	0.8486737	0.9262056	-0.3924484	1.0936502	0.9422938	0.1134118	0.7765553	0.9371249	-0.3902371
312	5.1833333	0.9640100	1.4603079	-0.1578200	0.9828800	1.4539979	0.0034000	0.9900400	1.1603979	0.0693700	1.1364700	0.9301379	0.1021700	0.9591000	1.4672279	-0.3210300	0.8756000	1.1952079	-0.3647800	0.8035300	0.9187579	-0.3933000	1.0155400	0.9508179	-0.1685200	1.0129600	0.9470579	-0.0614100	1.0159200	0.5495979	-0.0622800	0.6122100	0.2360579	-0.1191300	1.0246900	0.9557279	-0.2756700	1.1317700	0.5364479	-0.2271300	1.1174800	0.0929379	-0.2081500	1.2927200	0.0520779	-0.2236000	1.2857500	0.0530279	-0.2232900	1.0739900	0.0454779	-0.2074500	0.6209900	0.0618379	-0.1047900	0.6193100	0.0693979	-0.1050600	0.5480800	0.2333579	-0.1284200	0.8917730	1.5173000	-0.1530544	0.9694759	1.5018480	-0.0154840	0.9727725	1.5137415	-0.2949563	1.0534956	1.0236043	-0.0350285	1.0792653	1.0414103	-0.2814433	0.8811894	1.0167043	-0.1263574	0.8920646	1.0243494	-0.2222102	0.9572289	0.5146880	-0.0178024	1.1553229	0.5517017	-0.2822209	0.9800541	0.5099848	-0.1335490	1.1433615	0.5547995	-0.1619972	0.6060876	0.2335233	-0.0604801	1.1192232	0.0994310	-0.2692965	0.6412309	0.2134859	-0.1509874	1.1356536	0.1066174	-0.1706636	0.5794686	0.2689358	-0.1202640	1.0577638	0.0708322	-0.2162138	0.6331027	0.0712466	-0.1011945	1.2699890	0.0554485	-0.2087856	0.6067907	0.1092200	-0.0480283	1.2315768	0.0506685	-0.2703450	1.0517686	0.7854019	0.0046668	1.0097477	0.6809182	0.0179130	0.9307766	0.7974043	0.0165100	1.1477646	0.8388507	-0.3067704	1.1523346	0.7265092	-0.3184044	1.0363266	0.8043541	-0.3530632	0.8528842	0.4202398	-0.0149923	0.7672831	0.3139344	-0.0121251	0.7269099	0.3816608	-0.0209151	1.1495596	0.4122713	-0.2935961	1.1764701	0.2781525	-0.2970773	1.0947640	0.2904375	-0.3068324	0.9715510	0.9400616	-0.0910627	0.9886963	0.9510703	-0.2534822	1.0090577	1.1803664	0.1221238	0.8832618	1.1921418	-0.4022616	0.9888672	1.1597395	0.0360477	0.8663063	1.1836973	-0.3190420	1.1681697	0.9703039	0.0889696	0.8727873	0.9248360	-0.3933841	1.1052235	0.9386618	0.1142244	0.7998102	0.9352624	-0.3911359
313	5.2000000	0.9862000	1.4618079	-0.1588900	1.0034400	1.4554579	0.0032900	1.0092200	1.1583979	0.0696000	1.1450800	0.9271179	0.1013800	0.9831500	1.4685579	-0.3229100	0.8870800	1.1933679	-0.3628400	0.8254900	0.9162879	-0.3928500	1.0401500	0.9506879	-0.1681900	1.0387800	0.9481079	-0.0605000	1.0601500	0.5514279	-0.0626500	0.6490500	0.2474879	-0.1212200	1.0480400	0.9547279	-0.2760100	1.1401100	0.5321279	-0.2271600	1.1188300	0.0927679	-0.2080100	1.2934700	0.0520079	-0.2238000	1.2864400	0.0529379	-0.2235300	1.0758800	0.0462979	-0.2066500	0.6553300	0.0757279	-0.1022700	0.6545400	0.0848779	-0.1023100	0.5860400	0.2447779	-0.1314900	0.9160986	1.5179335	-0.1544617	0.9922206	1.5025624	-0.0154577	0.9988464	1.5148841	-0.2955798	1.0765076	1.0232559	-0.0338845	1.1050886	1.0416200	-0.2805307	0.9054332	1.0163967	-0.1276481	0.9173296	1.0243315	-0.2236772	1.0067753	0.5157600	-0.0125881	1.1685735	0.5478921	-0.2816803	1.0320283	0.5105303	-0.1278959	1.1556796	0.5513982	-0.1614102	0.6464028	0.2456540	-0.0620679	1.1236150	0.0959139	-0.2690585	0.6829478	0.2241500	-0.1520394	1.1396313	0.1028279	-0.1698256	0.6239138	0.2844100	-0.1224200	1.0612910	0.0671896	-0.2155447	0.6647307	0.0795937	-0.1019749	1.2739791	0.0511563	-0.2079691	0.6397213	0.1195892	-0.0495130	1.2354423	0.0463765	-0.2697523	1.0837671	0.7919007	0.0081470	1.0480912	0.6853565	0.0219230	0.9618106	0.7966517	0.0176214	1.1704015	0.8346216	-0.3058332	1.1716458	0.7224347	-0.3178145	1.0581287	0.8034881	-0.3534319	0.8996708	0.4237390	-0.0115494	0.8097248	0.3202090	-0.0103994	0.7720608	0.3896443	-0.0202297	1.1599062	0.4087047	-0.2932386	1.1844880	0.2739803	-0.2966673	1.1027566	0.2876439	-0.3069429	0.9953307	0.9397177	-0.0911665	1.0143302	0.9510828	-0.2537217	1.0261433	1.1795984	0.1220688	0.9065562	1.1914522	-0.4020460	1.0068903	1.1595965	0.0346953	0.8902822	1.1823765	-0.3183391	1.1803125	0.9660238	0.0901632	0.8970817	0.9237588	-0.3942055	1.1162751	0.9352517	0.1151593	0.8229420	0.9336572	-0.3916143
314	5.2166667	1.0071600	1.4639179	-0.1597900	1.0219300	1.4576879	0.0027000	1.0274800	1.1574179	0.0696500	1.1518100	0.9234679	0.1003700	1.0067000	1.4704779	-0.3239100	0.9037000	1.1897679	-0.3618100	0.8562300	0.9137579	-0.3943000	1.0655500	0.9516479	-0.1673800	1.0668300	0.9507479	-0.0595100	1.1026500	0.5552779	-0.0642200	0.6898300	0.2556179	-0.1231200	1.0707000	0.9542379	-0.2755400	1.1475400	0.5275379	-0.2271200	1.1204700	0.0921679	-0.2084100	1.2943500	0.0521479	-0.2244800	1.2871800	0.0531379	-0.2242900	1.0777000	0.0460479	-0.2067300	0.7185900	0.0840579	-0.0928100	0.7191500	0.0945879	-0.0922900	0.6289500	0.2518679	-0.1346600	0.9413128	1.5198206	-0.1557412	1.0158555	1.5043814	-0.0154055	1.0258017	1.5168949	-0.2958385	1.1005099	1.0245194	-0.0324063	1.1312296	1.0426644	-0.2796095	0.9303464	1.0172492	-0.1282002	0.9429695	1.0250833	-0.2245492	1.0563391	0.5194783	-0.0079508	1.1813462	0.5448056	-0.2814600	1.0836448	0.5143497	-0.1230875	1.1680670	0.5488877	-0.1611011	0.6908210	0.2549772	-0.0633745	1.1282305	0.0936565	-0.2691742	0.7289511	0.2325696	-0.1532263	1.1439118	0.1002622	-0.1692106	0.6690950	0.2943919	-0.1248481	1.0648447	0.0648659	-0.2148542	0.7088600	0.0879664	-0.1019726	1.2784109	0.0479504	-0.2077884	0.6829738	0.1285715	-0.0500402	1.2395163	0.0430652	-0.2697284	1.1163607	0.7995027	0.0115727	1.0868623	0.6913458	0.0256648	0.9937449	0.7972273	0.0192215	1.1928059	0.8308739	-0.3050294	1.1904998	0.7188717	-0.3174665	1.0797902	0.8032192	-0.3534339	0.9479214	0.4284906	-0.0082386	0.8555418	0.3262460	-0.0086822	0.8189594	0.3969540	-0.0192990	1.1699991	0.4060574	-0.2933296	1.1923401	0.2707923	-0.2966751	1.1106638	0.2859614	-0.3073091	1.0200922	0.9407020	-0.0906364	1.0405216	0.9519078	-0.2534012	1.0435092	1.1797507	0.1221764	0.9303625	1.1916624	-0.4018582	1.0249955	1.1603921	0.0337842	0.9146658	1.1819390	-0.3172655	1.1920030	0.9622206	0.0914064	0.9234889	0.9232807	-0.3952579	1.1264827	0.9325137	0.1162599	0.8479723	0.9324334	-0.3922952
315	5.2333333	1.0273500	1.4666379	-0.1603700	1.0393900	1.4606979	0.0018600	1.0443500	1.1593479	0.0692000	1.1571700	0.9195079	0.0994200	1.0296300	1.4727579	-0.3240000	0.9253900	1.1898279	-0.3618700	0.8931200	0.9119179	-0.3972200	1.0898800	0.9560579	-0.1665300	1.0940500	0.9566179	-0.0584100	1.1438300	0.5609379	-0.0659800	0.7365400	0.2577679	-0.1235700	1.0921500	0.9569279	-0.2751300	1.1543700	0.5240879	-0.2284600	1.1220500	0.0922879	-0.2091900	1.2940900	0.0527079	-0.2252500	1.2868700	0.0536779	-0.2251300	1.0791800	0.0460879	-0.2076800	0.7920100	0.0985879	-0.0801700	0.7919600	0.1085579	-0.0798000	0.6799900	0.2513779	-0.1355100	0.9652096	1.5250074	-0.1572151	1.0381863	1.5093390	-0.0156790	1.0514893	1.5218165	-0.2961473	1.1235783	1.0296467	-0.0309899	1.1557800	1.0469016	-0.2790651	0.9540269	1.0215271	-0.1284223	0.9670978	1.0289256	-0.2252282	1.1042761	0.5278515	-0.0041643	1.1916650	0.5448993	-0.2819874	1.1332082	0.5233941	-0.1193530	1.1784780	0.5496054	-0.1615122	0.7378668	0.2627757	-0.0641165	1.1309953	0.0950113	-0.2700313	0.7777361	0.2401094	-0.1541065	1.1464047	0.1013271	-0.1693277	0.7138316	0.3004336	-0.1272497	1.0664246	0.0662833	-0.2147680	0.7633322	0.0973383	-0.1005697	1.2811177	0.0482045	-0.2085674	0.7345477	0.1372798	-0.0490764	1.2417428	0.0431477	-0.2706525	1.1478278	0.8105195	0.0144570	1.1243749	0.7011112	0.0287608	1.0249073	0.8014094	0.0209026	1.2131719	0.8299959	-0.3047034	1.2070141	0.7182490	-0.3177448	1.0994556	0.8060465	-0.3535590	0.9960371	0.4362980	-0.0052629	0.9031983	0.3337347	-0.0068836	0.8660351	0.4051063	-0.0182139	1.1778273	0.4067396	-0.2942308	1.1980206	0.2709591	-0.2974650	1.1164632	0.2877313	-0.3083114	1.0439810	0.9453227	-0.0898975	1.0654022	0.9559385	-0.2529788	1.0593100	1.1829766	0.1218796	0.9540107	1.1949264	-0.4024140	1.0413628	1.1643343	0.0327493	0.9384905	1.1845791	-0.3164945	1.2014181	0.9608313	0.0921726	0.9518725	0.9255462	-0.3972096	1.1339566	0.9324432	0.1169293	0.8748860	0.9335761	-0.3941817
316	5.2500000	1.0481400	1.4694179	-0.1604200	1.0577900	1.4639679	0.0014900	1.0600000	1.1642779	0.0683500	1.1613400	0.9158379	0.0987600	1.0527800	1.4753079	-0.3235200	0.9499700	1.1928679	-0.3626600	0.9329500	0.9114079	-0.4009900	1.1114500	0.9639679	-0.1659700	1.1178800	0.9652979	-0.0573700	1.1821400	0.5702179	-0.0674000	0.7943600	0.2545979	-0.1197300	1.1114100	0.9639579	-0.2752000	1.1602600	0.5233579	-0.2320600	1.1223400	0.0929179	-0.2104300	1.2931500	0.0529179	-0.2263400	1.2858600	0.0538579	-0.2262300	1.0794500	0.0475779	-0.2089600	0.8707500	0.1014179	-0.0673100	0.8683800	0.1090779	-0.0674700	0.7437200	0.2437879	-0.1305300	0.9863711	1.5333625	-0.1588803	1.0576678	1.5172996	-0.0162401	1.0744922	1.5295411	-0.2966161	1.1441919	1.0385527	-0.0299583	1.1771491	1.0543420	-0.2792580	0.9749381	1.0294362	-0.1285707	0.9881908	1.0361297	-0.2259699	1.1490989	0.5406731	-0.0014700	1.1978870	0.5482195	-0.2834333	1.1790405	0.5373282	-0.1168577	1.1851167	0.5534738	-0.1628142	0.7875435	0.2669980	-0.0635805	1.1304833	0.0996290	-0.2718788	0.8291513	0.2449171	-0.1538761	1.1456843	0.1056987	-0.1703704	0.7587986	0.3009173	-0.1286838	1.0647529	0.0710013	-0.2157304	0.8267274	0.1052840	-0.0972417	1.2806677	0.0516988	-0.2102659	0.7935163	0.1434126	-0.0460516	1.2408180	0.0464316	-0.2726346	1.1765752	0.8251087	0.0163284	1.1590991	0.7147235	0.0308681	1.0538514	0.8092753	0.0223379	1.2299221	0.8321044	-0.3050560	1.2195795	0.7207158	-0.3188246	1.1155271	0.8122077	-0.3541775	1.0429641	0.4464125	-0.0026729	0.9521327	0.3415990	-0.0047130	0.9125819	0.4125908	-0.0167806	1.1818412	0.4106939	-0.2961339	1.2001233	0.2743687	-0.2992744	1.1186356	0.2927077	-0.3102721	1.0653221	0.9536186	-0.0892255	1.0872549	0.9633018	-0.2528016	1.0723511	1.1891313	0.1208172	0.9768685	1.2011843	-0.4041350	1.0547930	1.1712683	0.0312002	0.9609790	1.1902134	-0.3164528	1.2073922	0.9617080	0.0921325	0.9816408	0.9306298	-0.4003254	1.1375539	0.9349092	0.1166620	0.9032183	0.9370923	-0.3977597
317	5.2666667	1.0703000	1.4727079	-0.1601600	1.0786500	1.4674779	0.0016900	1.0747500	1.1717579	0.0673400	1.1650800	0.9139379	0.0977800	1.0762500	1.4780579	-0.3231000	0.9796400	1.1922479	-0.3649300	0.9737800	0.9127879	-0.4050000	1.1301700	0.9710879	-0.1651900	1.1382700	0.9740379	-0.0560900	1.2200800	0.5810879	-0.0689800	0.8651400	0.2497879	-0.1115700	1.1281400	0.9705079	-0.2750000	1.1654900	0.5248279	-0.2362400	1.1208600	0.0933779	-0.2119800	1.2926100	0.0538079	-0.2277500	1.2853300	0.0546379	-0.2277000	1.0799700	0.0477679	-0.2100700	0.9448200	0.1090379	-0.0597800	0.9405900	0.1151979	-0.0601900	0.8202800	0.2347179	-0.1202600	1.0049694	1.5405099	-0.1598320	1.0747093	1.5239824	-0.0163264	1.0946608	1.5358799	-0.2965543	1.1623572	1.0468585	-0.0289954	1.1952098	1.0607551	-0.2795465	0.9931615	1.0366599	-0.1281768	1.0062601	1.0424895	-0.2261484	1.1908043	0.5536487	0.0006931	1.2003352	0.5508978	-0.2849556	1.2210988	0.5516412	-0.1147701	1.1882964	0.5565442	-0.1642529	0.8405541	0.2641222	-0.0612393	1.1271862	0.1036445	-0.2736072	0.8837081	0.2434883	-0.1517003	1.1424199	0.1096135	-0.1714008	0.8060646	0.2926030	-0.1283387	1.0606170	0.0751396	-0.2167375	0.8968092	0.1085267	-0.0915000	1.2775213	0.0548100	-0.2119733	0.8585322	0.1438074	-0.0406798	1.2372076	0.0493223	-0.2746583	1.2024391	0.8390838	0.0175982	1.1909516	0.7280043	0.0324347	1.0806139	0.8166567	0.0238316	1.2431007	0.8332935	-0.3054242	1.2283450	0.7224056	-0.3199157	1.1280276	0.8176685	-0.3545451	1.0888201	0.4547668	-0.0000665	1.0024379	0.3460849	-0.0017317	0.9592088	0.4154227	-0.0145983	1.1823569	0.4139678	-0.2980839	1.1989871	0.2771650	-0.3011733	1.1175426	0.2968979	-0.3121440	1.0841033	0.9612472	-0.0881723	1.1059669	0.9697507	-0.2522895	1.0832888	1.1942242	0.1194778	0.9996660	1.2062122	-0.4066158	1.0658908	1.1771025	0.0296453	0.9829962	1.1945672	-0.3169626	1.2105761	0.9611537	0.0915359	1.0132929	0.9347278	-0.4038288	1.1383742	0.9362274	0.1158005	0.9336800	0.9392243	-0.4025908
318	5.2833333	1.0931800	1.4758979	-0.1600300	1.1019300	1.4711579	0.0017100	1.0889700	1.1806479	0.0662300	1.1697400	0.9139179	0.0959800	1.0986900	1.4807379	-0.3229000	1.0146900	1.1959579	-0.3690300	1.0145800	0.9164379	-0.4090200	1.1479600	0.9734279	-0.1636500	1.1588400	0.9759279	-0.0544500	1.2595500	0.5916079	-0.0711700	0.9401600	0.2435979	-0.1036200	1.1435200	0.9714179	-0.2738500	1.1714500	0.5246579	-0.2383400	1.1201300	0.0947379	-0.2131700	1.2929000	0.0545879	-0.2279500	1.2859100	0.0553579	-0.2281900	1.0808600	0.0505779	-0.2102900	1.0245400	0.1053279	-0.0586800	1.0195700	0.1106679	-0.0584600	0.8973200	0.2275479	-0.1102800	1.0234677	1.5427839	-0.1595377	1.0919381	1.5258087	-0.0153986	1.1142541	1.5372680	-0.2956054	1.1801517	1.0505446	-0.0276937	1.2119936	1.0621711	-0.2794112	1.0108294	1.0391642	-0.1267000	1.0234252	1.0440218	-0.2251694	1.2309216	0.5627440	0.0025064	1.2015380	0.5492613	-0.2855344	1.2608185	0.5621990	-0.1129250	1.1904330	0.5551137	-0.1648732	0.8988134	0.2516307	-0.0570178	1.1234643	0.1034077	-0.2742666	0.9430867	0.2332461	-0.1476514	1.1390653	0.1093912	-0.1715362	0.8583632	0.2734592	-0.1258986	1.0564322	0.0749151	-0.2167973	0.9735101	0.1043496	-0.0839120	1.2742275	0.0541339	-0.2128925	0.9301966	0.1359626	-0.0333761	1.2333992	0.0484046	-0.2758803	1.2272986	0.8483945	0.0187120	1.2217333	0.7369401	0.0337953	1.1070045	0.8196294	0.0258038	1.2548233	0.8299006	-0.3050526	1.2356413	0.7196701	-0.3201020	1.1391650	0.8185842	-0.3538653	1.1351902	0.4577591	0.0027151	1.0557189	0.3440264	0.0020917	1.0078534	0.4104189	-0.0114335	1.1818542	0.4128656	-0.2990477	1.1970102	0.2757145	-0.3022067	1.1156422	0.2966215	-0.3129072	1.1022649	0.9641981	-0.0861999	1.1234670	0.9712910	-0.2508748	1.0943021	1.1951654	0.1184723	1.0244647	1.2067303	-0.4093064	1.0768854	1.1786168	0.0285677	1.0068033	1.1943568	-0.3178678	1.2133173	0.9564123	0.0906603	1.0482930	0.9350664	-0.4067654	1.1393931	0.9336498	0.1149553	0.9679438	0.9373117	-0.4080803
319	5.3000000	1.1155900	1.4791979	-0.1600400	1.1256400	1.4748779	0.0012500	1.1031800	1.1882079	0.0650900	1.1753500	0.9148079	0.0940500	1.1196300	1.4837979	-0.3226200	1.0531200	1.1974579	-0.3740400	1.0547100	0.9218879	-0.4133400	1.1689000	0.9701779	-0.1621200	1.1821300	0.9748579	-0.0528400	1.2977000	0.6020179	-0.0735700	1.0105900	0.2321579	-0.0993300	1.1618200	0.9666579	-0.2725600	1.1788300	0.5215279	-0.2380400	1.1206900	0.0987379	-0.2132700	1.2915400	0.0538879	-0.2248300	1.2852500	0.0546479	-0.2257500	1.0825400	0.0568979	-0.2092600	1.1088800	0.0988379	-0.0639300	1.1036300	0.1035979	-0.0625600	0.9675800	0.2119179	-0.1044600	1.0456415	1.5396129	-0.1590082	1.1132147	1.5223080	-0.0144657	1.1370297	1.5333294	-0.2947161	1.2015555	1.0487827	-0.0266936	1.2316988	1.0578475	-0.2795564	1.0319946	1.0360742	-0.1250117	1.0438300	1.0398956	-0.2239266	1.2721540	0.5667713	0.0032095	1.2058867	0.5427060	-0.2855691	1.3010234	0.5677187	-0.1121137	1.1956627	0.5486344	-0.1651590	0.9644613	0.2310280	-0.0527361	1.1230589	0.0985380	-0.2741441	1.0092572	0.2155205	-0.1436278	1.1392691	0.1046162	-0.1712148	0.9184699	0.2455616	-0.1229352	1.0558144	0.0699352	-0.2162041	1.0572787	0.0938738	-0.0770122	1.2744926	0.0492917	-0.2134487	1.0094856	0.1212497	-0.0265456	1.2330833	0.0432850	-0.2766281	1.2547981	0.8518308	0.0191083	1.2547249	0.7403468	0.0342867	1.1364477	0.8173413	0.0274609	1.2693511	0.8212270	-0.3044677	1.2458702	0.7118253	-0.3198347	1.1533731	0.8141720	-0.3527726	1.1845419	0.4549594	0.0045834	1.1140832	0.3356905	0.0052450	1.0611636	0.3980078	-0.0085449	1.1845324	0.4068194	-0.2993433	1.1981622	0.2694794	-0.3026480	1.1170227	0.2914435	-0.3128699	1.1238158	0.9616241	-0.0840922	1.1439034	0.9671176	-0.2493936	1.1086702	1.1920385	0.1173322	1.0543415	1.2024496	-0.4126778	1.0913266	1.1757815	0.0271783	1.0358807	1.1892835	-0.3199313	1.2192932	0.9478148	0.0892147	1.0889641	0.9318412	-0.4096720	1.1444089	0.9274085	0.1137724	1.0083640	0.9316275	-0.4144107
320	5.3166667	1.1370200	1.4820879	-0.1598200	1.1477700	1.4776179	0.0010100	1.1168900	1.1926179	0.0639000	1.1804100	0.9141079	0.0926100	1.1402100	1.4866479	-0.3220000	1.0903800	1.1982179	-0.3785200	1.0957500	0.9258579	-0.4182900	1.1935900	0.9661279	-0.1618100	1.2077500	0.9719779	-0.0523100	1.3320300	0.6087479	-0.0753500	1.0766100	0.2150079	-0.0985300	1.1854500	0.9616779	-0.2725400	1.1861000	0.5174779	-0.2367600	1.1196000	0.1029279	-0.2120600	1.2875700	0.0506379	-0.2188400	1.2819600	0.0514879	-0.2207600	1.0831500	0.0626579	-0.2070300	1.1959300	0.0947579	-0.0713900	1.1903900	0.0989579	-0.0689300	1.0321500	0.1889779	-0.1030800	1.0714383	1.5358311	-0.1594516	1.1384778	1.5183510	-0.0147267	1.1630138	1.5290467	-0.2949516	1.2270266	1.0463296	-0.0268800	1.2550759	1.0527417	-0.2811148	1.0570512	1.0323571	-0.1243447	1.0679920	1.0351544	-0.2237568	1.3140644	0.5697291	0.0019008	1.2138776	0.5359000	-0.2861967	1.3414180	0.5721213	-0.1133219	1.2043355	0.5419001	-0.1662090	1.0364122	0.2086230	-0.0501229	1.1257706	0.0938068	-0.2741933	1.0809779	0.1964972	-0.1413828	1.1427001	0.1000252	-0.1713988	0.9855600	0.2156040	-0.1209976	1.0583490	0.0650645	-0.2159148	1.1460161	0.0832212	-0.0730428	1.2779617	0.0447478	-0.2144544	1.0946244	0.1059007	-0.0223295	1.2359169	0.0384742	-0.2776986	1.2852227	0.8536800	0.0178987	1.2898930	0.7423935	0.0330132	1.1689271	0.8143667	0.0277144	1.2873406	0.8119415	-0.3048366	1.2596716	0.7035165	-0.3202885	1.1713807	0.8091766	-0.3525700	1.2362023	0.4509923	0.0043629	1.1765024	0.3263504	0.0062150	1.1185351	0.3835445	-0.0072539	1.1907032	0.4005654	-0.3000269	1.2025499	0.2631601	-0.3034222	1.1218297	0.2861942	-0.3130937	1.1492337	0.9582780	-0.0830634	1.1679423	0.9621122	-0.2491569	1.1260018	1.1895899	0.1152834	1.0887714	1.1982309	-0.4174144	1.1090142	1.1733895	0.0244586	1.0696893	1.1841868	-0.3237852	1.2283005	0.9400702	0.0869604	1.1342668	0.9298330	-0.4136067	1.1526715	0.9221696	0.1116358	1.0537537	0.9269603	-0.4218885
321	5.3333333	1.1580500	1.4841279	-0.1591400	1.1686500	1.4788879	0.0015500	1.1287000	1.1937579	0.0624100	1.1827200	0.9124679	0.0912000	1.1613000	1.4894279	-0.3211700	1.1237500	1.1998979	-0.3816000	1.1392400	0.9297579	-0.4232300	1.2181400	0.9621279	-0.1623700	1.2313700	0.9674279	-0.0526700	1.3619200	0.6112079	-0.0758600	1.1382800	0.1996079	-0.0996400	1.2109500	0.9582479	-0.2732500	1.1916100	0.5122279	-0.2351300	1.1178400	0.1019279	-0.2102800	1.2850300	0.0450879	-0.2137200	1.2794800	0.0462579	-0.2165800	1.0824800	0.0643079	-0.2040400	1.2775100	0.0982779	-0.0768800	1.2721100	0.1016479	-0.0738900	1.0929000	0.1661479	-0.1044800	1.0965997	1.5323139	-0.1603808	1.1634717	1.5147489	-0.0156424	1.1880535	1.5253655	-0.2958138	1.2525945	1.0440060	-0.0277616	1.2783059	1.0478725	-0.2836366	1.0818958	1.0290023	-0.1243302	1.0918642	1.0308667	-0.2243334	1.3525369	0.5718951	-0.0007528	1.2217646	0.5297206	-0.2870831	1.3780486	0.5755709	-0.1159409	1.2127880	0.5358592	-0.1676112	1.1091518	0.1870213	-0.0487840	1.1276621	0.0900736	-0.2741113	1.1527041	0.1785572	-0.1404843	1.1453846	0.0964370	-0.1717464	1.0543511	0.1864904	-0.1196824	1.0599889	0.0612652	-0.2156316	1.2332870	0.0746880	-0.0715952	1.2805741	0.0410126	-0.2154850	1.1793922	0.0923794	-0.0203788	1.2378459	0.0345638	-0.2786648	1.3146866	0.8545237	0.0156859	1.3232208	0.7435331	0.0306097	1.2002591	0.8114159	0.0270307	1.3049659	0.8029439	-0.3058785	1.2732526	0.6956141	-0.3211856	1.1893057	0.8044698	-0.3529600	1.2855980	0.4467814	0.0026361	1.2378345	0.3175379	0.0054906	1.1752215	0.3687724	-0.0070704	1.1965821	0.3950122	-0.3007476	1.2063369	0.2576251	-0.3041389	1.1262185	0.2818062	-0.3132571	1.1745563	0.9549715	-0.0828055	1.1917117	0.9572168	-0.2498327	1.1421916	1.1882141	0.1128180	1.1233733	1.1949957	-0.4228695	1.1257423	1.1719906	0.0210408	1.1036500	1.1799690	-0.3285898	1.2359662	0.9336914	0.0845561	1.1800000	0.9298075	-0.4181277	1.1595491	0.9184655	0.1090305	1.0998096	0.9240078	-0.4296255
322	5.3500000	1.1800200	1.4851579	-0.1582300	1.1905800	1.4788979	0.0027100	1.1385400	1.1934179	0.0605500	1.1823700	0.9112379	0.0893700	1.1832700	1.4915079	-0.3204700	1.1519100	1.2023779	-0.3826800	1.1850900	0.9342279	-0.4268400	1.2382500	0.9593279	-0.1619800	1.2499300	0.9641079	-0.0525300	1.3891900	0.6101579	-0.0756200	1.1965800	0.1866079	-0.1001700	1.2326600	0.9560479	-0.2725100	1.1948600	0.5075879	-0.2330500	1.1215900	0.0947779	-0.2095200	1.2893100	0.0385879	-0.2134800	1.2835800	0.0400179	-0.2168800	1.0869100	0.0597379	-0.2017900	1.3542100	0.0972979	-0.0782600	1.3495100	0.0995579	-0.0754200	1.1493900	0.1485279	-0.1061200	1.1174025	1.5302478	-0.1600131	1.1844838	1.5125836	-0.0153464	1.2084579	1.5233628	-0.2956144	1.2741238	1.0428615	-0.0276616	1.2971984	1.0443088	-0.2852211	1.1022927	1.0273152	-0.1231225	1.1111875	1.0283221	-0.2237487	1.3834056	0.5740772	-0.0028492	1.2258710	0.5253618	-0.2865701	1.4068211	0.5788030	-0.1181498	1.2175025	0.5316589	-0.1675722	1.1777449	0.1681699	-0.0465672	1.1256948	0.0880495	-0.2725213	1.2195806	0.1634526	-0.1388573	1.1443162	0.0944948	-0.1706941	1.1200419	0.1604729	-0.1169309	1.0577224	0.0590958	-0.2138740	1.3138275	0.0696141	-0.0704778	1.2794368	0.0388907	-0.2150474	1.2585881	0.0822386	-0.0184988	1.2359639	0.0323487	-0.2780977	1.3390538	0.8554412	0.0143142	1.3505485	0.7447424	0.0289567	1.2261266	0.8096161	0.0272773	1.3181629	0.7956254	-0.3059107	1.2826876	0.6894413	-0.3208758	1.2029145	0.8012568	-0.3522101	1.3282949	0.4434700	0.0014454	1.2933920	0.3106870	0.0051871	1.2266218	0.3552723	-0.0059792	1.1987133	0.3912667	-0.2999379	1.2063045	0.2538955	-0.3033006	1.1268510	0.2791958	-0.3118799	1.1954829	0.9528939	-0.0815545	1.2108771	0.9536426	-0.2495175	1.1537146	1.1885491	0.1116648	1.1540538	1.1937585	-0.4272752	1.1377481	1.1722927	0.0188600	1.1334839	1.1776121	-0.3323499	1.2385996	0.9295052	0.0835478	1.2225367	0.9327862	-0.4213165	1.1612978	0.9171059	0.1075572	1.1429347	0.9237613	-0.4356978
323	5.3666667	1.2035700	1.4850279	-0.1573800	1.2148300	1.4781079	0.0040100	1.1491100	1.1930679	0.0586900	1.1812000	0.9118079	0.0871600	1.2061300	1.4920779	-0.3201300	1.1763400	1.2046079	-0.3821900	1.2312900	0.9381779	-0.4288800	1.2546000	0.9592379	-0.1598400	1.2653100	0.9641279	-0.0509600	1.4151900	0.6078979	-0.0754300	1.2549200	0.1738879	-0.0987200	1.2500900	0.9556879	-0.2697300	1.1983800	0.5033379	-0.2308500	1.1344300	0.0835879	-0.2102500	1.2987400	0.0319779	-0.2178100	1.2922700	0.0344879	-0.2211200	1.1003700	0.0488779	-0.2014500	1.4231300	0.0945379	-0.0764700	1.4188900	0.0960979	-0.0743700	1.2063000	0.1324779	-0.1055900	1.1350651	1.5310089	-0.1576079	1.2027626	1.5131977	-0.0130714	1.2254482	1.5242942	-0.2937096	1.2924149	1.0442536	-0.0259990	1.3124793	1.0433901	-0.2849117	1.1190427	1.0286685	-0.1199336	1.1267316	1.0288518	-0.2210747	1.4075158	0.5775580	-0.0035028	1.2275806	0.5243161	-0.2840383	1.4286791	0.5830534	-0.1190970	1.2199601	0.5306981	-0.1653825	1.2422421	0.1539760	-0.0424775	1.1220792	0.0886885	-0.2690611	1.2818616	0.1528938	-0.1354944	1.1417355	0.0951162	-0.1677623	1.1829260	0.1396954	-0.1118388	1.0539595	0.0593764	-0.2101678	1.3874928	0.0692245	-0.0685486	1.2767547	0.0395564	-0.2128194	1.3320775	0.0769143	-0.0156121	1.2325128	0.0329715	-0.2756590	1.3591270	0.8579091	0.0145647	1.3726742	0.7474315	0.0288705	1.2472365	0.8104534	0.0292501	1.3279045	0.7917050	-0.3042089	1.2890912	0.6866496	-0.3186895	1.2130323	0.8010629	-0.3495746	1.3648330	0.4425473	0.0017595	1.3434463	0.3074078	0.0063550	1.2730703	0.3448139	-0.0031248	1.1987116	0.3906975	-0.2970844	1.2043663	0.2532442	-0.3004784	1.1255309	0.2795333	-0.3084915	1.2127173	0.9535678	-0.0785873	1.2260980	0.9529074	-0.2473031	1.1621517	1.1916946	0.1124956	1.1816520	1.1956423	-0.4299341	1.1464818	1.1753333	0.0186505	1.1600932	1.1782214	-0.3342784	1.2378646	0.9287488	0.0844364	1.2627827	0.9400026	-0.4223115	1.1595657	0.9192765	0.1077761	1.1840899	0.9274978	-0.4393444
324	5.3833333	1.2275100	1.4840679	-0.1566500	1.2399000	1.4771479	0.0051400	1.1625500	1.1942279	0.0572400	1.1802800	0.9136979	0.0842000	1.2289500	1.4909279	-0.3199300	1.2011300	1.2055179	-0.3815700	1.2758500	0.9413679	-0.4302400	1.2716700	0.9600479	-0.1569000	1.2818700	0.9651079	-0.0484100	1.4402400	0.6045879	-0.0751100	1.3178600	0.1612079	-0.0967200	1.2676600	0.9567979	-0.2663500	1.2032000	0.4988179	-0.2286200	1.1473400	0.0748279	-0.2104900	1.3043600	0.0227079	-0.2214000	1.2963700	0.0259479	-0.2239700	1.1123200	0.0374779	-0.2020200	1.4908200	0.0906979	-0.0732800	1.4865100	0.0919979	-0.0721700	1.2680400	0.1167979	-0.1037200	1.1537886	1.5327159	-0.1541048	1.2224283	1.5147475	-0.0097015	1.2433294	1.5261911	-0.2910319	1.3118115	1.0463393	-0.0236665	1.3286431	1.0433440	-0.2835539	1.1365023	1.0310406	-0.1157240	1.1429026	1.0304383	-0.2172365	1.4298875	0.5805320	-0.0033498	1.2309697	0.5246871	-0.2806361	1.4488028	0.5865401	-0.1194546	1.2242210	0.5310572	-0.1621410	1.3069512	0.1430525	-0.0373501	1.1210238	0.0900080	-0.2649306	1.3441397	0.1453998	-0.1311702	1.1418224	0.0963105	-0.1641246	1.2473638	0.1228268	-0.1053934	1.0529771	0.0602612	-0.2056689	1.4589007	0.0718035	-0.0663195	1.2765729	0.0408510	-0.2100272	1.4042991	0.0747573	-0.0123214	1.2315761	0.0343284	-0.2725409	1.3794962	0.8602514	0.0156509	1.3942973	0.7498627	0.0296099	1.2681255	0.8120178	0.0320980	1.3385816	0.7892278	-0.3017440	1.2967095	0.6853256	-0.3156816	1.2240354	0.8020755	-0.3461131	1.3999737	0.4423352	0.0029204	1.3925129	0.3061007	0.0083836	1.3190677	0.3359100	0.0006413	1.2006469	0.3914155	-0.2933899	1.2046924	0.2537393	-0.2968976	1.1263454	0.2809178	-0.3042837	1.2306807	0.9551309	-0.0748846	1.2419104	0.9531916	-0.2441396	1.1721346	1.1958320	0.1142592	1.2102202	1.1986259	-0.4317880	1.1565885	1.1792061	0.0193697	1.1877692	1.1797887	-0.3354162	1.2383280	0.9295890	0.0860760	1.3043606	0.9494665	-0.4221217	1.1590606	0.9231269	0.1085808	1.2268601	0.9332907	-0.4415675
325	5.4000000	1.2504000	1.4820979	-0.1559600	1.2638000	1.4753179	0.0061600	1.1784400	1.1957479	0.0565600	1.1803100	0.9147379	0.0802600	1.2508300	1.4886479	-0.3196900	1.2290700	1.2042179	-0.3818300	1.3186300	0.9442579	-0.4315800	1.2913800	0.9601679	-0.1541600	1.3014100	0.9655279	-0.0458800	1.4645300	0.5985879	-0.0740500	1.3870000	0.1480579	-0.0959200	1.2876800	0.9566079	-0.2634100	1.2077600	0.4942879	-0.2262100	1.1499300	0.0700479	-0.2089100	1.2940100	0.0168879	-0.2202900	1.2834000	0.0201279	-0.2214900	1.1114700	0.0298279	-0.2028100	1.5632700	0.0892379	-0.0700400	1.5586300	0.0902479	-0.0697300	1.3364200	0.1002379	-0.1026900	1.1748121	1.5336964	-0.1505239	1.2444510	1.5156318	-0.0062755	1.2634765	1.5273507	-0.2883562	1.3339190	1.0475968	-0.0214283	1.3475194	1.0427770	-0.2820851	1.1563706	1.0325690	-0.1114895	1.1614751	1.0312559	-0.2132920	1.4529007	0.5815711	-0.0030026	1.2366802	0.5248635	-0.2775207	1.4697902	0.5879314	-0.1198030	1.2308321	0.5311824	-0.1590574	1.3743805	0.1342806	-0.0323757	1.1221165	0.0909406	-0.2611100	1.4092277	0.1399391	-0.1269441	1.1440466	0.0970133	-0.1608580	1.3158085	0.1084963	-0.0990392	1.0542597	0.0609688	-0.2014359	1.5312782	0.0767321	-0.0644103	1.2781042	0.0412948	-0.2076496	1.4781578	0.0749490	-0.0094164	1.2324308	0.0350239	-0.2696705	1.4020452	0.8610297	0.0168696	1.4174184	0.7505680	0.0304895	1.2906959	0.8125624	0.0349071	1.3516427	0.7862248	-0.2994336	1.3066754	0.6836407	-0.3128779	1.2375411	0.8026983	-0.3429042	1.4360830	0.4414813	0.0041537	1.4429633	0.3055475	0.0104658	1.3669362	0.3272339	0.0042344	1.2048332	0.3919757	-0.2899720	1.2072919	0.2539709	-0.2936030	1.1293423	0.2821584	-0.3003310	1.2512246	0.9558891	-0.0714487	1.2603294	0.9528773	-0.2410870	1.1853430	1.1993497	0.1158586	1.2412058	1.2010396	-0.4337490	1.1697733	1.1823214	0.0199108	1.2180464	1.1806978	-0.3367761	1.2415132	0.9303252	0.0873090	1.3481548	0.9592515	-0.4218812	1.1614170	0.9269784	0.1088823	1.2720263	0.9393179	-0.4434143
326	5.4166667	1.2723300	1.4793579	-0.1553600	1.2863200	1.4724779	0.0071200	1.1957900	1.1962979	0.0571900	1.1835800	0.9135379	0.0766400	1.2721600	1.4857879	-0.3195300	1.2596000	1.2004979	-0.3827800	1.3608800	0.9467779	-0.4330200	1.3130800	0.9565979	-0.1518000	1.3242300	0.9620779	-0.0440000	1.4879200	0.5917979	-0.0726600	1.4588300	0.1354179	-0.0958100	1.3083600	0.9525779	-0.2606300	1.2123100	0.4897579	-0.2244800	1.1420100	0.0726079	-0.2066800	1.2776000	0.0155179	-0.2162400	1.2656600	0.0178979	-0.2160900	1.1001200	0.0307379	-0.2039900	1.6397500	0.0923779	-0.0675100	1.6346300	0.0930779	-0.0675400	1.4095800	0.0827179	-0.1025500	1.1971909	1.5311032	-0.1472757	1.2676957	1.5130436	-0.0032401	1.2850114	1.5249070	-0.2859015	1.3579526	1.0450549	-0.0194002	1.3682351	1.0387964	-0.2807219	1.1779925	1.0300736	-0.1074145	1.1817719	1.0281512	-0.2094970	1.4760936	0.5779028	-0.0025850	1.2435413	0.5219671	-0.2749083	1.4912657	0.5845200	-0.1201310	1.2384919	0.5282703	-0.1564457	1.4438458	0.1253448	-0.0279769	1.1229663	0.0893016	-0.2578381	1.4765622	0.1342812	-0.1231818	1.1458208	0.0950532	-0.1582207	1.3874263	0.0940863	-0.0933853	1.0551726	0.0594578	-0.1978412	1.6044701	0.0823781	-0.0628825	1.2787357	0.0385383	-0.2057807	1.5532412	0.0756644	-0.0070648	1.2325366	0.0326910	-0.2671854	1.4260917	0.8573321	0.0180844	1.4414319	0.7466677	0.0313765	1.3144034	0.8090435	0.0374554	1.3662246	0.7795819	-0.2973091	1.3180641	0.6785545	-0.3104173	1.2528309	0.7999191	-0.3401219	1.4726256	0.4373132	0.0052785	1.4941740	0.3032315	0.0123714	1.4160667	0.3162259	0.0073138	1.2097824	0.3896490	-0.2870600	1.2102843	0.2512957	-0.2907662	1.1327507	0.2808117	-0.2969244	1.2737636	0.9527800	-0.0684459	1.2807137	0.9489477	-0.2383492	1.2009480	1.1994090	0.1170638	1.2735114	1.2000276	-0.4359417	1.1852117	1.1818884	0.0201121	1.2498596	1.1781670	-0.3385370	1.2466260	0.9280739	0.0878373	1.3928508	0.9661842	-0.4218454	1.1660512	0.9279373	0.1085733	1.3182345	0.9424788	-0.4451414
327	5.4333333	1.2940000	1.4760079	-0.1547400	1.3083200	1.4696479	0.0080400	1.2146700	1.1953979	0.0592900	1.1917100	0.9115979	0.0747600	1.2934400	1.4822579	-0.3192700	1.2906500	1.1961179	-0.3838600	1.4031100	0.9495079	-0.4345600	1.3347500	0.9504979	-0.1496900	1.3482200	0.9571879	-0.0426600	1.5110400	0.5849979	-0.0717900	1.5277800	0.1275279	-0.0948400	1.3275200	0.9455479	-0.2579000	1.2197400	0.4872979	-0.2247700	1.1345600	0.0815379	-0.2053700	1.2714000	0.0210379	-0.2135700	1.2594400	0.0242679	-0.2127700	1.0899500	0.0402879	-0.2048900	1.7129800	0.1022579	-0.0654300	1.7074900	0.1024479	-0.0654700	1.4820100	0.0702779	-0.1016900	1.2192388	1.5262221	-0.1444965	1.2905519	1.5083217	-0.0007708	1.3061604	1.5200796	-0.2838504	1.3819959	1.0398015	-0.0175649	1.3886002	1.0324760	-0.2794649	1.1995671	1.0247093	-0.1033896	1.2019047	1.0222733	-0.2057847	1.4976557	0.5709989	-0.0021555	1.2503933	0.5172227	-0.2726870	1.5113127	0.5777459	-0.1203123	1.2459703	0.5235688	-0.1541983	1.5119836	0.1181052	-0.0242153	1.1221012	0.0866841	-0.2550435	1.5426852	0.1301839	-0.1199769	1.1455698	0.0920838	-0.1559966	1.4586278	0.0813051	-0.0885342	1.0540856	0.0570926	-0.1948069	1.6751816	0.0907302	-0.0618163	1.2772002	0.0347299	-0.2042067	1.6261683	0.0789347	-0.0053211	1.2306240	0.0292658	-0.2649901	1.4496744	0.8504467	0.0191608	1.4644949	0.7395472	0.0321773	1.3375683	0.8027839	0.0397880	1.3807060	0.7707119	-0.2951896	1.3294976	0.6713882	-0.3082066	1.2681756	0.7948440	-0.3376811	1.5073936	0.4313727	0.0063032	1.5434603	0.3007197	0.0140177	1.4638671	0.3047249	0.0098904	1.2142737	0.3856894	-0.2845684	1.2123495	0.2470809	-0.2882680	1.1352951	0.2782376	-0.2940472	1.2964088	0.9469831	-0.0656995	1.3009864	0.9425669	-0.2358068	1.2171750	1.1972166	0.1181270	1.3049574	1.1968145	-0.4381745	1.2011082	1.1791529	0.0202510	1.2810613	1.1734855	-0.3405144	1.2523728	0.9240399	0.0879305	1.4362209	0.9712180	-0.4219148	1.1716486	0.9271191	0.1081195	1.3632781	0.9438000	-0.4466667
328	5.4500000	1.3158200	1.4725679	-0.1538500	1.3304000	1.4666779	0.0089200	1.2350200	1.1932179	0.0620000	1.2035800	0.9103379	0.0746700	1.3149200	1.4785779	-0.3184400	1.3213800	1.1928579	-0.3847400	1.4448600	0.9533079	-0.4360400	1.3551300	0.9447679	-0.1482700	1.3714200	0.9517379	-0.0420600	1.5332800	0.5789879	-0.0709900	1.5907400	0.1273879	-0.0924800	1.3449700	0.9390679	-0.2558600	1.2307900	0.4888279	-0.2264800	1.1314100	0.0920279	-0.2044800	1.2698900	0.0362379	-0.2124200	1.2589600	0.0403079	-0.2115500	1.0859200	0.0514479	-0.2044200	1.7788300	0.1179079	-0.0630400	1.7730400	0.1176879	-0.0629800	1.5499800	0.0674779	-0.0995300	1.2401236	1.5219614	-0.1425936	1.3122699	1.5044273	0.0007549	1.3260514	1.5157378	-0.2826907	1.4048619	1.0346686	-0.0163683	1.4073768	1.0266449	-0.2788996	1.2200045	1.0194881	-0.0998802	1.2207691	1.0166405	-0.2026615	1.5170824	0.5642737	-0.0022030	1.2568919	0.5134181	-0.2712811	1.5292955	0.5709397	-0.1206797	1.2528318	0.5198426	-0.1527333	1.5759914	0.1157276	-0.0216122	1.1193240	0.0859591	-0.2530353	1.6047075	0.1305801	-0.1178762	1.1430770	0.0910480	-0.1543898	1.5262925	0.0733247	-0.0849938	1.0507962	0.0563788	-0.1925760	1.7406378	0.1044355	-0.0617736	1.2735532	0.0334751	-0.2031972	1.6940891	0.0876325	-0.0046748	1.2267250	0.0281249	-0.2634285	1.4716747	0.8436572	0.0194448	1.4857731	0.7325965	0.0323108	1.3593998	0.7969457	0.0414601	1.3943010	0.7627282	-0.2934642	1.3403796	0.6651276	-0.3066766	1.2826726	0.7903131	-0.3360972	1.5393042	0.4269394	0.0068059	1.5890540	0.3010613	0.0148836	1.5086081	0.2962642	0.0115554	1.2179869	0.3828369	-0.2828832	1.2132207	0.2441653	-0.2864516	1.1367326	0.2771803	-0.2921077	1.3179242	0.9414320	-0.0635718	1.3198917	0.9366524	-0.2339679	1.2332378	1.1954355	0.1188243	1.3344778	1.1942143	-0.4406765	1.2166635	1.1768347	0.0201054	1.3105878	1.1695034	-0.3429512	1.2585376	0.9208758	0.0874867	1.4770778	0.9769213	-0.4224065	1.1778000	0.9270576	0.1074985	1.4059880	0.9459522	-0.4483122
329	5.4666667	1.3381600	1.4688379	-0.1527800	1.3525700	1.4629079	0.0098300	1.2566600	1.1894279	0.0642500	1.2178500	0.9095579	0.0759700	1.3373700	1.4746979	-0.3171900	1.3520000	1.1904179	-0.3855900	1.4855000	0.9587079	-0.4372200	1.3744300	0.9413279	-0.1481700	1.3927700	0.9480679	-0.0427300	1.5552600	0.5722779	-0.0697400	1.6470400	0.1331579	-0.0892100	1.3619900	0.9360579	-0.2551300	1.2432300	0.4911079	-0.2274000	1.1286500	0.0995079	-0.2030900	1.2754400	0.0419079	-0.2138000	1.2662900	0.0452179	-0.2132900	1.0840300	0.0584179	-0.2030400	1.8374100	0.1364779	-0.0606800	1.8312500	0.1359479	-0.0605000	1.6123000	0.0719779	-0.0965600	1.2603478	1.5199639	-0.1417038	1.3333156	1.5029604	0.0012759	1.3452702	1.5135832	-0.2825905	1.4268511	1.0314318	-0.0163355	1.4250126	1.0231531	-0.2797039	1.2396608	1.0166392	-0.0976006	1.2387804	1.0135214	-0.2008672	1.5357255	0.5600177	-0.0033742	1.2640441	0.5120929	-0.2712879	1.5465168	0.5663346	-0.1217488	1.2600828	0.5185645	-0.1526084	1.6343061	0.1191623	-0.0205709	1.1159066	0.0883308	-0.2525848	1.6610626	0.1361853	-0.1173120	1.1396698	0.0931437	-0.1540475	1.5883768	0.0712453	-0.0830645	1.0465657	0.0585785	-0.1918004	1.7994440	0.1234246	-0.0632456	1.2693380	0.0356802	-0.2035482	1.7554589	0.1020111	-0.0055042	1.2223086	0.0302685	-0.2633689	1.4924916	0.8393545	0.0182107	1.5060503	0.7282266	0.0310914	1.3805410	0.7936506	0.0418159	1.4076729	0.7577162	-0.2928641	1.3514874	0.6616600	-0.3065020	1.2967967	0.7881677	-0.3360519	1.5689920	0.4258117	0.0062997	1.6307566	0.3054369	0.0144842	1.5500126	0.2926896	0.0119273	1.2219820	0.3824766	-0.2826672	1.2140609	0.2438907	-0.2860354	1.1381691	0.2789933	-0.2918546	1.3384423	0.9381204	-0.0626716	1.3376945	0.9332176	-0.2335644	1.2497677	1.1954651	0.1187188	1.3625822	1.1939054	-0.4437579	1.2325398	1.1764174	0.0192604	1.3388915	1.1679183	-0.3461580	1.2662068	0.9199955	0.0862752	1.5156862	0.9847286	-0.4237306	1.1853637	0.9290452	0.1063838	1.4465907	0.9504826	-0.4504513
330	5.4833333	1.3613500	1.4643979	-0.1516300	1.3751400	1.4584079	0.0111400	1.2786100	1.1857779	0.0654500	1.2345200	0.9077079	0.0782200	1.3611600	1.4703579	-0.3161700	1.3819800	1.1884679	-0.3864700	1.5249600	0.9641879	-0.4380000	1.3941000	0.9404179	-0.1491300	1.4130800	0.9469079	-0.0443500	1.5770900	0.5664379	-0.0681000	1.6975800	0.1383479	-0.0859000	1.3810400	0.9355079	-0.2554400	1.2556100	0.4939379	-0.2271000	1.1255600	0.1021079	-0.2016300	1.2829300	0.0422379	-0.2173400	1.2746600	0.0450679	-0.2170100	1.0812400	0.0617779	-0.2019200	1.8891800	0.1524679	-0.0596000	1.8826400	0.1514479	-0.0593300	1.6679600	0.0770279	-0.0936000	1.2812592	1.5202924	-0.1413572	1.3549426	1.5038958	0.0012969	1.3652714	1.5138057	-0.2830253	1.4492259	1.0302615	-0.0172406	1.4431803	1.0222691	-0.2815581	1.2599895	1.0161983	-0.0964710	1.2575326	1.0130158	-0.2002492	1.5558022	0.5587908	-0.0052754	1.2734062	0.5132708	-0.2724004	1.5652887	0.5645507	-0.1231311	1.2693500	0.5197154	-0.1536056	1.6864918	0.1265632	-0.0206380	1.1135455	0.0935038	-0.2536734	1.7115373	0.1450609	-0.1178797	1.1371488	0.0979963	-0.1549399	1.6439843	0.0737121	-0.0823348	1.0431677	0.0635660	-0.1923371	1.8515573	0.1443307	-0.0657090	1.2663781	0.0405272	-0.2054687	1.8099344	0.1190814	-0.0072343	1.2191272	0.0350688	-0.2650048	1.5136283	0.8380811	0.0158854	1.5270835	0.7270025	0.0289088	1.4025031	0.7931575	0.0410937	1.4223453	0.7558615	-0.2932356	1.3643221	0.6611076	-0.3073859	1.3120555	0.7885784	-0.3371660	1.5979976	0.4277608	0.0052678	1.6694279	0.3126579	0.0133632	1.5886909	0.2934451	0.0115125	1.2278369	0.3845624	-0.2837279	1.2164586	0.2461408	-0.2869603	1.1411955	0.2835555	-0.2931298	1.3592863	0.9372406	-0.0628107	1.3559743	0.9324973	-0.2343665	1.2682846	1.1970162	0.1181446	1.3906389	1.1957750	-0.4469629	1.2503010	1.1776840	0.0180374	1.3672678	1.1686416	-0.3496214	1.2772771	0.9211240	0.0847567	1.5532132	0.9942617	-0.4254877	1.1960768	0.9326698	0.1050855	1.4861117	0.9570681	-0.4526380
331	5.5000000	1.3854500	1.4600579	-0.1500700	1.3988200	1.4540479	0.0133800	1.2994400	1.1837179	0.0654600	1.2530400	0.9033779	0.0803600	1.3857200	1.4662879	-0.3152700	1.4105600	1.1865079	-0.3868500	1.5631600	0.9690379	-0.4382000	1.4161600	0.9392979	-0.1497200	1.4343100	0.9454379	-0.0453800	1.5994800	0.5613679	-0.0664900	1.7422100	0.1394679	-0.0831900	1.4039800	0.9352579	-0.2555100	1.2710000	0.4974679	-0.2273300	1.1229800	0.1057879	-0.2009200	1.2881800	0.0432279	-0.2206300	1.2801800	0.0457279	-0.2202700	1.0791400	0.0658179	-0.2016600	1.9308100	0.1627379	-0.0590500	1.9239800	0.1611779	-0.0588200	1.7152600	0.0790779	-0.0913500	1.3045077	1.5202636	-0.1404383	1.3787842	1.5043759	0.0019964	1.3878232	1.5137864	-0.2828036	1.4736749	1.0286085	-0.0177497	1.4640129	1.0212557	-0.2830697	1.2828495	1.0152912	-0.0952556	1.2790291	1.0122178	-0.1995340	1.5793118	0.5580228	-0.0064447	1.2868790	0.5139967	-0.2734216	1.5877198	0.5631551	-0.1235835	1.2826253	0.5203009	-0.1546220	1.7323064	0.1328944	-0.0204529	1.1139465	0.0988498	-0.2552341	1.7560882	0.1522449	-0.1182303	1.1372573	0.1028237	-0.1561196	1.6924245	0.0762994	-0.0815857	1.0423266	0.0688812	-0.1931739	1.8970950	0.1606746	-0.0675650	1.2663043	0.0449688	-0.2080162	1.8572967	0.1326828	-0.0083206	1.2187741	0.0396840	-0.2673611	1.5370796	0.8371952	0.0142011	1.5508356	0.7262732	0.0273851	1.4270088	0.7926536	0.0407843	1.4402839	0.7541945	-0.2933837	1.3807866	0.6604999	-0.3080591	1.3304583	0.7887028	-0.3379725	1.6277191	0.4294290	0.0050799	1.7058831	0.3184097	0.0129594	1.6252532	0.2947051	0.0116950	1.2373901	0.3863021	-0.2848895	1.2220851	0.2482279	-0.2881545	1.1476357	0.2881215	-0.2947295	1.3823679	0.9360538	-0.0626189	1.3768675	0.9316455	-0.2349498	1.2901901	1.1973034	0.1183053	1.4198504	1.1969603	-0.4489307	1.2713548	1.1778760	0.0176172	1.3969371	1.1688367	-0.3518941	1.2931808	0.9214476	0.0840425	1.5908847	1.0025198	-0.4263588	1.2115344	0.9350186	0.1046646	1.5255709	0.9626422	-0.4535742
332	5.5166667	1.4100700	1.4563479	-0.1477900	1.4232400	1.4503079	0.0164200	1.3198400	1.1818979	0.0654100	1.2717000	0.9022179	0.0824900	1.4105800	1.4626479	-0.3137700	1.4374500	1.1848579	-0.3862200	1.5995200	0.9742479	-0.4375200	1.4408700	0.9371979	-0.1486100	1.4578800	0.9419779	-0.0445200	1.6233900	0.5573779	-0.0652300	1.7791400	0.1373179	-0.0810900	1.4300500	0.9341179	-0.2541000	1.2905600	0.5003379	-0.2287400	1.1251300	0.1106579	-0.2019500	1.2923400	0.0437579	-0.2220500	1.2844000	0.0461679	-0.2216800	1.0814700	0.0713679	-0.2029100	1.9615600	0.1647479	-0.0573600	1.9545100	0.1630979	-0.0572600	1.7541900	0.0756279	-0.0900700	1.3300455	1.5190892	-0.1381299	1.4047504	1.5034896	0.0042904	1.4130216	1.5127201	-0.2810327	1.5002492	1.0260477	-0.0166910	1.4878213	1.0192155	-0.2830170	1.3082585	1.0133299	-0.0927806	1.3033460	1.0103776	-0.1975086	1.6059156	0.5567816	-0.0057062	1.3046594	0.5132157	-0.2732912	1.6135541	0.5613897	-0.1222643	1.3002460	0.5192433	-0.1545559	1.7701724	0.1353911	-0.0191851	1.1172975	0.1037622	-0.2562081	1.7932394	0.1551359	-0.1175349	1.1402158	0.1068766	-0.1566579	1.7317781	0.0767931	-0.0801304	1.0442672	0.0741091	-0.1934033	1.9347261	0.1685689	-0.0678003	1.2690983	0.0480451	-0.2100686	1.8960077	0.1391328	-0.0078506	1.2212250	0.0433654	-0.2692896	1.5630400	0.8358114	0.0147366	1.5772509	0.7250803	0.0279634	1.4538478	0.7912438	0.0422838	1.4617373	0.7516682	-0.2922632	1.4010486	0.6587750	-0.3074355	1.3521908	0.7876225	-0.3372025	1.6574853	0.4293138	0.0066570	1.7391285	0.3204921	0.0141775	1.6585420	0.2945309	0.0133687	1.2508435	0.3868616	-0.2850384	1.2310372	0.2494780	-0.2885717	1.1577014	0.2919071	-0.2954782	1.4078757	0.9339146	-0.0608000	1.4006604	0.9297479	-0.2339467	1.3148684	1.1958743	0.1200935	1.4495953	1.1967183	-0.4485580	1.2950474	1.1765190	0.0189767	1.4273595	1.1678079	-0.3518322	1.3129546	0.9205551	0.0850772	1.6280594	1.0087447	-0.4253917	1.2309532	0.9356575	0.1058986	1.5642425	0.9663743	-0.4522941
333	5.5333333	1.4346200	1.4528579	-0.1450400	1.4473100	1.4464479	0.0195300	1.3418200	1.1795879	0.0669700	1.2939000	0.9018579	0.0862900	1.4356500	1.4593979	-0.3113500	1.4631100	1.1832079	-0.3848600	1.6337200	0.9796279	-0.4359100	1.4671100	0.9346779	-0.1458700	1.4832800	0.9392079	-0.0420400	1.6500200	0.5542479	-0.0645600	1.8067200	0.1332079	-0.0793200	1.4569400	0.9322279	-0.2510400	1.3104600	0.5038379	-0.2301800	1.1303600	0.1182179	-0.2041800	1.2950700	0.0452579	-0.2223600	1.2871500	0.0478679	-0.2220200	1.0868200	0.0789779	-0.2051200	1.9835500	0.1587679	-0.0549400	1.9765500	0.1572479	-0.0550200	1.7811500	0.0700179	-0.0888800	1.3566109	1.5172930	-0.1349602	1.4314582	1.5017350	0.0077455	1.4397223	1.5110771	-0.2781363	1.5277904	1.0235186	-0.0143127	1.5134659	1.0165491	-0.2815880	1.3348231	1.0112528	-0.0892042	1.3290643	1.0082259	-0.1942696	1.6339309	0.5553528	-0.0035370	1.3252222	0.5114420	-0.2722231	1.6411788	0.5597483	-0.1199202	1.3208264	0.5170530	-0.1535144	1.7980104	0.1335661	-0.0177773	1.1222600	0.1091956	-0.2566747	1.8209453	0.1534348	-0.1167189	1.1447684	0.1109913	-0.1567853	1.7596592	0.0752176	-0.0789952	1.0477216	0.0805067	-0.1932678	1.9626087	0.1666654	-0.0673120	1.2731050	0.0501589	-0.2116235	1.9241099	0.1372084	-0.0068025	1.2248390	0.0467694	-0.2707551	1.5903493	0.8343240	0.0174967	1.6049084	0.7237155	0.0304799	1.4815114	0.7893357	0.0454473	1.4853980	0.7486438	-0.2901340	1.4236321	0.6563462	-0.3057314	1.3758776	0.7858377	-0.3349706	1.6855475	0.4274688	0.0092193	1.7673083	0.3186413	0.0161782	1.6865562	0.2927402	0.0157037	1.2667180	0.3869740	-0.2843010	1.2418298	0.2507733	-0.2883811	1.1699424	0.2957051	-0.2953854	1.4346592	0.9315646	-0.0574568	1.4261686	0.9272356	-0.2313390	1.3411241	1.1934272	0.1232384	1.4784131	1.1956318	-0.4460731	1.3201840	1.1742723	0.0218993	1.4570460	1.1661762	-0.3497369	1.3354418	0.9190333	0.0877727	1.6631594	1.0132917	-0.4228375	1.2531837	0.9351976	0.1086162	1.6005324	0.9686755	-0.4490260
334	5.5500000	1.4590300	1.4501379	-0.1421200	1.4708100	1.4438579	0.0222000	1.3669800	1.1762779	0.0707900	1.3209000	0.9015179	0.0920100	1.4608600	1.4567879	-0.3081100	1.4881200	1.1820379	-0.3829700	1.6661900	0.9845479	-0.4336700	1.4946300	0.9319579	-0.1422200	1.5110400	0.9354179	-0.0390800	1.6775800	0.5540279	-0.0643200	1.8256900	0.1263179	-0.0781600	1.4843000	0.9293379	-0.2467200	1.3310300	0.5063879	-0.2313500	1.1363600	0.1268879	-0.2063100	1.2969500	0.0460479	-0.2230100	1.2891300	0.0490079	-0.2226800	1.0915100	0.0893679	-0.2067100	1.9998300	0.1452979	-0.0533900	1.9930900	0.1438979	-0.0536100	1.7978300	0.0612379	-0.0877600	1.3839020	1.5151724	-0.1317844	1.4584770	1.4995046	0.0114594	1.4676242	1.5091593	-0.2748498	1.5561366	1.0215256	-0.0115194	1.5405937	1.0133159	-0.2794837	1.3622263	1.0095466	-0.0853028	1.3557919	1.0060564	-0.1904824	1.6628247	0.5537157	-0.0012150	1.3479939	0.5089955	-0.2709093	1.6699973	0.5583370	-0.1178651	1.3439156	0.5140395	-0.1520843	1.8159056	0.1276594	-0.0176028	1.1284056	0.1157306	-0.2571687	1.8391865	0.1474873	-0.1170792	1.1505912	0.1156952	-0.1571300	1.7759633	0.0721137	-0.0793956	1.0523822	0.0891508	-0.1934045	1.9809176	0.1547855	-0.0677092	1.2774095	0.0510700	-0.2131478	1.9418296	0.1267941	-0.0067916	1.2287802	0.0499352	-0.2722261	1.6187661	0.8327503	0.0214529	1.6334396	0.7221551	0.0338186	1.5096909	0.7870850	0.0492751	1.5108354	0.7452969	-0.2877611	1.4479935	0.6534409	-0.3036640	1.4010352	0.7835478	-0.3319721	1.7116049	0.4239939	0.0113169	1.7902971	0.3130530	0.0175070	1.7091248	0.2893947	0.0173127	1.2844989	0.3870475	-0.2833222	1.2539724	0.2525829	-0.2882393	1.1838094	0.3000162	-0.2949751	1.4625078	0.9293774	-0.0533839	1.4530552	0.9242226	-0.2277138	1.3689960	1.1902664	0.1270200	1.5060078	1.1939602	-0.4423144	1.3468166	1.1713684	0.0257008	1.4857400	1.1642103	-0.3465032	1.3608549	0.9170339	0.0914941	1.6958676	1.0161859	-0.4194803	1.2784875	0.9337796	0.1122794	1.6341306	0.9696177	-0.4445865
335	5.5666667	1.4837400	1.4481679	-0.1390200	1.4944600	1.4412679	0.0246200	1.3949400	1.1720679	0.0757800	1.3469000	0.8995979	0.0962000	1.4864900	1.4552379	-0.3042400	1.5131300	1.1810079	-0.3803900	1.6971700	0.9888479	-0.4311100	1.5241800	0.9282279	-0.1380700	1.5414200	0.9304679	-0.0359200	1.7053300	0.5530179	-0.0645500	1.8376100	0.1166479	-0.0785000	1.5127100	0.9268779	-0.2416800	1.3540800	0.5114479	-0.2326600	1.1445400	0.1324679	-0.2079800	1.2978600	0.0457779	-0.2237200	1.2904900	0.0488579	-0.2233900	1.0988900	0.0961879	-0.2078100	2.0107700	0.1277679	-0.0530700	2.0041900	0.1267979	-0.0532900	1.8055600	0.0529079	-0.0871000	1.4125150	1.5120498	-0.1287357	1.4864472	1.4963430	0.0152029	1.4971294	1.5063845	-0.2713717	1.5859162	1.0193015	-0.0086717	1.5698272	1.0087091	-0.2768979	1.3913688	1.0071659	-0.0815208	1.3844834	1.0027701	-0.1865352	1.6934405	0.5511562	0.0005576	1.3735791	0.5052611	-0.2695262	1.7005121	0.5563417	-0.1165030	1.3699891	0.5096261	-0.1505048	1.8276134	0.1183355	-0.0185515	1.1368843	0.1224176	-0.2577390	1.8513305	0.1379173	-0.1184288	1.1588079	0.1202208	-0.1577218	1.7846041	0.0675810	-0.0807809	1.0595310	0.0994428	-0.1939285	1.9931865	0.1347527	-0.0694940	1.2826650	0.0496355	-0.2145000	1.9530509	0.1094477	-0.0081890	1.2339262	0.0516909	-0.2736240	1.6489891	0.8301561	0.0255202	1.6636854	0.7195728	0.0370312	1.5395346	0.7838084	0.0530260	1.5387461	0.7407891	-0.2852328	1.4748367	0.6492978	-0.3013507	1.4285310	0.7799460	-0.3285252	1.7373695	0.4187340	0.0124432	1.8106462	0.3042503	0.0177796	1.7289465	0.2843704	0.0180009	1.3050230	0.3862624	-0.2823304	1.2685362	0.2539930	-0.2882454	1.2002019	0.3039489	-0.2944285	1.4922131	0.9265069	-0.0490648	1.4821389	0.9198431	-0.2234261	1.3990756	1.1857923	0.1310113	1.5332238	1.1911282	-0.4378888	1.3753822	1.1671805	0.0299424	1.5142955	1.1613009	-0.3426415	1.3892233	0.9138122	0.0955009	1.7270950	1.0168177	-0.4158244	1.3070450	0.9307362	0.1164584	1.6659259	0.9685884	-0.4395861
336	5.5833333	1.5088800	1.4471179	-0.1358100	1.5184400	1.4391279	0.0274000	1.4219000	1.1694779	0.0796900	1.3638600	0.9007679	0.0960800	1.5126900	1.4552379	-0.3004700	1.5377800	1.1814979	-0.3776200	1.7259100	0.9939379	-0.4280600	1.5539200	0.9258479	-0.1336400	1.5716000	0.9298179	-0.0318800	1.7299100	0.5539979	-0.0646700	1.8442600	0.1066679	-0.0807300	1.5415000	0.9240779	-0.2368700	1.3818500	0.5183679	-0.2331000	1.1508000	0.1417579	-0.2087100	1.2961600	0.0477379	-0.2233100	1.2889900	0.0516579	-0.2229900	1.1038200	0.1085779	-0.2080200	2.0181100	0.1085979	-0.0542100	2.0118000	0.1080979	-0.0543200	1.8107900	0.0438679	-0.0878000	1.4405504	1.5102513	-0.1257740	1.5135663	1.4947140	0.0188378	1.5260114	1.5051900	-0.2677133	1.6152093	1.0189549	-0.0057453	1.5992227	1.0053148	-0.2738090	1.4207573	1.0061180	-0.0779727	1.4136884	1.0005404	-0.1826297	1.7240663	0.5502428	0.0018292	1.4009800	0.5025320	-0.2681452	1.7307519	0.5561360	-0.1154135	1.3979187	0.5061661	-0.1489747	1.8359165	0.1099852	-0.0197300	1.1460789	0.1315970	-0.2581542	1.8598518	0.1291434	-0.1198655	1.1677724	0.1271167	-0.1581883	1.7889962	0.0648356	-0.0819191	1.0677053	0.1138674	-0.1944593	2.0019208	0.1136249	-0.0721969	1.2867371	0.0483921	-0.2154181	1.9606912	0.0915699	-0.0103739	1.2383265	0.0544136	-0.2747443	1.6790734	0.8288061	0.0290655	1.6938974	0.7183743	0.0397279	1.5696286	0.7820040	0.0563840	1.5676616	0.7376027	-0.2824802	1.5029636	0.6463185	-0.2988302	1.4570253	0.7773812	-0.3248165	1.7623447	0.4149543	0.0129890	1.8291471	0.2964630	0.0175097	1.7470307	0.2809059	0.0183396	1.3271715	0.3867187	-0.2814098	1.2842757	0.2570331	-0.2882732	1.2178317	0.3097760	-0.2937986	1.5220009	0.9251108	-0.0447275	1.5117139	0.9165670	-0.2187339	1.4289165	1.1826195	0.1347747	1.5589144	1.1896690	-0.4332451	1.4032371	1.1643888	0.0341884	1.5413361	1.1599626	-0.3384214	1.4168694	0.9119623	0.0990128	1.7556568	1.0178867	-0.4121161	1.3351632	0.9288879	0.1205003	1.6948321	0.9683340	-0.4344629
337	5.6000000	1.5345500	1.4463079	-0.1327000	1.5433500	1.4374979	0.0308200	1.4456800	1.1686879	0.0817500	1.3763000	0.8987079	0.0928500	1.5390800	1.4554779	-0.2975700	1.5620600	1.1812879	-0.3755600	1.7530700	0.9977879	-0.4242700	1.5818800	0.9244479	-0.1294300	1.6005100	0.9283179	-0.0272500	1.7531900	0.5518979	-0.0649600	1.8488900	0.0985179	-0.0837300	1.5687600	0.9220679	-0.2331800	1.4145200	0.5238679	-0.2312800	1.1578000	0.1503679	-0.2089600	1.2953600	0.0473779	-0.2221000	1.2887300	0.0517579	-0.2218800	1.1107800	0.1198379	-0.2078400	2.0237900	0.0900479	-0.0562600	2.0178500	0.0899579	-0.0562600	1.8145700	0.0379879	-0.0895200	1.4664102	1.5090488	-0.1232338	1.5384369	1.4938560	0.0220198	1.5525181	1.5047600	-0.2644548	1.6421035	1.0197351	-0.0028296	1.6270241	1.0028430	-0.2707058	1.4484467	1.0060280	-0.0750140	1.4415362	0.9991619	-0.1793708	1.7523513	0.5504658	0.0024790	1.4293470	0.5002532	-0.2672410	1.7584245	0.5571032	-0.1145754	1.4268853	0.5030950	-0.1480563	1.8421478	0.1036283	-0.0207410	1.1554309	0.1425695	-0.2587016	1.8660355	0.1222604	-0.1210661	1.1769927	0.1358485	-0.1587541	1.7912280	0.0635895	-0.0825166	1.0767586	0.1315797	-0.1952010	2.0082099	0.0952978	-0.0751357	1.2886782	0.0472324	-0.2161870	1.9660694	0.0763192	-0.0127210	1.2411582	0.0577608	-0.2758485	1.7068214	0.8282302	0.0316895	1.7218602	0.7180742	0.0416126	1.5978810	0.7813022	0.0590256	1.5960070	0.7356620	-0.2800534	1.5311330	0.6442632	-0.2967227	1.4849080	0.7755233	-0.3214009	1.7850926	0.4126709	0.0131318	1.8454606	0.2904662	0.0169800	1.7631054	0.2790821	0.0184948	1.3501244	0.3877155	-0.2810063	1.3004660	0.2609447	-0.2886303	1.2360899	0.3168051	-0.2934954	1.5498266	0.9247375	-0.0407699	1.5398952	0.9142033	-0.2143004	1.4566289	1.1803600	0.1377794	1.5821458	1.1892042	-0.4289677	1.4285536	1.1626744	0.0376941	1.5655339	1.1597833	-0.3343446	1.4414901	0.9108290	0.1012059	1.7806983	1.0189738	-0.4085088	1.3604311	0.9278594	0.1236590	1.7199879	0.9685604	-0.4296992
338	5.6166667	1.5611900	1.4470079	-0.1297800	1.5701100	1.4374279	0.0344400	1.4695000	1.1674579	0.0832100	1.3926400	0.8956479	0.0901800	1.5656300	1.4570779	-0.2953700	1.5856000	1.1815479	-0.3739800	1.7784500	1.0018379	-0.4199300	1.6082500	0.9247779	-0.1260700	1.6266800	0.9292079	-0.0229000	1.7748500	0.5499879	-0.0649700	1.8544300	0.0924979	-0.0859200	1.5955100	0.9214979	-0.2308500	1.4506400	0.5259079	-0.2278300	1.1685600	0.1573579	-0.2094200	1.2945100	0.0469979	-0.2210200	1.2884200	0.0519979	-0.2209300	1.1204700	0.1325679	-0.2076700	2.0294800	0.0738879	-0.0573500	2.0239200	0.0742279	-0.0573200	1.8179100	0.0351279	-0.0913700	1.4906243	1.5091791	-0.1215890	1.5616512	1.4943279	0.0241587	1.5772094	1.5057539	-0.2621896	1.6669996	1.0221834	-0.0005097	1.6536186	1.0019479	-0.2682295	1.4745534	1.0076250	-0.0732111	1.4681377	0.9994212	-0.1774025	1.7776389	0.5520028	0.0022344	1.4598038	0.4990277	-0.2676455	1.7831752	0.5593858	-0.1143688	1.4581573	0.5008973	-0.1486661	1.8468941	0.1000708	-0.0219291	1.1664755	0.1559711	-0.2601543	1.8707317	0.1181135	-0.1223656	1.1880628	0.1470417	-0.1602757	1.7924890	0.0641019	-0.0832412	1.0888183	0.1530815	-0.1970311	2.0125703	0.0818687	-0.0778668	1.2893686	0.0471419	-0.2174876	1.9696633	0.0654825	-0.0150318	1.2435006	0.0626727	-0.2775559	1.7322516	0.8289435	0.0331483	1.7472932	0.7190495	0.0424367	1.6239545	0.7822892	0.0605619	1.6241838	0.7360658	-0.2788001	1.5600150	0.6440828	-0.2959272	1.5125315	0.7751656	-0.3189043	1.8051358	0.4122386	0.0126462	1.8595175	0.2868508	0.0160508	1.7770187	0.2793645	0.0180474	1.3750433	0.3898687	-0.2818961	1.3183092	0.2663741	-0.2900756	1.2564478	0.3256323	-0.2942562	1.5758290	0.9261442	-0.0377625	1.5668452	0.9135579	-0.2107964	1.4831132	1.1795663	0.1395454	1.6036282	1.1903643	-0.4255007	1.4525089	1.1625579	0.0399029	1.5875600	1.1613633	-0.3308897	1.4644571	0.9107960	0.1017799	1.8030354	1.0205622	-0.4053655	1.3840950	0.9281408	0.1254055	1.7421343	0.9698255	-0.4257352
339	5.6333333	1.5893000	1.4491979	-0.1269500	1.5985900	1.4396379	0.0376200	1.4963300	1.1684679	0.0851200	1.4166300	0.8943179	0.0897500	1.5933900	1.4591979	-0.2929500	1.6082400	1.1833579	-0.3717200	1.8028200	1.0032579	-0.4154400	1.6350300	0.9271379	-0.1238500	1.6519400	0.9330879	-0.0196300	1.7960000	0.5492679	-0.0641800	1.8602600	0.0894379	-0.0865400	1.6236200	0.9232579	-0.2295900	1.4893100	0.5234079	-0.2247000	1.1829300	0.1700379	-0.2106400	1.2958700	0.0453179	-0.2204800	1.2904300	0.0510379	-0.2204900	1.1342200	0.1499779	-0.2086600	2.0346000	0.0627879	-0.0567400	2.0294000	0.0635279	-0.0567200	1.8216800	0.0333379	-0.0927200	1.5153478	1.5110580	-0.1208199	1.5854254	1.4964167	0.0251750	1.6022969	1.5085680	-0.2609937	1.6921809	1.0266197	0.0007802	1.6809836	1.0029097	-0.2667031	1.5010820	1.0111639	-0.0727377	1.4954022	1.0015737	-0.1768604	1.8011914	0.5545556	0.0011094	1.4950155	0.4991016	-0.2697278	1.8063678	0.5626084	-0.1149904	1.4944103	0.4997696	-0.1510955	1.8516114	0.0990788	-0.0235600	1.1822432	0.1720971	-0.2629360	1.8754979	0.1164367	-0.1240253	1.2039565	0.1609953	-0.1631839	1.7944878	0.0659479	-0.0845539	1.1072933	0.1785914	-0.2005137	2.0164758	0.0734770	-0.0802154	1.2913061	0.0487645	-0.2194806	1.9729160	0.0591366	-0.0172869	1.2480734	0.0697682	-0.2800440	1.7574025	0.8309949	0.0334480	1.7719134	0.7212104	0.0422242	1.6495145	0.7851021	0.0609915	1.6543888	0.7393352	-0.2790625	1.5919632	0.6462186	-0.2968276	1.5420195	0.7765816	-0.3176437	1.8236954	0.4133618	0.0114540	1.8726281	0.2853199	0.0146132	1.7900026	0.2814967	0.0168193	1.4046596	0.3934564	-0.2844239	1.3406142	0.2736797	-0.2929723	1.2818628	0.3364746	-0.2964691	1.6020677	0.9296344	-0.0359360	1.5944446	0.9149034	-0.2084676	1.5110579	1.1804286	0.1401245	1.6255474	1.1932281	-0.4229747	1.4779690	1.1641542	0.0408827	1.6096931	1.1647677	-0.3282223	1.4892847	0.9120417	0.1010939	1.8246737	1.0223960	-0.4027661	1.4094646	0.9297304	0.1259178	1.7631362	0.9718778	-0.4225413
340	5.6500000	1.6177400	1.4523679	-0.1240300	1.6269100	1.4433879	0.0403100	1.5269100	1.1701479	0.0881400	1.4459600	0.8939379	0.0905600	1.6218500	1.4621679	-0.2898300	1.6298800	1.1862679	-0.3681500	1.8250600	1.0043579	-0.4107500	1.6623600	0.9318179	-0.1220800	1.6783400	0.9357179	-0.0172300	1.8163500	0.5498579	-0.0622600	1.8656800	0.0879479	-0.0861300	1.6528300	0.9272079	-0.2284700	1.5312700	0.5177979	-0.2231100	1.2042300	0.1855779	-0.2128700	1.2989200	0.0448079	-0.2201400	1.2945100	0.0508579	-0.2202500	1.1535100	0.1717879	-0.2107200	2.0389700	0.0554779	-0.0562900	2.0340900	0.0564379	-0.0563100	1.8239600	0.0340979	-0.0933300	1.5407657	1.5150334	-0.1200527	1.6101168	1.5004910	0.0258499	1.6279430	1.5134977	-0.2600945	1.7179769	1.0333788	0.0015702	1.7091303	1.0061145	-0.2654726	1.5281992	1.0167158	-0.0727761	1.5233806	1.0057014	-0.1768454	1.8227332	0.5579849	-0.0000250	1.5356032	0.5007897	-0.2726560	1.8276989	0.5665630	-0.1157028	1.5361435	0.5000864	-0.1543975	1.8561616	0.1003230	-0.0252124	1.2038206	0.1910896	-0.2662091	1.8801703	0.1168608	-0.1256337	1.2256520	0.1779211	-0.1666135	1.7971301	0.0688964	-0.0861141	1.1334658	0.2079961	-0.2048603	2.0198781	0.0695775	-0.0817221	1.2953579	0.0529499	-0.2212174	1.9758107	0.0568063	-0.0190629	1.2558809	0.0797196	-0.2823463	1.7824904	0.8344459	0.0334571	1.7957450	0.7245450	0.0418340	1.6745713	0.7898686	0.0611960	1.6869535	0.7458439	-0.2799872	1.6274146	0.6510173	-0.2985811	1.5736703	0.7799730	-0.3169443	1.8405148	0.4158452	0.0102617	1.8845852	0.2856259	0.0132290	1.8018166	0.2852380	0.0154510	1.4397040	0.3987777	-0.2877143	1.3682544	0.2831863	-0.2964498	1.3132390	0.3494663	-0.2993082	1.6287689	0.9354214	-0.0345420	1.6227095	0.9184776	-0.2065694	1.5410706	1.1830634	0.1404215	1.6479350	1.1979459	-0.4205094	1.5055837	1.1675373	0.0416410	1.6320899	1.1701204	-0.3254748	1.5171005	0.9147556	0.1003035	1.8455417	1.0245118	-0.4000501	1.4376078	0.9326654	0.1262763	1.7827957	0.9746789	-0.4192274
341	5.6666667	1.6444300	1.4563179	-0.1208400	1.6530200	1.4469179	0.0432600	1.5594900	1.1701679	0.0926600	1.4768200	0.8922179	0.0911900	1.6490900	1.4663479	-0.2863400	1.6509300	1.1904579	-0.3637400	1.8449100	1.0045579	-0.4056600	1.6893600	0.9365279	-0.1198500	1.7033300	0.9405579	-0.0146100	1.8353300	0.5501679	-0.0600900	1.8688800	0.0878179	-0.0853200	1.6817000	0.9324779	-0.2264800	1.5765300	0.5160079	-0.2229800	1.2300000	0.2052179	-0.2144000	1.3040600	0.0469479	-0.2207200	1.3005700	0.0534979	-0.2208000	1.1776600	0.1977079	-0.2116200	2.0416300	0.0508179	-0.0570800	2.0370200	0.0518179	-0.0571100	1.8259000	0.0340179	-0.0938100	1.5660259	1.5189859	-0.1183593	1.6351981	1.5045075	0.0270608	1.6531198	1.5183096	-0.2586934	1.7437093	1.0401513	0.0026660	1.7369910	1.0094398	-0.2636611	1.5550315	1.0218690	-0.0722598	1.5510365	1.0094482	-0.1762041	1.8413020	0.5599788	-0.0002800	1.5805959	0.5021372	-0.2751419	1.8461900	0.5689514	-0.1156191	1.5822545	0.5000127	-0.1571869	1.8599051	0.1011103	-0.0264508	1.2307670	0.2106109	-0.2686908	1.8840775	0.1167613	-0.1267762	1.2526714	0.1955468	-0.1692305	1.7997205	0.0705690	-0.0875127	1.1667606	0.2382979	-0.2086273	2.0223280	0.0670093	-0.0821495	1.3017317	0.0584640	-0.2216917	1.9779429	0.0553971	-0.0200582	1.2669734	0.0909422	-0.2833782	1.8066472	0.8369175	0.0341847	1.8178795	0.7267093	0.0421934	1.6982466	0.7942245	0.0621023	1.7209343	0.7533376	-0.2803913	1.6654187	0.6563208	-0.2999329	1.6065454	0.7830794	-0.3158327	1.8547503	0.4172754	0.0098101	1.8946304	0.2852953	0.0124788	1.8117049	0.2880037	0.0146152	1.4793363	0.4038647	-0.2904580	1.4005928	0.2928790	-0.2992525	1.3498315	0.3623774	-0.3014901	1.6551553	0.9411182	-0.0326226	1.6505957	0.9219967	-0.2041424	1.5723502	1.1851401	0.1413836	1.6698695	1.2023351	-0.4172250	1.5345092	1.1703954	0.0432269	1.6538760	1.1752306	-0.3217449	1.5471888	0.9166969	0.1002738	1.8647368	1.0248306	-0.3964860	1.4679477	0.9346129	0.1274695	1.8002214	0.9760392	-0.4149795
342	5.6833333	1.6690700	1.4599979	-0.1174500	1.6770800	1.4493979	0.0471400	1.5919100	1.1669079	0.0975600	1.5091500	0.8897079	0.0920600	1.6744300	1.4709479	-0.2833600	1.6727000	1.1951179	-0.3595200	1.8619100	1.0053679	-0.4000700	1.7146000	0.9422779	-0.1171900	1.7265900	0.9452979	-0.0117200	1.8523900	0.5503979	-0.0589800	1.8703100	0.0871379	-0.0845500	1.7090400	0.9390479	-0.2239100	1.6263400	0.5183279	-0.2234800	1.2616500	0.2243879	-0.2141600	1.3152400	0.0520079	-0.2235600	1.3124500	0.0592379	-0.2234100	1.2094800	0.2215679	-0.2103900	2.0439000	0.0476579	-0.0584600	2.0394300	0.0486679	-0.0584600	1.8262500	0.0334179	-0.0941400	1.5899836	1.5239278	-0.1156406	1.6598630	1.5095730	0.0288320	1.6763642	1.5238612	-0.2567289	1.7681310	1.0475668	0.0039503	1.7630402	1.0140098	-0.2610775	1.5802630	1.0275973	-0.0711039	1.5769171	1.0139724	-0.1746638	1.8556403	0.5616763	0.0002120	1.6277658	0.5048895	-0.2766190	1.8606352	0.5709547	-0.1147105	1.6303877	0.5015011	-0.1588547	1.8621045	0.1020890	-0.0273047	1.2619669	0.2307837	-0.2699296	1.8865236	0.1169113	-0.1274757	1.2839345	0.2140941	-0.1704583	1.8014999	0.0720683	-0.0887920	1.2051887	0.2682800	-0.2110376	2.0232586	0.0657379	-0.0817393	1.3119170	0.0670103	-0.2209024	1.9787554	0.0549387	-0.0203916	1.2821518	0.1045108	-0.2830706	1.8283608	0.8393769	0.0355695	1.8368870	0.7287752	0.0431837	1.7192032	0.7991701	0.0635001	1.7545625	0.7629008	-0.2798880	1.7040798	0.6634255	-0.3003705	1.6389375	0.7871202	-0.3141212	1.8653134	0.4186612	0.0100247	1.9018102	0.2852884	0.0122910	1.8187727	0.2905768	0.0142647	1.5216632	0.4102049	-0.2921503	1.4362359	0.3038256	-0.3009256	1.3897969	0.3760089	-0.3025512	1.6798950	0.9476341	-0.0302889	1.6765406	0.9266460	-0.2011304	1.6034885	1.1874590	0.1429409	1.6902502	1.2073827	-0.4131912	1.5634326	1.1735664	0.0456592	1.6738999	1.1810786	-0.3171563	1.5784174	0.9187789	0.1010779	1.8812056	1.0246500	-0.3923143	1.4992911	0.9364600	0.1293913	1.8144992	0.9772271	-0.4099415
343	5.7000000	1.6930500	1.4628579	-0.1142800	1.7011300	1.4510179	0.0516600	1.6248600	1.1643179	0.1026500	1.5487500	0.8892279	0.0963100	1.6985000	1.4752079	-0.2815400	1.6952900	1.1991679	-0.3561000	1.8775800	1.0040779	-0.3942700	1.7384100	0.9482379	-0.1148300	1.7487700	0.9499179	-0.0088500	1.8670500	0.5517079	-0.0594200	1.8704500	0.0859979	-0.0841800	1.7347100	0.9459579	-0.2219500	1.6778700	0.5240579	-0.2235800	1.2996900	0.2421279	-0.2124400	1.3363300	0.0623379	-0.2278700	1.3342200	0.0700579	-0.2274400	1.2486000	0.2421679	-0.2078100	2.0459900	0.0466079	-0.0597000	2.0416000	0.0475579	-0.0596600	1.8261100	0.0318179	-0.0940600	1.6132279	1.5289871	-0.1123540	1.6847136	1.5147922	0.0307680	1.6981197	1.5292143	-0.2545367	1.7917755	1.0544026	0.0048279	1.7873913	1.0191801	-0.2583259	1.6043015	1.0331619	-0.0697651	1.6012611	1.0187977	-0.1726466	1.8668360	0.5627296	0.0006813	1.6759467	0.5091606	-0.2773281	1.8720800	0.5722445	-0.1137002	1.6794173	0.5048745	-0.1595446	1.8634917	0.1026347	-0.0280736	1.2973600	0.2496676	-0.2701800	1.8882744	0.1167506	-0.1280488	1.3195124	0.2316727	-0.1704732	1.8030293	0.0731055	-0.0902099	1.2471857	0.2946433	-0.2119808	2.0235088	0.0645280	-0.0810210	1.3296731	0.0777438	-0.2196150	1.9790076	0.0542613	-0.0204211	1.3041261	0.1190226	-0.2821500	1.8482173	0.8411652	0.0368496	1.8535065	0.7302414	0.0440528	1.7381732	0.8039985	0.0646241	1.7875174	0.7737807	-0.2790543	1.7427609	0.6718697	-0.3002871	1.6705255	0.7916155	-0.3123750	1.8732074	0.4195877	0.0102829	1.9070052	0.2851216	0.0121801	1.8239835	0.2924603	0.0139227	1.5659205	0.4175424	-0.2930427	1.4750023	0.3151583	-0.3017519	1.4322897	0.3893318	-0.3027669	1.7034691	0.9540339	-0.0283083	1.7007028	0.9318524	-0.1982483	1.6350425	1.1892591	0.1445882	1.7097606	1.2121513	-0.4092074	1.5931159	1.1762470	0.0485287	1.6928537	1.1867312	-0.3126397	1.6121403	0.9203934	0.1025659	1.8955920	1.0233213	-0.3882546	1.5328152	0.9374197	0.1316184	1.8265508	0.9775899	-0.4047926
344	5.7166667	1.7170800	1.4661279	-0.1115700	1.7261900	1.4538279	0.0556600	1.6608200	1.1668379	0.1092900	1.5999000	0.8936479	0.1064900	1.7216700	1.4788079	-0.2802400	1.7169100	1.2029879	-0.3530500	1.8920200	1.0017579	-0.3887000	1.7623000	0.9513279	-0.1130600	1.7711700	0.9534779	-0.0059900	1.8805400	0.5501379	-0.0610100	1.8703700	0.0846579	-0.0845200	1.7597500	0.9501079	-0.2211000	1.7278400	0.5311679	-0.2227400	1.3435000	0.2565879	-0.2102100	1.3700700	0.0752679	-0.2308500	1.3687000	0.0834679	-0.2303800	1.2920300	0.2589479	-0.2050400	2.0482800	0.0463179	-0.0608000	2.0437500	0.0473179	-0.0607200	1.8247900	0.0314579	-0.0934000	1.6372824	1.5312314	-0.1088568	1.7109480	1.5171710	0.0327486	1.7201223	1.5314535	-0.2522798	1.8161870	1.0575098	0.0053949	1.8114457	1.0220629	-0.2558877	1.6285957	1.0356666	-0.0682903	1.6254805	1.0211766	-0.1704331	1.8774107	0.5606522	0.0008739	1.7252294	0.5124405	-0.2775610	1.8828464	0.5703363	-0.1130180	1.7295550	0.5077324	-0.1594935	1.8653951	0.1002972	-0.0286815	1.3375771	0.2634446	-0.2695864	1.8905489	0.1138118	-0.1285145	1.3601204	0.2444472	-0.1695045	1.8052276	0.0712695	-0.0915987	1.2920708	0.3129551	-0.2114885	2.0245033	0.0606916	-0.0802498	1.3584721	0.0869137	-0.2182703	1.9799906	0.0507284	-0.0201963	1.3355803	0.1305178	-0.2810490	1.8682366	0.8395105	0.0377457	1.8699303	0.7284608	0.0445851	1.7571981	0.8057959	0.0654161	1.8206820	0.7828328	-0.2783976	1.7820244	0.6787267	-0.3000886	1.7022357	0.7937306	-0.3109690	1.8806799	0.4175691	0.0103948	1.9121034	0.2822358	0.0120417	1.8292603	0.2912790	0.0135877	1.6124782	0.4230898	-0.2933270	1.5176020	0.3236378	-0.3019189	1.4775441	0.3991294	-0.3023376	1.7274403	0.9571781	-0.0268610	1.7245125	0.9346827	-0.1959394	1.6687369	1.1883199	0.1464732	1.7295963	1.2138654	-0.4056473	1.6252648	1.1760252	0.0521384	1.7121970	1.1893663	-0.3087158	1.6508017	0.9196115	0.1051435	1.9092726	1.0185427	-0.3845074	1.5710367	0.9352410	0.1345865	1.8380973	0.9747103	-0.3997131
345	5.7333333	1.7406900	1.4704779	-0.1092300	1.7512700	1.4580379	0.0581800	1.6969300	1.1723879	0.1157200	1.6562500	0.8995479	0.1187800	1.7437400	1.4832179	-0.2782700	1.7367200	1.2055479	-0.3497900	1.9050600	0.9986579	-0.3836200	1.7865500	0.9516979	-0.1115400	1.7950800	0.9522379	-0.0031300	1.8912700	0.5467179	-0.0617300	1.8705300	0.0839679	-0.0853900	1.7849500	0.9506079	-0.2209900	1.7756300	0.5387679	-0.2225100	1.3900800	0.2663879	-0.2082000	1.4166000	0.0855079	-0.2310400	1.4163100	0.0938779	-0.2309200	1.3367900	0.2694079	-0.2025700	2.0498100	0.0466179	-0.0614100	2.0452500	0.0474579	-0.0613600	1.8244500	0.0305979	-0.0928100	1.6622089	1.5311319	-0.1051115	1.7382304	1.5171499	0.0350513	1.7427983	1.5311117	-0.2497639	1.8414521	1.0571770	0.0063225	1.8355542	1.0228598	-0.2536995	1.6533150	1.0353668	-0.0663448	1.6498487	1.0213457	-0.1679486	1.8881990	0.5559724	0.0011805	1.7747875	0.5149920	-0.2772573	1.8935775	0.5657664	-0.1123954	1.7800353	0.5103277	-0.1587572	1.8678176	0.0956642	-0.0287541	1.3820285	0.2715491	-0.2680610	1.8931964	0.1086731	-0.1285350	1.4051678	0.2518218	-0.1676342	1.8077480	0.0669986	-0.0924597	1.3385763	0.3226242	-0.2095792	2.0262879	0.0549317	-0.0793015	1.3989172	0.0934932	-0.2168732	1.9816723	0.0450358	-0.0194722	1.3767944	0.1380080	-0.2797580	1.8889340	0.8347573	0.0385620	1.8868142	0.7238434	0.0451549	1.7768648	0.8048181	0.0664105	1.8538229	0.7900008	-0.2778235	1.8214167	0.6840507	-0.2996912	1.7340526	0.7937002	-0.3097066	1.8884101	0.4131124	0.0107123	1.9175279	0.2770811	0.0121894	1.8350311	0.2876494	0.0136979	1.6606849	0.4268708	-0.2928815	1.5635282	0.3289889	-0.3013078	1.5248229	0.4051978	-0.3011643	1.7520128	0.9572215	-0.0254768	1.7483243	0.9352743	-0.1940556	1.7043497	1.1855893	0.1490210	1.7496405	1.2130538	-0.4023709	1.6595936	1.1736554	0.0568425	1.7319653	1.1894607	-0.3052228	1.6942924	0.9175745	0.1089373	1.9226346	1.0113301	-0.3806829	1.6142511	0.9308932	0.1387804	1.8496706	0.9694411	-0.3946672
346	5.7500000	1.7633200	1.4759779	-0.1071500	1.7749000	1.4642879	0.0596200	1.7245500	1.1777079	0.1168100	1.7019600	0.9020279	0.1241000	1.7651400	1.4881479	-0.2756800	1.7555900	1.2070679	-0.3466400	1.9161600	0.9957479	-0.3788200	1.8121900	0.9493679	-0.1104800	1.8202400	0.9488979	-0.0004500	1.8999600	0.5410979	-0.0609100	1.8713100	0.0837679	-0.0865000	1.8111400	0.9495379	-0.2215400	1.8205400	0.5479079	-0.2244300	1.4362900	0.2707979	-0.2068000	1.4729900	0.0938079	-0.2302100	1.4722200	0.1023779	-0.2303000	1.3812400	0.2724179	-0.2006400	2.0507800	0.0464179	-0.0614800	2.0461200	0.0472979	-0.0614300	1.8249300	0.0300779	-0.0928200	1.6884564	1.5290947	-0.1016771	1.7667031	1.5151674	0.0372685	1.7669313	1.5286809	-0.2474506	1.8682623	1.0537060	0.0075606	1.8608661	1.0215973	-0.2521612	1.6792976	1.0323006	-0.0643240	1.6753681	1.0192342	-0.1657486	1.9003324	0.5490120	0.0014721	1.8245346	0.5167034	-0.2769855	1.9053664	0.5588576	-0.1119524	1.8307924	0.5124211	-0.1581279	1.8713941	0.0891087	-0.0286983	1.4304700	0.2738044	-0.2662509	1.8968070	0.1017009	-0.1284762	1.4544153	0.2535664	-0.1656930	1.8110617	0.0605981	-0.0931032	1.3865082	0.3237428	-0.2070395	2.0294986	0.0476791	-0.0786169	1.4503603	0.0967847	-0.2161498	1.9846500	0.0376445	-0.0187129	1.4271939	0.1409874	-0.2789404	1.9112186	0.8270884	0.0390536	1.9051715	0.7166028	0.0455606	1.7982149	0.8011768	0.0674365	1.8874687	0.7949900	-0.2777139	1.8612270	0.6876382	-0.2995482	1.7667911	0.7915976	-0.3088775	1.8974491	0.4065146	0.0110182	1.9241649	0.2699103	0.0123255	1.8421429	0.2819423	0.0139767	1.7104159	0.4287168	-0.2922885	1.6125948	0.3310106	-0.3005433	1.5739682	0.4073839	-0.2998216	1.7780709	0.9542167	-0.0243029	1.7733351	0.9335272	-0.1929344	1.7406834	1.1816818	0.1512669	1.7703983	1.2101365	-0.3995924	1.6947036	1.1697705	0.0613573	1.7525191	1.1874033	-0.3021763	1.7398122	0.9149043	0.1120760	1.9366857	1.0025521	-0.3768920	1.6602642	0.9252728	0.1427033	1.8622348	0.9625495	-0.3902880
347	5.7666667	1.7849300	1.4830779	-0.1054700	1.7964500	1.4732579	0.0605200	1.7384200	1.1840879	0.1099000	1.7277900	0.8981679	0.1170900	1.7867300	1.4924879	-0.2732600	1.7749300	1.2080779	-0.3445000	1.9259000	0.9919579	-0.3742000	1.8385000	0.9513479	-0.1103300	1.8452700	0.9520079	0.0013100	1.9065100	0.5385679	-0.0590300	1.8716000	0.0845079	-0.0873900	1.8385800	0.9515379	-0.2228500	1.8636200	0.5546879	-0.2265600	1.4815300	0.2697479	-0.2057700	1.5371700	0.1032779	-0.2311300	1.5316800	0.1109079	-0.2298800	1.4260600	0.2682779	-0.1993400	2.0502200	0.0464679	-0.0610400	2.0455900	0.0474279	-0.0609900	1.8255100	0.0302879	-0.0933700	1.7146528	1.5319722	-0.0991879	1.7947132	1.5181632	0.0387912	1.7914735	1.5311278	-0.2458384	1.8953992	1.0543340	0.0084998	1.8867988	1.0250587	-0.2516244	1.7056837	1.0332220	-0.0630836	1.7014068	1.0213836	-0.1645900	1.9126190	0.5466587	0.0013118	1.8729395	0.5239560	-0.2773455	1.9171818	0.5564509	-0.1120357	1.8801843	0.5202151	-0.1583793	1.8750759	0.0874355	-0.0291651	1.4814158	0.2763675	-0.2650219	1.9004198	0.0996663	-0.1288588	1.5063185	0.2558616	-0.1646506	1.8142762	0.0589262	-0.0941353	1.4348092	0.3228071	-0.2049025	2.0329521	0.0455598	-0.0786286	1.5102358	0.1026160	-0.2168671	1.9877479	0.0352836	-0.0185157	1.4845193	0.1454635	-0.2792933	1.9339170	0.8234743	0.0387235	1.9238246	0.7136641	0.0453172	1.8201793	0.8019068	0.0678718	1.9206746	0.8043057	-0.2784541	1.9002975	0.6959820	-0.3001366	1.7997244	0.7942696	-0.3089071	1.9066381	0.4046045	0.0107958	1.9308764	0.2675316	0.0119027	1.8494319	0.2809844	0.0137960	1.7601172	0.4348738	-0.2922421	1.6632574	0.3359299	-0.3003612	1.6234774	0.4118843	-0.2990555	1.8047185	0.9552504	-0.0238932	1.7990837	0.9362288	-0.1929997	1.7744768	1.1831343	0.1518481	1.7913705	1.2116864	-0.3975909	1.7273082	1.1712270	0.0637424	1.7727397	1.1898368	-0.2996564	1.7819694	0.9175669	0.1124996	1.9507294	0.9987208	-0.3734779	1.7036199	0.9250583	0.1442840	1.8748802	0.9606668	-0.3871858
348	5.7833333	1.8056900	1.4886679	-0.1046700	1.8159700	1.4806379	0.0599500	1.7444400	1.1789379	0.0966600	1.7384800	0.8883679	0.1002300	1.8085400	1.4965479	-0.2709900	1.7949000	1.2086379	-0.3433900	1.9346500	0.9881679	-0.3698900	1.8661700	0.9544179	-0.1114500	1.8718700	0.9550779	0.0007500	1.9128900	0.5383979	-0.0569300	1.8720800	0.0847779	-0.0876700	1.8675400	0.9541679	-0.2244400	1.9054600	0.5616679	-0.2251700	1.5284300	0.2646679	-0.2041400	1.6110500	0.1112379	-0.2351800	1.5989300	0.1152979	-0.2311000	1.4734600	0.2590179	-0.1984000	2.0500900	0.0453079	-0.0603700	2.0456300	0.0462479	-0.0603200	1.8254000	0.0316079	-0.0939600	1.7410806	1.5362095	-0.0981573	1.8224217	1.5226171	0.0391300	1.8168678	1.5349868	-0.2453718	1.9232830	1.0560131	0.0085862	1.9141066	1.0298853	-0.2523285	1.7330908	1.0349196	-0.0632475	1.7287154	1.0244371	-0.1649873	1.9252421	0.5456830	0.0004481	1.9205133	0.5329474	-0.2786170	1.9294325	0.5552650	-0.1128733	1.9285793	0.5297627	-0.1598074	1.8792725	0.0873470	-0.0305121	1.5354817	0.2755066	-0.2650675	1.9045901	0.0992436	-0.1300036	1.5614427	0.2550350	-0.1651573	1.8179467	0.0587872	-0.0958977	1.4846478	0.3165055	-0.2039606	2.0370621	0.0450488	-0.0795298	1.5778029	0.1070097	-0.2194898	1.9913492	0.0345431	-0.0191836	1.5484212	0.1476409	-0.2813110	1.9573188	0.8207367	0.0373102	1.9430137	0.7118108	0.0441646	1.8430400	0.8038593	0.0672524	1.9542262	0.8144019	-0.2802787	1.9393070	0.7054701	-0.3017164	1.8336730	0.7983680	-0.3100990	1.9162050	0.4041254	0.0097801	1.9379563	0.2666819	0.0106564	1.8571258	0.2814713	0.0127897	1.8102740	0.4414688	-0.2931711	1.7160246	0.3399754	-0.3012738	1.6739363	0.4148459	-0.2994044	1.8325419	0.9571885	-0.0247141	1.8264217	0.9400463	-0.1945383	1.8047924	1.1858164	0.1496903	1.8131411	1.2141999	-0.3965017	1.7567231	1.1742157	0.0627508	1.7928479	1.1933292	-0.2977313	1.8181899	0.9207872	0.1093440	1.9652361	0.9963164	-0.3711080	1.7415163	0.9262059	0.1418678	1.8877398	0.9603060	-0.3856711
349	5.8000000	1.8252700	1.4933379	-0.1050800	1.8335000	1.4863279	0.0570300	1.7462300	1.1713979	0.0802200	1.7433000	0.8759479	0.0784800	1.8298100	1.5006779	-0.2686100	1.8144900	1.2100979	-0.3424700	1.9429000	0.9841879	-0.3661500	1.8934900	0.9561279	-0.1128900	1.8979200	0.9565879	-0.0011000	1.9195000	0.5359079	-0.0539500	1.8727200	0.0857279	-0.0872500	1.8962500	0.9553379	-0.2253800	1.9477700	0.5711679	-0.2198500	1.5819200	0.2561479	-0.2016300	1.6897300	0.1177279	-0.2416300	1.6751700	0.1176979	-0.2360900	1.5279900	0.2448779	-0.1979300	2.0495300	0.0453879	-0.0593900	2.0450600	0.0463179	-0.0593200	1.8266000	0.0329179	-0.0946000	1.7661939	1.5391822	-0.0978723	1.8482517	1.5258837	0.0390014	1.8416101	1.5376114	-0.2453100	1.9501165	1.0563840	0.0086028	1.9411927	1.0335270	-0.2532066	1.7598289	1.0349666	-0.0640583	1.7556793	1.0258774	-0.1660924	1.9362608	0.5437700	-0.0001751	1.9662031	0.5409929	-0.2798290	1.9403962	0.5529756	-0.1135314	1.9748836	0.5382817	-0.1613800	1.8822378	0.0865253	-0.0318003	1.5919651	0.2689315	-0.2657620	1.9077847	0.0980815	-0.1309622	1.6190958	0.2488322	-0.1665333	1.8205204	0.0578287	-0.0975427	1.5360839	0.3028632	-0.2036320	2.0401898	0.0438404	-0.0800895	1.6508559	0.1076849	-0.2233019	1.9937642	0.0331723	-0.0196225	1.6171136	0.1453597	-0.2842856	1.9794659	0.8165626	0.0358885	1.9607885	0.7087151	0.0431158	1.8647694	0.8046556	0.0664180	1.9867722	0.8228692	-0.2822178	1.9770142	0.7136081	-0.3033169	1.8672182	0.8013840	-0.3114980	1.9242141	0.4027891	0.0089398	1.9435433	0.2650771	0.0096138	1.8633144	0.2810621	0.0118026	1.8598787	0.4458652	-0.2942106	1.7699058	0.3407158	-0.3025178	1.7245592	0.4137433	-0.3000669	1.8597625	0.9576389	-0.0259063	1.8537349	0.9424705	-0.1965398	1.8296311	1.1870756	0.1455098	1.8341610	1.2153232	-0.3955843	1.7810771	1.1761215	0.0590789	1.8112141	1.1954494	-0.2956606	1.8462841	0.9216397	0.1034746	1.9787717	0.9930124	-0.3691508	1.7713256	0.9259718	0.1358210	1.8992318	0.9591690	-0.3847835
350	5.8166667	1.8439100	1.4966979	-0.1065000	1.8496900	1.4898479	0.0523700	1.7458900	1.1647379	0.0619400	1.7478200	0.8628179	0.0538200	1.8504000	1.5043279	-0.2664700	1.8332200	1.2125179	-0.3412600	1.9505500	0.9795579	-0.3630000	1.9186700	0.9560879	-0.1138500	1.9212400	0.9560979	-0.0027000	1.9245400	0.5323779	-0.0490100	1.8744600	0.0867679	-0.0867700	1.9230900	0.9558179	-0.2255300	1.9891400	0.5827679	-0.2136700	1.6446700	0.2439179	-0.2003600	1.7683900	0.1164479	-0.2478800	1.7541800	0.1200879	-0.2439700	1.5919900	0.2266979	-0.1990200	2.0494200	0.0455379	-0.0588600	2.0449100	0.0461179	-0.0586900	1.8301200	0.0353879	-0.0950800	1.7887709	1.5404853	-0.0977847	1.8710342	1.5274834	0.0389554	1.8644555	1.5385164	-0.2451457	1.9741715	1.0551184	0.0092562	1.9664219	1.0355360	-0.2534595	1.7841212	1.0331184	-0.0648079	1.7805556	1.0253979	-0.1671633	1.9441183	0.5406812	0.0000607	2.0088720	0.5476861	-0.2804274	1.9485845	0.5493871	-0.1134107	2.0180025	0.5453141	-0.1624556	1.8828079	0.0846742	-0.0324063	1.6503701	0.2567659	-0.2666093	1.9089316	0.0958810	-0.1311431	1.6788013	0.2374027	-0.1682213	1.8209763	0.0556365	-0.0985385	1.5895308	0.2824063	-0.2035015	2.0412210	0.0418065	-0.0795207	1.7271697	0.1046546	-0.2275754	1.9939074	0.0310343	-0.0191537	1.6888562	0.1387699	-0.2875187	1.9985563	0.8107819	0.0352956	1.9754514	0.7041647	0.0429038	1.8835283	0.8039208	0.0660689	2.0167927	0.8294973	-0.2836310	2.0120146	0.7201314	-0.3043320	1.8987343	0.8029384	-0.3124093	1.9291964	0.4003697	0.0089145	1.9463110	0.2625079	0.0094421	1.8666179	0.2794473	0.0113992	1.9079118	0.4477927	-0.2948178	1.8239538	0.3381081	-0.3035716	1.7746611	0.4084312	-0.3004795	1.8845349	0.9562706	-0.0267011	1.8792577	0.9430968	-0.1981745	1.8478338	1.1865513	0.1399288	1.8530714	1.2148314	-0.3943155	1.7994126	1.1764800	0.0533608	1.8265673	1.1958532	-0.2930151	1.8657123	0.9198429	0.0956062	1.9902530	0.9886140	-0.3669730	1.7921899	0.9239055	0.1266435	1.9082231	0.9570366	-0.3838709
351	5.8333333	1.8614800	1.4994079	-0.1088400	1.8636100	1.4920779	0.0462500	1.7441800	1.1584379	0.0420200	1.7535000	0.8500379	0.0261000	1.8711800	1.5067879	-0.2645600	1.8515400	1.2146079	-0.3399800	1.9565900	0.9760879	-0.3601900	1.9410300	0.9565779	-0.1143400	1.9412900	0.9556779	-0.0040300	1.9309900	0.5275279	-0.0433300	1.8763000	0.0886079	-0.0861500	1.9475100	0.9575179	-0.2249800	2.0277200	0.5917279	-0.2093500	1.7144100	0.2263279	-0.2020100	1.8444400	0.1036579	-0.2503500	1.8367400	0.1085979	-0.2501100	1.6634100	0.2029379	-0.2016800	2.0484500	0.0446879	-0.0598500	2.0438100	0.0448179	-0.0592900	1.8348800	0.0412479	-0.0947500	1.8086722	1.5423581	-0.0979973	1.8906793	1.5295664	0.0389835	1.8853618	1.5399346	-0.2450744	1.9948667	1.0546030	0.0104504	1.9891973	1.0380776	-0.2532537	1.8052708	1.0318738	-0.0655652	1.8026495	1.0253952	-0.1682765	1.9487386	0.5385891	0.0008234	2.0476811	0.5548781	-0.2805575	1.9537673	0.5467699	-0.1128294	2.0570123	0.5527336	-0.1629789	1.8809936	0.0839141	-0.0324818	1.7113062	0.2406673	-0.2676362	1.9078045	0.0947815	-0.1307090	1.7410659	0.2226086	-0.1700630	1.8192884	0.0542472	-0.0989753	1.6462109	0.2573165	-0.2037829	2.0398701	0.0411392	-0.0781285	1.8061602	0.0993952	-0.2316532	1.9916772	0.0303186	-0.0181398	1.7634910	0.1293862	-0.2905264	2.0141457	0.8058062	0.0353501	1.9867208	0.7004557	0.0432787	1.8989408	0.8038602	0.0661110	2.0437155	0.8363567	-0.2846444	2.0436113	0.7270345	-0.3049349	1.9274161	0.8051366	-0.3130153	1.9311691	0.3990154	0.0093718	1.9462924	0.2611240	0.0097817	1.8671216	0.2787696	0.0113864	1.9538759	0.4490324	-0.2951085	1.8781177	0.3339613	-0.3044154	1.8242236	0.4004960	-0.3007610	1.9061773	0.9554844	-0.0270951	1.9022664	0.9441693	-0.1994481	1.8596489	1.1863837	0.1326912	1.8696791	1.2149939	-0.3928935	1.8122462	1.1773208	0.0453934	1.8388516	1.1967403	-0.2901494	1.8774983	0.9178174	0.0855479	1.9996962	0.9854362	-0.3646488	1.8050587	0.9221428	0.1139519	1.9147565	0.9561218	-0.3831388
352	5.8500000	1.8776400	1.5004979	-0.1124100	1.8733300	1.4924079	0.0376600	1.7421700	1.1508679	0.0203000	1.7598300	0.8382879	-0.0043700	1.8931000	1.5084979	-0.2623400	1.8705300	1.2169479	-0.3392600	1.9617100	0.9729079	-0.3577000	1.9616800	0.9568179	-0.1146700	1.9592000	0.9561279	-0.0063400	1.9368100	0.5279779	-0.0381900	1.8774200	0.0923779	-0.0849400	1.9700600	0.9593679	-0.2230000	2.0609300	0.5991579	-0.2071200	1.7856700	0.2037879	-0.2039400	1.9165700	0.0865079	-0.2461500	1.9131200	0.0917079	-0.2484100	1.7367700	0.1734279	-0.2033200	2.0455600	0.0422979	-0.0631400	2.0407700	0.0422179	-0.0617700	1.8395000	0.0496379	-0.0937800	1.8270155	1.5439013	-0.0988053	1.9084078	1.5312981	0.0387668	1.9053740	1.5410411	-0.2454323	2.0134384	1.0541906	0.0118395	2.0107186	1.0403853	-0.2529970	1.8243345	1.0306909	-0.0665944	1.8230119	1.0252962	-0.1697167	1.9519153	0.5368976	0.0014946	2.0826964	0.5612730	-0.2803347	1.9576138	0.5446340	-0.1123701	2.0918818	0.5593708	-0.1629698	1.8783078	0.0835402	-0.0325867	1.7751482	0.2204367	-0.2684625	1.9057612	0.0941047	-0.1303125	1.8061314	0.2044455	-0.1714673	1.8168735	0.0531630	-0.0994253	1.7070384	0.2280098	-0.2041952	2.0374046	0.0408305	-0.0766868	1.8868194	0.0914760	-0.2345431	1.9884825	0.0300830	-0.0173269	1.8404481	0.1168478	-0.2925161	2.0276217	0.8010761	0.0355649	1.9961414	0.6969907	0.0436898	1.9124387	0.8037044	0.0661428	2.0684879	0.8421354	-0.2854879	2.0723756	0.7329994	-0.3053323	1.9539753	0.8069886	-0.3135982	1.9319352	0.3980765	0.0097374	1.9452118	0.2602071	0.0100343	1.8665159	0.2783681	0.0112654	1.9977900	0.4485823	-0.2951034	1.9324892	0.3276132	-0.3048552	1.8735234	0.3891890	-0.3008382	1.9258047	0.9545745	-0.0273922	1.9238139	0.9449064	-0.2006597	1.8668772	1.1856826	0.1231724	1.8854582	1.2150925	-0.3917693	1.8216362	1.1776627	0.0346947	1.8496318	1.1974031	-0.2877207	1.8838844	0.9150128	0.0726455	2.0085429	0.9827510	-0.3624367	1.8123351	0.9198816	0.0969546	1.9203844	0.9555275	-0.3831043
353	5.8666667	1.8923400	1.5010179	-0.1174200	1.8788300	1.4915879	0.0260700	1.7409700	1.1424679	-0.0032000	1.7655100	0.8276879	-0.0360700	1.9160100	1.5099679	-0.2598000	1.8915700	1.2193679	-0.3398000	1.9668300	0.9695379	-0.3557400	1.9809300	0.9580679	-0.1156400	1.9756800	0.9570479	-0.0110300	1.9428100	0.5281779	-0.0359800	1.8794300	0.0965579	-0.0835000	1.9917200	0.9608379	-0.2200000	2.0902200	0.6023579	-0.2065800	1.8552000	0.1811679	-0.2035400	1.9904700	0.0743979	-0.2364400	1.9872400	0.0788579	-0.2396500	1.8079300	0.1458379	-0.2026200	2.0433400	0.0393379	-0.0674500	2.0385800	0.0394279	-0.0650700	1.8424600	0.0577079	-0.0930900	1.8440791	1.5461003	-0.1007812	1.9244902	1.5337639	0.0375154	1.9245711	1.5429424	-0.2465730	2.0303302	1.0550350	0.0125695	2.0313849	1.0435777	-0.2533247	1.8418182	1.0309216	-0.0686768	1.8421274	1.0264559	-0.1721958	1.9544085	0.5369195	0.0010330	2.1139231	0.5676216	-0.2798802	1.9609026	0.5443501	-0.1129852	2.1224040	0.5661444	-0.1625334	1.8753548	0.0848081	-0.0337131	1.8408568	0.1992887	-0.2688515	1.9033951	0.0951659	-0.1309805	1.8726044	0.1862102	-0.1719774	1.8143021	0.0538968	-0.1009223	1.7710360	0.1981829	-0.2045846	2.0343455	0.0419349	-0.0762356	1.9671714	0.0840122	-0.2354760	1.9848596	0.0313764	-0.0176982	1.9181170	0.1043060	-0.2929738	2.0394910	0.7979377	0.0350024	2.0043145	0.6951162	0.0431795	1.9245232	0.8047395	0.0652220	2.0916202	0.8477093	-0.2864902	2.0986778	0.7388064	-0.3057976	1.9787423	0.8094701	-0.3147302	1.9322596	0.3987872	0.0090113	1.9437795	0.2609446	0.0092193	1.8655198	0.2794974	0.0100516	2.0393326	0.4478136	-0.2948818	1.9863263	0.3211165	-0.3047675	1.9221531	0.3766836	-0.3008230	1.9437658	0.9548615	-0.0284567	1.9441917	0.9466032	-0.2025552	1.8703859	1.1855622	0.1103777	1.9012395	1.2163393	-0.3917636	1.8287192	1.1785112	0.0205342	1.8597903	1.1990910	-0.2868494	1.8859540	0.9126989	0.0559119	2.0173141	0.9815924	-0.3609268	1.8153413	0.9183126	0.0747397	1.9259063	0.9561607	-0.3847195
354	5.8833333	1.9065800	1.5017079	-0.1232300	1.8834800	1.4908979	0.0132400	1.7404500	1.1358979	-0.0278600	1.7705700	0.8162379	-0.0673400	1.9389900	1.5092079	-0.2576900	1.9149400	1.2192079	-0.3415000	1.9714300	0.9636379	-0.3537600	2.0010600	0.9563079	-0.1186700	1.9926500	0.9537779	-0.0183600	1.9484800	0.5293079	-0.0365100	1.8844700	0.0972279	-0.0820100	2.0146300	0.9603179	-0.2185000	2.1167800	0.6005779	-0.2072900	1.9232500	0.1629779	-0.2030300	2.0700500	0.0758379	-0.2263500	2.0659200	0.0782079	-0.2295900	1.8777100	0.1246179	-0.2017900	2.0458700	0.0379679	-0.0687200	2.0411300	0.0388179	-0.0655500	1.8467800	0.0586779	-0.0929300	1.8620914	1.5450455	-0.1050367	1.9411634	1.5330908	0.0338451	1.9448510	1.5418084	-0.2494011	2.0480511	1.0528971	0.0112777	2.0533318	1.0435672	-0.2555352	1.8602510	1.0283965	-0.0729772	1.8623667	1.0247909	-0.1768762	1.9588982	0.5347437	-0.0018563	2.1439754	0.5700339	-0.2800837	1.9663653	0.5419603	-0.1159635	2.1511661	0.5692535	-0.1626929	1.8745850	0.0838792	-0.0371545	1.9091806	0.1763743	-0.2697354	1.9032771	0.0941405	-0.1340869	1.9409587	0.1668722	-0.1725398	1.8139445	0.0527033	-0.1048391	1.8387971	0.1671781	-0.2058505	2.0334216	0.0406619	-0.0779934	2.0475131	0.0760362	-0.2354204	1.9834092	0.0303442	-0.0203649	1.9969568	0.0908919	-0.2929365	2.0523240	0.7924180	0.0323598	2.0138493	0.6909098	0.0404839	1.9376449	0.8030055	0.0620166	2.1155445	0.8492160	-0.2886899	2.1250758	0.7405542	-0.3072909	2.0041290	0.8085368	-0.3175483	1.9347493	0.3972074	0.0059490	1.9445676	0.2593724	0.0061434	1.8666524	0.2783073	0.0064862	2.0806413	0.4436627	-0.2953630	2.0409797	0.3121917	-0.3050890	1.9719688	0.3610053	-0.3017154	1.9624595	0.9522783	-0.0316844	1.9656074	0.9452949	-0.2065114	1.8725544	1.1824119	0.0930850	1.9191741	1.2148702	-0.3940157	1.8359157	1.1761352	0.0019368	1.8717345	1.1979722	-0.2889428	1.8860420	0.9073527	0.0340042	2.0278671	0.9779719	-0.3609432	1.8167156	0.9139263	0.0463244	1.9335617	0.9539381	-0.3890455
355	5.9000000	1.9220200	1.5008579	-0.1285200	1.8914400	1.4895579	0.0020800	1.7401500	1.1318179	-0.0525100	1.7773100	0.8033279	-0.0980600	1.9611000	1.5077879	-0.2564000	1.9388700	1.2170379	-0.3431400	1.9725800	0.9546679	-0.3503100	2.0209000	0.9538879	-0.1228900	2.0083700	0.9503479	-0.0256000	1.9583700	0.5284179	-0.0371000	1.8916500	0.0930279	-0.0800900	2.0382900	0.9587479	-0.2193700	2.1423700	0.5957979	-0.2073400	1.9907900	0.1521479	-0.2048000	2.1535200	0.0862979	-0.2208800	2.1488500	0.0865579	-0.2234700	1.9464900	0.1118679	-0.2032600	2.0529800	0.0387579	-0.0643900	2.0480300	0.0407579	-0.0610100	1.8514500	0.0523579	-0.0922700	1.8800404	1.5432225	-0.1102999	1.9574629	1.5316174	0.0288295	1.9649648	1.5401790	-0.2525896	2.0656973	1.0499770	0.0087730	2.0750359	1.0425751	-0.2587264	1.8787258	1.0252977	-0.0783248	1.8825543	1.0224931	-0.1825468	1.9646802	0.5323941	-0.0060085	2.1722599	0.5710594	-0.2803400	1.9732648	0.5394092	-0.1202504	2.1778362	0.5711378	-0.1628611	1.8750834	0.0829712	-0.0416393	1.9784368	0.1560958	-0.2706652	1.9044649	0.0932246	-0.1384157	2.0095383	0.1505155	-0.1729114	1.8147638	0.0515481	-0.1099333	1.9085145	0.1393200	-0.2074016	2.0339746	0.0396959	-0.0806252	2.1264035	0.0717758	-0.2344811	1.9834008	0.0295287	-0.0239055	2.0754004	0.0809787	-0.2923598	2.0654091	0.7867401	0.0286812	2.0240443	0.6865356	0.0367359	1.9509159	0.8007885	0.0576295	2.1391431	0.8493960	-0.2913329	2.1506576	0.7409323	-0.3091052	2.0289052	0.8066421	-0.3212055	1.9386285	0.3953812	0.0017031	1.9467669	0.2575757	0.0019986	1.8691062	0.2769982	0.0018230	2.1208729	0.4392401	-0.2959372	2.0950774	0.3044168	-0.3053669	2.0219430	0.3459640	-0.3028955	1.9809196	0.9491540	-0.0361534	1.9867516	0.9433265	-0.2115608	1.8727445	1.1786979	0.0727069	1.9380084	1.2129659	-0.3970004	1.8426430	1.1729697	-0.0194923	1.8844805	1.1964049	-0.2927322	1.8838965	0.9015503	0.0083150	2.0383022	0.9740162	-0.3610030	1.8162483	0.9092539	0.0134945	1.9418551	0.9509678	-0.3946021
356	5.9166667	1.9384400	1.5014079	-0.1328800	1.9026800	1.4894079	-0.0070000	1.7412000	1.1284979	-0.0766200	1.7886100	0.7912979	-0.1291600	1.9823500	1.5057979	-0.2555700	1.9618600	1.2153679	-0.3440700	1.9718500	0.9408979	-0.3458900	2.0371900	0.9501979	-0.1257600	2.0196900	0.9451479	-0.0304100	1.9706700	0.5243979	-0.0364300	1.8951100	0.0885579	-0.0787300	2.0596100	0.9556679	-0.2199700	2.1680000	0.5927079	-0.2045100	2.0596000	0.1488379	-0.2069300	2.2273400	0.1056679	-0.2228200	2.2229600	0.1045879	-0.2243900	2.0166300	0.1072379	-0.2058800	2.0561900	0.0405879	-0.0588800	2.0505200	0.0439079	-0.0559000	1.8511100	0.0449579	-0.0911600	1.8948014	1.5401930	-0.1139878	1.9703411	1.5287386	0.0249942	1.9816647	1.5375801	-0.2536545	2.0800738	1.0457145	0.0076059	2.0930998	1.0399863	-0.2604394	1.8939214	1.0210221	-0.0820732	1.8992733	1.0189523	-0.1865743	1.9686414	0.5289977	-0.0086581	2.1962695	0.5706176	-0.2790100	1.9784605	0.5357747	-0.1232044	2.2003905	0.5715156	-0.1614583	1.8733482	0.0814735	-0.0445737	2.0452830	0.1395481	-0.2702815	1.9034610	0.0917282	-0.1413639	2.0753530	0.1378480	-0.1721546	1.8132675	0.0495573	-0.1136285	1.9771174	0.1155220	-0.2077133	2.0325243	0.0387636	-0.0815371	2.2004749	0.0720626	-0.2323748	1.9813575	0.0285854	-0.0256952	2.1498831	0.0756169	-0.2905612	2.0756567	0.7801946	0.0266770	2.0317880	0.6812307	0.0346666	1.9611139	0.7974088	0.0547593	2.1590597	0.8482106	-0.2924413	2.1723193	0.7399464	-0.3093464	2.0497259	0.8034697	-0.3233833	1.9406372	0.3925163	-0.0010693	1.9470038	0.2548073	-0.0005750	1.8695316	0.2749514	-0.0012926	2.1572600	0.4348871	-0.2949482	2.1453954	0.2983956	-0.3042868	2.0691775	0.3324014	-0.3025922	1.9959222	0.9448664	-0.0392715	2.0043035	0.9400585	-0.2151562	1.8690069	1.1741042	0.0523285	1.9549154	1.2099250	-0.3978341	1.8467555	1.1685691	-0.0403919	1.8955879	1.1936665	-0.2955888	1.8783443	0.8950161	-0.0183851	2.0454276	0.9689407	-0.3584504	1.8126714	0.9038750	-0.0204026	1.9478141	0.9464460	-0.3985754
357	5.9333333	1.9540300	1.4990879	-0.1379700	1.9123300	1.4866179	-0.0176800	1.7457600	1.1245279	-0.1003800	1.8050200	0.7814279	-0.1602400	2.0026100	1.5031479	-0.2550700	1.9842500	1.2126579	-0.3449500	1.9728600	0.9286679	-0.3432900	2.0497300	0.9420679	-0.1261400	2.0257300	0.9348679	-0.0333000	1.9767900	0.5195379	-0.0367900	1.8907700	0.0890679	-0.0793800	2.0782400	0.9497979	-0.2173800	2.1940500	0.5914979	-0.1998400	2.1337600	0.1430079	-0.2070000	2.2949800	0.1251679	-0.2313600	2.2911600	0.1238279	-0.2320200	2.0971100	0.0969079	-0.2055300	2.0495100	0.0376279	-0.0601700	2.0424700	0.0420379	-0.0581700	1.8463800	0.0411079	-0.0908300	1.9063671	1.5329451	-0.1153010	1.9799153	1.5213249	0.0233731	1.9949815	1.5308825	-0.2521675	2.0907917	1.0371278	0.0088481	2.1074462	1.0326185	-0.2596333	1.9053024	1.0127309	-0.0833639	1.9121192	1.0112168	-0.1880911	1.9694257	0.5213359	-0.0086911	2.2161534	0.5658020	-0.2757949	1.9806331	0.5278283	-0.1236494	2.2192781	0.5673179	-0.1582375	1.8683034	0.0760786	-0.0451225	2.1113107	0.1237829	-0.2686501	1.8991473	0.0862973	-0.1420141	2.1403492	0.1257635	-0.1705802	1.8085618	0.0434411	-0.1150299	2.0465272	0.0921078	-0.2067014	2.0276198	0.0344025	-0.0801833	2.2717540	0.0748044	-0.2300245	1.9759699	0.0240990	-0.0251907	2.2222043	0.0725244	-0.2881550	2.0821904	0.7694715	0.0274366	2.0360000	0.6717231	0.0353143	1.9675791	0.7897840	0.0543954	2.1749413	0.8427854	-0.2913706	2.1898694	0.7347499	-0.3074697	2.0663244	0.7960016	-0.3232281	1.9395062	0.3853907	-0.0013641	1.9440781	0.2478247	-0.0007039	1.8667566	0.2689695	-0.0019363	2.1903072	0.4277922	-0.2921958	2.1928568	0.2913528	-0.3019106	2.1145427	0.3173963	-0.3005067	2.0071467	0.9363373	-0.0399275	2.0180811	0.9322809	-0.2161933	1.8624826	1.1658412	0.0331785	1.9699508	1.2029606	-0.3957046	1.8486945	1.1601272	-0.0595221	1.9055469	1.1868996	-0.2970192	1.8709663	0.8852972	-0.0452961	2.0495285	0.9602970	-0.3527943	1.8076656	0.8951393	-0.0538705	1.9520454	0.9376695	-0.4001738
358	5.9500000	1.9652000	1.4970979	-0.1467000	1.9129500	1.4837079	-0.0356700	1.7541300	1.1191679	-0.1230400	1.8257300	0.7725279	-0.1895400	2.0214200	1.5013679	-0.2552500	2.0046600	1.2109679	-0.3460200	1.9781100	0.9211279	-0.3440800	2.0618700	0.9326079	-0.1256900	2.0298200	0.9224679	-0.0370100	1.9780000	0.5127279	-0.0401600	1.8845600	0.0926879	-0.0817200	2.0978800	0.9430579	-0.2122600	2.2196900	0.5887479	-0.1968400	2.2033000	0.1433179	-0.2058000	2.3575600	0.1454479	-0.2401000	2.3513700	0.1471979	-0.2405800	2.1743000	0.0951879	-0.2019900	2.0322300	0.0358479	-0.0674900	2.0247200	0.0397679	-0.0668500	1.8397700	0.0459679	-0.0911900	1.9177283	1.5245646	-0.1166028	1.9889441	1.5127183	0.0218245	2.0080857	1.5230869	-0.2504515	2.1006111	1.0274603	0.0109443	2.1217539	1.0237964	-0.2579141	1.9158064	1.0036305	-0.0843829	1.9244500	1.0025447	-0.1892799	1.9695008	0.5126749	-0.0080190	2.2347126	0.5596150	-0.2726709	1.9822823	0.5188298	-0.1231701	2.2369881	0.5615612	-0.1553841	1.8625896	0.0702233	-0.0451079	2.1786552	0.1128189	-0.2677571	1.8940385	0.0803077	-0.1418530	2.2065551	0.1181453	-0.1702924	1.8034020	0.0369032	-0.1156644	2.1186166	0.0729658	-0.2065115	2.0212811	0.0295301	-0.0786017	2.3423917	0.0840188	-0.2292872	1.9693875	0.0191313	-0.0244088	2.2945359	0.0758003	-0.2870174	2.0875728	0.7576706	0.0289688	2.0391484	0.6611562	0.0366508	1.9732251	0.7810460	0.0544225	2.1900113	0.8359688	-0.2896510	2.2063778	0.7282838	-0.3051302	2.0823068	0.7873710	-0.3224827	1.9377464	0.3773596	-0.0011284	1.9404145	0.2400714	-0.0003208	1.8634309	0.2624237	-0.0020265	2.2225690	0.4213008	-0.2897323	2.2399051	0.2868185	-0.3002337	2.1604640	0.3046733	-0.2986903	2.0176685	0.9266385	-0.0399048	2.0317022	0.9231159	-0.2164429	1.8569685	1.1568992	0.0137345	1.9858971	1.1954038	-0.3929365	1.8515491	1.1505833	-0.0787756	1.9177141	1.1793618	-0.2995794	1.8663058	0.8753479	-0.0744788	2.0541703	0.9515824	-0.3465840	1.8057856	0.8860941	-0.0881075	1.9580627	0.9279871	-0.4013800
359	5.9666667	1.9717000	1.4931979	-0.1603100	1.9036700	1.4788479	-0.0629700	1.7652300	1.1121379	-0.1428400	1.8497000	0.7671379	-0.2162400	2.0393900	1.4989979	-0.2560600	2.0220700	1.2086779	-0.3463600	1.9876700	0.9141679	-0.3469400	2.0764900	0.9236179	-0.1278000	2.0349600	0.9112879	-0.0446200	1.9809700	0.5061779	-0.0442400	1.8803500	0.0966679	-0.0843700	2.1207500	0.9369279	-0.2082900	2.2434900	0.5823879	-0.1972300	2.2726900	0.1471079	-0.2041500	2.4257700	0.1473079	-0.2389900	2.4163200	0.1525279	-0.2398000	2.2500300	0.1023779	-0.1975000	2.0235700	0.0342679	-0.0730100	2.0160600	0.0374479	-0.0732900	1.8367800	0.0501979	-0.0925100	1.9313319	1.5167755	-0.1217836	1.9992763	1.5049633	0.0165485	2.0238946	1.5159306	-0.2518515	2.1119144	1.0184989	0.0107237	2.1393944	1.0154559	-0.2584926	1.9281935	0.9958263	-0.0890742	1.9394712	0.9951336	-0.1940974	1.9720068	0.5046003	-0.0100602	2.2543872	0.5531038	-0.2728940	1.9866391	0.5103194	-0.1250275	2.2552543	0.5554008	-0.1562096	1.8595402	0.0653170	-0.0473658	2.2478489	0.1078741	-0.2696086	1.8914321	0.0751959	-0.1434805	2.2740000	0.1162002	-0.1731245	1.8009854	0.0315406	-0.1181644	2.1929267	0.0600594	-0.2095260	2.0166812	0.0251554	-0.0794768	2.4129782	0.0993982	-0.2307130	1.9646722	0.0147689	-0.0260606	2.3676447	0.0855627	-0.2880766	2.0945381	0.7466999	0.0276675	2.0440691	0.6513112	0.0351991	1.9807721	0.7729232	0.0512280	2.2074679	0.8290316	-0.2901998	2.2248268	0.7217078	-0.3053943	2.1010999	0.7791563	-0.3246079	1.9385143	0.3699487	-0.0037100	1.9391432	0.2331271	-0.0026013	1.8628504	0.2566623	-0.0047451	2.2560330	0.4164016	-0.2904806	2.2881536	0.2856844	-0.3014795	2.2083513	0.2954805	-0.2999997	2.0300798	0.9175774	-0.0427729	2.0483634	0.9144699	-0.2194058	1.8550615	1.1485063	-0.0088460	2.0046340	1.1888641	-0.3927139	1.8576780	1.1412797	-0.1011934	1.9342933	1.1726603	-0.3063387	1.8678887	0.8664010	-0.1078721	2.0618131	0.9444045	-0.3435690	1.8101958	0.8780100	-0.1249900	1.9681785	0.9191113	-0.4049608
360	5.9833333	1.9775100	1.4894379	-0.1759200	1.8937800	1.4739979	-0.0933100	1.7802300	1.1040179	-0.1585400	1.8790000	0.7610279	-0.2393100	2.0576900	1.4956979	-0.2569800	2.0378800	1.2049679	-0.3456200	1.9989900	0.9081379	-0.3502700	2.0921600	0.9155779	-0.1340200	2.0411300	0.9005779	-0.0569500	1.9885300	0.5008279	-0.0467900	1.8776800	0.0973179	-0.0871700	2.1443300	0.9320179	-0.2080300	2.2635700	0.5749779	-0.1995200	2.3298400	0.1627579	-0.2042500	2.4541500	0.1660279	-0.2357900	2.4457600	0.1695379	-0.2357900	2.3138900	0.1234079	-0.1962900	2.0284000	0.0373279	-0.0711300	2.0214300	0.0399079	-0.0716300	1.8348400	0.0493779	-0.0948800	1.9450131	1.5101298	-0.1328271	2.0083652	1.4989742	0.0050690	2.0402416	1.5099095	-0.2576863	2.1231233	1.0105769	0.0069605	2.1590265	1.0085580	-0.2627570	1.9409952	0.9889517	-0.0988959	1.9558459	0.9890124	-0.2040468	1.9771981	0.4975154	-0.0161598	2.2742133	0.5473980	-0.2777249	1.9939219	0.5025329	-0.1308914	2.2729609	0.5503122	-0.1622223	1.8586090	0.0619765	-0.0531796	2.3096526	0.1090907	-0.2741661	1.8912657	0.0713856	-0.1483250	2.3333225	0.1198093	-0.1793279	1.8008162	0.0278305	-0.1240710	2.2595087	0.0546397	-0.2158422	2.0139499	0.0219109	-0.0834490	2.4730645	0.1180219	-0.2340236	1.9615915	0.0117332	-0.0308150	2.4311505	0.0997105	-0.2907710	2.1026226	0.7372242	0.0222742	2.0505872	0.6428046	0.0297846	1.9891566	0.7656725	0.0436327	2.2258490	0.8225463	-0.2944398	2.2439563	0.7157659	-0.3095417	2.1217354	0.7719040	-0.3308210	1.9415771	0.3636884	-0.0103587	1.9398931	0.2276051	-0.0085855	1.8644508	0.2521528	-0.0114638	2.2875724	0.4137421	-0.2951209	2.3319236	0.2877377	-0.3059144	2.2527967	0.2910291	-0.3049333	2.0427983	0.9092746	-0.0500467	2.0668097	0.9068548	-0.2267617	1.8562509	1.1406321	-0.0345128	2.0239692	1.1837766	-0.3956998	1.8663011	1.1323800	-0.1264842	1.9531944	1.1671741	-0.3175895	1.8759181	0.8583920	-0.1438707	2.0707462	0.9389150	-0.3450733	1.8208550	0.8707836	-0.1627834	1.9805013	0.9116349	-0.4114479
361	6.0000000	1.9890900	1.4849979	-0.1881200	1.8959700	1.4694879	-0.1160100	1.8007300	1.1012879	-0.1699600	1.9141800	0.7508979	-0.2579100	2.0776300	1.4924179	-0.2576700	2.0576600	1.2032879	-0.3465200	2.0117600	0.9015779	-0.3535700	2.1080300	0.9082079	-0.1428600	2.0500100	0.8876579	-0.0715000	1.9955500	0.5039879	-0.0472100	1.8757700	0.0964279	-0.0897000	2.1659300	0.9293779	-0.2112100	2.2806700	0.5685479	-0.2017200	2.3722700	0.1782879	-0.2104900	2.4535900	0.1843379	-0.2342500	2.4480700	0.1847679	-0.2329000	2.3670700	0.1400979	-0.2013600	2.0410500	0.0424179	-0.0641900	2.0353400	0.0442779	-0.0645200	1.8331200	0.0472079	-0.0977200	1.9580880	1.5047536	-0.1479759	2.0155649	1.4946555	-0.0110980	2.0564601	1.5050438	-0.2661164	2.1337771	1.0032250	0.0011140	2.1797318	1.0029998	-0.2688574	1.9537614	0.9826801	-0.1122156	1.9729220	0.9840236	-0.2173619	1.9851275	0.4909305	-0.0244075	2.2943634	0.5429264	-0.2848561	2.0042184	0.4948196	-0.1390205	2.2905033	0.5468099	-0.1711120	1.8594614	0.0599477	-0.0605217	2.3577138	0.1137691	-0.2798709	1.8935396	0.0683189	-0.1546879	2.3781875	0.1258642	-0.1873729	1.8026232	0.0252744	-0.1315862	2.3114141	0.0545964	-0.2238790	2.0133799	0.0196683	-0.0880863	2.5157522	0.1343359	-0.2380288	1.9603371	0.0100000	-0.0363866	2.4778683	0.1133553	-0.2936110	2.1116860	0.7290570	0.0146560	2.0587104	0.6354185	0.0223320	1.9978549	0.7590110	0.0334094	2.2444030	0.8167678	-0.3008031	2.2634740	0.7106981	-0.3157755	2.1435783	0.7654970	-0.3392062	1.9467919	0.3582103	-0.0189264	1.9425377	0.2231249	-0.0161584	1.8678918	0.2486003	-0.0201604	2.3158099	0.4126216	-0.3013852	2.3678045	0.2909057	-0.3114233	2.2903677	0.2905144	-0.3115201	2.0550920	0.9013653	-0.0602919	2.0860795	0.9001089	-0.2369707	1.8615759	1.1329393	-0.0599324	2.0432193	1.1799387	-0.3995822	1.8780010	1.1236891	-0.1509776	1.9735337	1.1626124	-0.3305477	1.8911403	0.8510972	-0.1776004	2.0805539	0.9344394	-0.3493882	1.8383772	0.8639605	-0.1965276	1.9944285	0.9053439	-0.4187798
362	6.0166667	2.0092000	1.4815279	-0.1944200	1.9135500	1.4666079	-0.1269000	1.8282200	1.0982279	-0.1772200	1.9490400	0.7490579	-0.2739600	2.1005100	1.4900279	-0.2583800	2.0877000	1.2044779	-0.3530400	2.0259200	0.8955979	-0.3566500	2.1232500	0.9062879	-0.1520500	2.0592700	0.8830879	-0.0846400	2.0066900	0.5081879	-0.0468400	1.8760100	0.0980279	-0.0911300	2.1858500	0.9299879	-0.2164700	2.2950700	0.5699779	-0.2038800	2.4028500	0.1840979	-0.2240100	2.4426900	0.1922679	-0.2339400	2.4441900	0.1858779	-0.2307100	2.4037400	0.1440979	-0.2137500	2.0517200	0.0468379	-0.0573200	2.0465900	0.0490379	-0.0573400	1.8336800	0.0487379	-0.1002500	1.9705188	1.5053638	-0.1641474	2.0212436	1.4964095	-0.0287909	2.0723669	1.5058888	-0.2746557	2.1437657	1.0009810	-0.0051898	2.2002576	1.0032003	-0.2741971	1.9665572	0.9819884	-0.1265201	1.9901983	0.9849791	-0.2311514	1.9955755	0.4896273	-0.0325629	2.3143157	0.5445335	-0.2910468	2.0173213	0.4920059	-0.1469057	2.3079293	0.5495398	-0.1793729	1.8608797	0.0641590	-0.0669670	2.3893324	0.1229069	-0.2854468	1.8971073	0.0706849	-0.1603509	2.4061944	0.1351390	-0.1955879	1.8052626	0.0289258	-0.1382779	2.3456530	0.0613805	-0.2321042	2.0137584	0.0229552	-0.0909768	2.5389954	0.1473077	-0.2418503	1.9599053	0.0142882	-0.0404670	2.5051583	0.1258739	-0.2957445	2.1213314	0.7271637	0.0070019	2.0681406	0.6340875	0.0149351	2.0066060	0.7578553	0.0225851	2.2622655	0.8166799	-0.3069893	2.2826382	0.7113773	-0.3215421	2.1653240	0.7648133	-0.3470217	1.9537623	0.3583310	-0.0268205	1.9463863	0.2243522	-0.0228752	1.8724878	0.2510832	-0.0283755	2.3398015	0.4166567	-0.3066125	2.3942301	0.2975389	-0.3158656	2.3190930	0.2967511	-0.3175640	2.0665821	0.8987871	-0.0713788	2.1050063	0.8990791	-0.2474274	1.8716093	1.1297879	-0.0819477	2.0632267	1.1813468	-0.4024521	1.8930260	1.1197129	-0.1715378	1.9956699	1.1630221	-0.3426288	1.9128154	0.8489821	-0.2050670	2.0914045	0.9343589	-0.3551105	1.8616704	0.8618049	-0.2228461	2.0099243	0.9042110	-0.4256307
363	6.0333333	2.0353600	1.4779479	-0.1974800	1.9397200	1.4649479	-0.1311300	1.8579300	1.0960579	-0.1818900	1.9811000	0.7569879	-0.2885200	2.1264700	1.4877279	-0.2600100	2.1228300	1.2088979	-0.3631100	2.0413700	0.8910779	-0.3594800	2.1387800	0.9057679	-0.1610100	2.0692600	0.8798279	-0.0964400	2.0213800	0.5164179	-0.0456000	1.8784700	0.1032579	-0.0913400	2.2055500	0.9328279	-0.2225900	2.3109400	0.5778479	-0.2075700	2.4351200	0.1734779	-0.2324600	2.4194100	0.2109879	-0.2398600	2.4279500	0.1972279	-0.2346600	2.4095500	0.1582679	-0.2343100	2.0571100	0.0470679	-0.0543000	2.0525800	0.0495379	-0.0541200	1.8358000	0.0547579	-0.1019000	1.9843081	1.5075083	-0.1803131	2.0277476	1.4996435	-0.0466330	2.0897442	1.5076923	-0.2830325	2.1546958	0.9995694	-0.0117624	2.2212986	1.0046969	-0.2783296	1.9810548	0.9829507	-0.1409449	2.0089283	0.9878049	-0.2444915	2.0095756	0.4899021	-0.0400125	2.3347697	0.5483985	-0.2953707	2.0342176	0.4905431	-0.1537048	2.3264025	0.5546101	-0.1862275	1.8630028	0.0711204	-0.0719385	2.4066359	0.1316095	-0.2913986	1.9021195	0.0749459	-0.1648412	2.4197524	0.1427867	-0.2044976	1.8087511	0.0357753	-0.1435466	2.3647116	0.0701328	-0.2409829	2.0154018	0.0276410	-0.0919124	2.5452228	0.1523907	-0.2466776	1.9606560	0.0206619	-0.0427611	2.5152256	0.1325233	-0.2982709	2.1326057	0.7277009	-0.0001767	2.0799085	0.6350065	0.0079720	2.0168191	0.7582909	0.0115968	2.2798862	0.8183944	-0.3123516	2.3019233	0.7138929	-0.3260701	2.1874165	0.7658815	-0.3532391	1.9634475	0.3604244	-0.0331989	1.9521148	0.2276059	-0.0280072	1.8788693	0.2561641	-0.0353984	2.3605966	0.4217636	-0.3102787	2.4126214	0.3033067	-0.3192190	2.3404415	0.3051438	-0.3227422	2.0786411	0.8976218	-0.0827007	2.1242500	0.8997643	-0.2573918	1.8869448	1.1274624	-0.1000688	2.0858427	1.1838779	-0.4045677	1.9115689	1.1168332	-0.1879536	2.0208944	1.1643972	-0.3538779	1.9396128	0.8483515	-0.2263352	2.1042369	0.9343777	-0.3617587	1.8895486	0.8606081	-0.2425543	2.0279358	0.9042743	-0.4318576
364	6.0500000	2.0628300	1.4745079	-0.2010900	1.9674300	1.4636979	-0.1350500	1.8847700	1.0986179	-0.1857000	2.0093100	0.7724979	-0.3021700	2.1533100	1.4842079	-0.2635000	2.1500200	1.2071679	-0.3679900	2.0582900	0.8862679	-0.3621100	2.1536000	0.9054979	-0.1690900	2.0776600	0.8782379	-0.1067800	2.0391000	0.5256879	-0.0454300	1.8821600	0.1099679	-0.0906100	2.2254600	0.9343479	-0.2283500	2.3264100	0.5921979	-0.2137900	2.4300500	0.2036879	-0.2483500	2.3958300	0.2354479	-0.2496400	2.4067300	0.2186379	-0.2435200	2.4072100	0.1784379	-0.2549700	2.0565100	0.0468979	-0.0547400	2.0522200	0.0498579	-0.0544000	1.8379000	0.0616879	-0.1021700	1.9992818	1.5098042	-0.1957905	2.0350102	1.5028105	-0.0631816	2.1085714	1.5087827	-0.2911652	2.1657697	0.9977866	-0.0176879	2.2418653	1.0062654	-0.2811017	1.9962134	0.9847886	-0.1548681	2.0280199	0.9917413	-0.2571339	2.0258600	0.4907636	-0.0455726	2.3547092	0.5540116	-0.2973831	2.0537366	0.4895666	-0.1580899	2.3448941	0.5615409	-0.1913000	1.8643787	0.0803416	-0.0748683	2.4111758	0.1420305	-0.2986960	1.9069310	0.0806883	-0.1673666	2.4204793	0.1509375	-0.2153054	1.8113663	0.0457963	-0.1466645	2.3702788	0.0824587	-0.2518115	2.0168494	0.0328566	-0.0907623	2.5364471	0.1537674	-0.2539206	1.9611014	0.0283602	-0.0430346	2.5101432	0.1370329	-0.3026688	2.1441901	0.7295872	-0.0059920	2.0926877	0.6370516	0.0023111	2.0274849	0.7591088	0.0012188	2.2961045	0.8212904	-0.3162495	2.3201865	0.7176295	-0.3287765	2.2088148	0.7677546	-0.3573612	1.9747398	0.3637106	-0.0371139	1.9584081	0.2322493	-0.0308073	1.8859080	0.2631523	-0.0403474	2.3777558	0.4283953	-0.3122686	2.4232650	0.3095927	-0.3219646	2.3549534	0.3165268	-0.3271959	2.0903576	0.8967760	-0.0934295	2.1426223	0.9011150	-0.2664274	1.9051067	1.1254361	-0.1145406	2.1095357	1.1856791	-0.4052870	1.9313923	1.1143795	-0.2004617	2.0473896	1.1650751	-0.3635513	1.9676053	0.8488428	-0.2420828	2.1178059	0.9334809	-0.3679735	1.9188807	0.8599396	-0.2574565	2.0469937	0.9044383	-0.4363516
365	6.0666667	2.0884900	1.4715779	-0.2061400	1.9945800	1.4615879	-0.1406800	1.9111400	1.0975479	-0.1885900	2.0358800	0.7859479	-0.3139200	2.1774100	1.4810879	-0.2681900	2.1622700	1.1947179	-0.3619000	2.0763500	0.8806479	-0.3643900	2.1685400	0.9038479	-0.1755200	2.0884900	0.8755179	-0.1151600	2.0591800	0.5313379	-0.0491300	1.8875400	0.1163079	-0.0888900	2.2442000	0.9324979	-0.2328800	2.3389400	0.6082679	-0.2213900	2.4292600	0.2151779	-0.2540700	2.4110100	0.2142479	-0.2421700	2.4243100	0.1954979	-0.2360000	2.4028800	0.2010679	-0.2695100	2.0565600	0.0462379	-0.0561400	2.0527300	0.0490679	-0.0557900	1.8388900	0.0697579	-0.1002400	2.0152528	1.5105860	-0.2089187	2.0440149	1.5043592	-0.0762383	2.1285418	1.5078443	-0.2985091	2.1776300	0.9938470	-0.0221281	2.2624078	1.0057998	-0.2820650	2.0123093	0.9852675	-0.1672192	2.0476354	0.9941919	-0.2681815	2.0441144	0.4905238	-0.0477877	2.3753887	0.5590159	-0.2956978	2.0758019	0.4875283	-0.1584461	2.3640953	0.5677929	-0.1924399	1.8651808	0.0886331	-0.0748805	2.4102324	0.1505886	-0.3046233	1.9112759	0.0851648	-0.1670476	2.4155079	0.1565286	-0.2242662	1.8131973	0.0557797	-0.1466556	2.3691340	0.0944614	-0.2617052	2.0176972	0.0354476	-0.0873965	2.5224667	0.1495868	-0.2590636	1.9610208	0.0340514	-0.0410597	2.4995529	0.1369606	-0.3054076	2.1562249	0.7310358	-0.0095513	2.1063970	0.6383893	-0.0009503	2.0390629	0.7586386	-0.0075480	2.3128305	0.8234985	-0.3177358	2.3391022	0.7205467	-0.3287291	2.2304321	0.7684738	-0.3592241	1.9876837	0.3659503	-0.0373966	1.9653644	0.2357071	-0.0303380	1.8938654	0.2694624	-0.0420046	2.3941823	0.4340388	-0.3111358	2.4313898	0.3139798	-0.3219568	2.3668279	0.3271066	-0.3293005	2.1026394	0.8946616	-0.1026113	2.1607510	0.9013174	-0.2737563	1.9258756	1.1222330	-0.1252649	2.1326147	1.1845411	-0.4031675	1.9527276	1.1106507	-0.2085950	2.0737768	1.1630009	-0.3698820	1.9957114	0.8490121	-0.2530533	2.1318672	0.9302739	-0.3719453	1.9497374	0.8583720	-0.2685997	2.0662364	0.9030079	-0.4375674
366	6.0833333	2.1113700	1.4681979	-0.2109800	2.0215300	1.4587179	-0.1474500	1.9378800	1.0981879	-0.1915900	2.0663400	0.7816279	-0.3216200	2.1965900	1.4773079	-0.2713800	2.1624700	1.1834179	-0.3479700	2.0937600	0.8779079	-0.3665000	2.1854200	0.9008779	-0.1810900	2.1056200	0.8724479	-0.1225700	2.0807100	0.5340079	-0.0572000	1.8938800	0.1258179	-0.0857700	2.2607100	0.9296979	-0.2367500	2.3502500	0.6187979	-0.2274700	2.3801200	0.2942479	-0.2876000	2.3888400	0.2338179	-0.2489000	2.4005300	0.2226079	-0.2464500	2.3515400	0.2959279	-0.3137700	2.0581100	0.0481379	-0.0557800	2.0541800	0.0514079	-0.0553700	1.8420000	0.0798379	-0.0964200	2.0352542	1.5096942	-0.2197618	2.0575890	1.5039453	-0.0858382	2.1524388	1.5041016	-0.3043866	2.1928746	0.9876679	-0.0233746	2.2861592	1.0046511	-0.2829074	2.0298724	0.9877483	-0.1787852	2.0686230	0.9995963	-0.2797110	2.0647876	0.4885924	-0.0453370	2.4025448	0.5686937	-0.2907019	2.1017767	0.4836604	-0.1541792	2.3889655	0.5791966	-0.1895565	1.8675778	0.0973925	-0.0727906	2.3994422	0.1745600	-0.3165367	1.9180417	0.0893727	-0.1638760	2.3997087	0.1754391	-0.2390372	1.8162644	0.0676429	-0.1443536	2.3552254	0.1235392	-0.2792459	2.0209529	0.0359216	-0.0817571	2.4969537	0.1559616	-0.2698936	1.9625718	0.0386366	-0.0369232	2.4778534	0.1496272	-0.3147030	2.1696626	0.7318612	-0.0093031	2.1217185	0.6385475	-0.0003239	2.0513592	0.7566323	-0.0141578	2.3332860	0.8294189	-0.3179018	2.3629534	0.7273437	-0.3267520	2.2560026	0.7701632	-0.3605581	2.0030281	0.3676004	-0.0338050	1.9740606	0.2389197	-0.0264330	1.9038826	0.2756069	-0.0406492	2.4129892	0.4476325	-0.3086291	2.4367113	0.3283700	-0.3235238	2.3770764	0.3503916	-0.3330598	2.1166074	0.8914211	-0.1104999	2.1803726	0.9014619	-0.2812762	1.9508090	1.1176422	-0.1333006	2.1535148	1.1812200	-0.3979651	1.9773646	1.1054360	-0.2130531	2.0991003	1.1588920	-0.3725282	2.0250371	0.8483687	-0.2615684	2.1463674	0.9255401	-0.3733709	1.9838141	0.8556555	-0.2771055	2.0851979	0.9003139	-0.4352901
367	6.1000000	2.1313900	1.4648679	-0.2139200	2.0488100	1.4562279	-0.1546500	1.9661200	1.0984379	-0.1958900	2.0927500	0.7834879	-0.3291600	2.2100200	1.4733679	-0.2705000	2.1600200	1.1717479	-0.3324700	2.1120500	0.8731179	-0.3676300	2.2065900	0.8952879	-0.1872100	2.1297600	0.8689279	-0.1305800	2.1037000	0.5358879	-0.0677400	1.9025900	0.1377179	-0.0824200	2.2783200	0.9246979	-0.2412300	2.3600000	0.6264879	-0.2316600	2.3601800	0.3325279	-0.2997100	2.3841800	0.2274279	-0.2452700	2.3808400	0.2451379	-0.2554200	2.3357400	0.3365579	-0.3267100	2.0584800	0.0534379	-0.0537600	2.0546600	0.0570879	-0.0532600	1.8484800	0.0944579	-0.0925500	2.0598414	1.5055304	-0.2282060	2.0765607	1.5002202	-0.0938502	2.1799485	1.4973733	-0.3086119	2.2146750	0.9768196	-0.0243434	2.3142127	1.0002316	-0.2832889	2.0515090	0.9894516	-0.1903296	2.0928611	1.0045334	-0.2913045	2.0907173	0.4837984	-0.0383785	2.4365171	0.5816582	-0.2831321	2.1352570	0.4762657	-0.1443379	2.4202126	0.5942597	-0.1823819	1.8739958	0.1045161	-0.0680841	2.3851358	0.2119047	-0.3307810	1.9293412	0.0908770	-0.1569810	2.3797864	0.2060292	-0.2548790	1.8239991	0.0793850	-0.1393917	2.3358948	0.1660041	-0.2996920	2.0261382	0.0311666	-0.0737271	2.4672120	0.1742027	-0.2821682	1.9658757	0.0394481	-0.0309696	2.4525198	0.1752944	-0.3269093	2.1864584	0.7313362	-0.0070040	2.1406989	0.6366741	0.0028392	2.0675664	0.7523337	-0.0209944	2.3589577	0.8373354	-0.3181562	2.3926915	0.7363805	-0.3241553	2.2857970	0.7711746	-0.3627743	2.0237756	0.3668071	-0.0262082	1.9871607	0.2398624	-0.0189371	1.9190592	0.2800445	-0.0364000	2.4360441	0.4676720	-0.3049299	2.4433266	0.3511845	-0.3250307	2.3889936	0.3841157	-0.3372780	2.1355014	0.8858039	-0.1192133	2.2028275	0.9001601	-0.2891910	1.9804187	1.1107347	-0.1413020	2.1731138	1.1745583	-0.3909483	2.0061394	1.0977868	-0.2164725	2.1245640	1.1514381	-0.3725852	2.0559501	0.8458373	-0.2701921	2.1626544	0.9183652	-0.3733025	2.0214753	0.8506739	-0.2860107	2.1050553	0.8952343	-0.4307736
